Grid reference,Species (Combined with Common Names & Counts)
**ST**,"`NBNSYS0000006842 [Field Grasshopper], NBNSYS0000006959, NBNSYS0000007052, NBNSYS0000008526, NBNSYS0000011206 [Alder Leaf Beetle], NBNSYS0000036475 [Grey-cushioned Grimmia], NHMSYS0000332764 [Grey Squirrel], NHMSYS0000712592 [Harlequin Ladybird], NHMSYS0020109266 [Green Shieldbug], NHMSYS0020309113, NHMSYS0020309147, NHMSYS0020309271 [Box Bug], NHMSYS0020752279 [Long-winged Cone-head]`"
**ST55117532**,"`NBNSYS0000006446, NBNSYS0000006916 [Marmalade Hoverfly], NBNSYS0000007069 [Greater Bulb-Fly], NBNSYS0000007116, NBNSYS0000033260`"
**ST55137528**,`NHMSYS0021122529`
**ST55147528**,`NBNSYS0000007052`
**ST55157544**,`NBNSYS0000008324 [7-spot Ladybird]`
**ST551742**,"`NBNSYS0000022259 [Wall Scalewort], NBNSYS0000036132 [Bank Haircap], NBNSYS0000036745 [Crisped Neckera], NBNSYS0000036884 [Common Striated Feather-moss], NBNSYS0000036948 [Chalk Comb-moss], NBNSYS0100005429 [Thickpoint Grimmia], NHMSYS0000310101 [Larger Mouse-tail Moss], NHMSYS0021597947 [Slender Mouse-tail Moss]`"
**ST551743**,`NHMSYS0000875595 [Buff-tailed Bumblebee]`
**ST551745**,"`NBNSYS0100005429 [Thickpoint Grimmia], NHMSYS0000309875 [Petty Pocket-moss], NHMSYS0020695905 [Matted Feather-moss]`"
**ST551751**,`NHMSYS0000080156 [Great Crested Newt(2)]`
**ST551752**,`NBNSYS0000030365 [Locust Blowfly]`
**ST551754**,"`NBNSYS0000005637 [Broad-bodied Chaser], NBNSYS0000006862, NBNSYS0000006916 [Marmalade Hoverfly], NBNSYS0000006985, NBNSYS0000007047, NBNSYS0000007052, NBNSYS0000007054, NBNSYS0000007057, NBNSYS0000007061 [Batman Hoverfly], NBNSYS0000007095, NBNSYS0000007110, NBNSYS0000007115`"
**ST551760**,`NHMSYS0001701949 [Brown-lipped Snail]`
**ST55197546**,`NBNSYS0000007061 [Batman Hoverfly]`
**ST55207520**,`NBNSYS0000007007`
**ST55207524**,`NBNSYS0000006933`
**ST55217481**,`NHMSYS0021616456 [Silky Wall Feather-moss]`
**ST55217518**,`NBNSYS0000007061 [Batman Hoverfly]`
**ST55217519**,`NBNSYS0000006916 [Marmalade Hoverfly]`
**ST55217525**,`NBNSYS0000006916 [Marmalade Hoverfly]`
**ST55227518**,`NBNSYS0000007054`
**ST55237516**,"`NBNSYS0000006446, NBNSYS0000007052, NBNSYS0000007054`"
**ST55247546**,"`NBNSYS0000007825 [Broad Centurion], NBNSYS0000007890 [Band-eyed Brown Horsefly], NBNSYS0000007942 [Dotted Bee-fly], NBNSYS0000007943 [Dark-edged Bee-fly(2)]`"
**ST552743**,"`NBNSYS0000007874 [Notch-horned Cleg(5)], NBNSYS0000007881 [Bright Horsefly], NHMSYS0020109270(2)`"
**ST552745**,`NBNSYS0000006871`
**ST552746**,"`NBNSYS0000022259 [Wall Scalewort(2)], NBNSYS0000035781 [Common Pouchwort(2)], NBNSYS0000035994 [Micheli's Least Pouncewort(2)], NBNSYS0000036124 [Pellucid Four-tooth Moss(2)], NBNSYS0000036132 [Bank Haircap(2)], NBNSYS0000036216 [Silky Forklet-moss(2)], NBNSYS0000036217 [Common Pincushion(2)], NBNSYS0000036227 [Broom Fork-moss(2)], NBNSYS0000036236 [Mountain Fork-moss(2)], NBNSYS0000036261 [Heath Star Moss(2)], NBNSYS0000036272 [Short-leaved Pocket-moss(2)], NBNSYS0000036284 [Common Pocket-moss(2)], NBNSYS0000036310 [Wall Screw-moss(2)], NBNSYS0000036367 [Bird's-claw Beard-moss(2)], NBNSYS0000036403 [Green-tufted Stubble-moss(2)], NBNSYS0000036429 [Frizzled Crisp-moss(2)], NBNSYS0000036553 [Nodding Thread-moss(2)], NBNSYS0000036600 [Capillary Thread-moss(2)], NBNSYS0000036639 [Crimson-tuber Thread-moss(2)], NBNSYS0000036641 [Swan's-neck Thyme-moss(2)], NBNSYS0000036715 [White-tipped Bristle-moss(2)], NBNSYS0000036790 [Fern-leaved Hook-moss(2)], NBNSYS0000036875 [Hair-pointed Feather-moss(2)], NBNSYS0000036901 [Tender Feather-moss], NBNSYS0000036948 [Chalk Comb-moss(2)], NBNSYS0000146093 [Dusky Beard-moss(2)], NBNSYS0000146098 [Wavy Beard-moss(2)], NBNSYS0000147421 [Rock Pocket-moss(2)], NBNSYS0000149724 [Common Feather-moss(2)], NBNSYS0000150326 [Kneiff's Feather-moss(2)], NBNSYS0000157386(2), NBNSYS0000158779 [Bruch's Pincushion(2)], NHMSYS0000309281, NHMSYS0000309344 [Greasewort(2)], NHMSYS0000309356 [Rambling Tail-moss(2)], NHMSYS0000309469 [Red Beard-moss(2)], NHMSYS0000309488 [Dune Thread-moss(2)], NHMSYS0000309660 [Bifid Crestwort(2)], NHMSYS0000309666 [Variable-leaved Crestwort(2)], NHMSYS0000309777 [Perthshire Beard-moss(2)], NHMSYS0000310151 [Creeping Fingerwort(2)], NHMSYS0000310185 [Forked Veilwort(2)], NHMSYS0000310190 [Fairy Beads(2)], NHMSYS0000310230 [Flat Neckera(2)], NHMSYS0000310292 [Greater Featherwort(2)], NHMSYS0000310316 [Hart's-tongue Thyme-moss(2)], NHMSYS0000310329 [Woodsy Silk-moss], NHMSYS0000310421 [Overleaf Pellia(2)], NHMSYS0000310514 [Elegant Silk-moss(2)], NHMSYS0000310569 [Dotted Thyme-moss(2)], NHMSYS0000310582 [Green Yoke-moss(2)], NHMSYS0000310728 [Depressed Feather-moss(2)], NHMSYS0000310748 [Fox-tail Feather-moss], NHMSYS0020636802, NHMSYS0020695869 [Supine Plait-moss(2)], NHMSYS0020695887 [Swartz's Feather-moss(2)], NHMSYS0020695943(2), NHMSYS0021195217 [Beech Feather-moss(2)], NHMSYS0021593117, NHMSYS0021593122 [Curled Hook-moss], NHMSYS0021595332 [Dwarf Feather-moss(2)], NHMSYS0021597992 [Large White-moss(2)], NHMSYS0021600157 [Lesser Featherwort], NHMSYS0021601247 [Wood Bristle-moss(2)], NHMSYS0021616456 [Silky Wall Feather-moss(2)], NHMSYS0021616481 [Creeping Feather-moss(2)], NHMSYS0021616486 [Clustered Feather-moss(2)], NHMSYS0021616511 [Blunt Feather-moss(2)], NHMSYS0021616556 [Dented Silk-moss], NHMSYS0021616561 [Swamp Silk-moss], NHMSYS0021616586 [Common Tamarisk-moss(2)], NHMSYS0021616631 [Rough-stalked Feather-moss(2)], NHMSYS0021635335 [Variable Forklet-moss]`"
**ST552750**,`NBNSYS0000007054`
**ST552751**,"`NBNSYS0000006916 [Marmalade Hoverfly], NHMSYS0020109255 [Dock Bug]`"
**ST552752**,"`NBNSYS0000011542 [Garden Chafer], NHMSYS0021196476`"
**ST552754**,"`NBNSYS0000005630 [Emperor Dragonfly], NBNSYS0000006203(2), NBNSYS0000006446, NBNSYS0000006916 [Marmalade Hoverfly], NBNSYS0000006985, NBNSYS0000007052, NBNSYS0000007057, NBNSYS0000007061 [Batman Hoverfly], NHMSYS0020482224 [Common Sedge-sawfly], NHMSYS0020977054, NHMSYS0021196425`"
**ST552755**,"`NBNSYS0000005599 [Large Red Damselfly], NBNSYS0000005606 [Azure Damselfly]`"
**ST552761**,`NBNSYS0000030037`
**ST552762**,`NBNSYS0000030074`
**ST55277506**,`NBNSYS0000008324 [7-spot Ladybird]`
**ST55297618**,`NBNSYS0000007110`
**ST55307505**,"`NBNSYS0000007110, NBNSYS0000007111`"
**ST55307544**,`NBNSYS0000007901 [Kite-tailed Robberfly]`
**ST55307621**,`NBNSYS0000008324 [7-spot Ladybird]`
**ST55317622**,`NBNSYS0000008319 [2-spot Ladybird]`
**ST55327503**,`NBNSYS0000007054`
**ST55337540**,`NHMSYS0001702106 [Kentish Snail]`
**ST55337544**,"`NBNSYS0000006916 [Marmalade Hoverfly], NBNSYS0000007061 [Batman Hoverfly]`"
**ST55347380**,`NHMSYS0020826431 [Hairy Snail]`
**ST55357543**,`NHMSYS0020309777`
**ST55367498**,`NBNSYS0000007942 [Dotted Bee-fly]`
**ST553738**,"`NBNSYS0000036712 [Straw Bristle-moss], NBNSYS0000036714 [Slender Bristle-moss], NBNSYS0000036901 [Tender Feather-moss], NBNSYS0000149724 [Common Feather-moss], NHMSYS0000309356 [Rambling Tail-moss], NHMSYS0000310185 [Forked Veilwort], NHMSYS0000310576 [Lesser Yoke-moss], NHMSYS0000310582 [Green Yoke-moss], NHMSYS0000310748 [Fox-tail Feather-moss], NHMSYS0020695881 [Blueish Veilwort], NHMSYS0020695887 [Swartz's Feather-moss], NHMSYS0021195217 [Beech Feather-moss], NHMSYS0021595332 [Dwarf Feather-moss], NHMSYS0021597942 [Minute Pouncewort], NHMSYS0021600167 [Common Smoothcap], NHMSYS0021601247 [Wood Bristle-moss], NHMSYS0021616481 [Creeping Feather-moss], NHMSYS0021616631 [Rough-stalked Feather-moss]`"
**ST553746**,`NHMSYS0001717493(2)`
**ST553749**,"`NBNSYS0000006446, NBNSYS0000006871, NBNSYS0000006916 [Marmalade Hoverfly], NBNSYS0000007007, NBNSYS0000007054, NBNSYS0000007110`"
**ST553753**,"`NBNSYS0000003322 [Raspberry], NBNSYS0000006727 [Leopard Slug]`"
**ST553754**,"`NBNSYS0000005606 [Azure Damselfly], NBNSYS0000005630 [Emperor Dragonfly], NBNSYS0000005637 [Broad-bodied Chaser], NBNSYS0000005645 [Common Darter(2)], NBNSYS0000006871, NBNSYS0000006916 [Marmalade Hoverfly], NBNSYS0000006964, NBNSYS0000006984, NBNSYS0000007019, NBNSYS0000007052(2), NBNSYS0000007057, NBNSYS0000007115, NHMSYS0020109255 [Dock Bug], NHMSYS0020109258, NHMSYS0020109270`"
**ST553755**,"`NBNSYS0000005599 [Large Red Damselfly], NBNSYS0000005606 [Azure Damselfly], NBNSYS0000007473, NBNSYS0000030116(3)`"
**ST553758**,"`NHMSYS0000530633 [Blackcap], NHMSYS0001688296 [Blue Tit]`"
**ST553762**,`NBNSYS0000007825 [Broad Centurion]`
**ST553763**,`NBNSYS0000005616 [Beautiful Demoiselle]`
**ST553766**,`NHMSYS0020152181 [Green Dock Beetle]`
**ST55387556**,`NHMSYS0020705811 [Cuckoo-Spit Insect]`
**ST55387637**,`NBNSYS0000006203`
**ST55397545**,`NBNSYS0000006871`
**ST55407370**,`NHMSYS0001701949 [Brown-lipped Snail]`
**ST5540876419**,`NBNSYS0000022335 [Square-Tailed Worm]`
**ST55427542**,`NHMSYS0001702106 [Kentish Snail]`
**ST55427713**,`NHMSYS0000876769 [Hornet]`
**ST554731**,`NBNSYS0100000127`
**ST554733**,"`NBNSYS0000036296 [Spiral Extinguisher-moss], NBNSYS0000147421 [Rock Pocket-moss]`"
**ST554735**,`NBNSYS0000036261 [Heath Star Moss]`
**ST554736**,"`NBNSYS0000036132 [Bank Haircap], NHMSYS0021616586 [Common Tamarisk-moss]`"
**ST554754**,"`NBNSYS0000005602 [Common Blue Damselfly], NBNSYS0000005606 [Azure Damselfly], NBNSYS0000005625 [Brown Hawker], NBNSYS0000005626 [Southern Hawker], NBNSYS0000005637 [Broad-bodied Chaser], NBNSYS0000005639 [Four-spotted Chaser], NBNSYS0000005645 [Common Darter(2)], NBNSYS0000008332 [Orange Ladybird], NHMSYS0000344179 [Blue-tailed Damselfly(2)], NHMSYS0001702159(2), NHMSYS0020309198 [Birch Shieldbug], NHMSYS0020480770 [Broad-barred Fusehorn], NHMSYS0020528135 [White-lipped Snail], NHMSYS0021321545, NHMSYS0021583970 [Meadow Grasshopper]`"
**ST554755**,"`NBNSYS0000007061 [Batman Hoverfly], NBNSYS0000030131(2), NHMSYS0020152181 [Green Dock Beetle]`"
**ST554756**,`NBNSYS0000008330 [14-spot Ladybird]`
**ST554760**,`NHMSYS0000876769 [Hornet]`
**ST554764**,"`NHMSYS0020109266 [Green Shieldbug], NHMSYS0021055602 [Jenkins' Spire Snail]`"
**ST554766**,"`NBNSYS0000005616 [Beautiful Demoiselle], NBNSYS0000006912`"
**ST554767**,`NBNSYS0000003189 [Himalayan Balsam(2)]`
**ST554768**,`NHMSYS0000462335 [Japanese Knotweed(2)]`
**ST554769**,`NHMSYS0000462335 [Japanese Knotweed]`
**ST554770**,`NHMSYS0000462335 [Japanese Knotweed(3)]`
**ST55477540**,"`NBNSYS0000005602 [Common Blue Damselfly], NBNSYS0000005645 [Common Darter], NHMSYS0000344179 [Blue-tailed Damselfly]`"
**ST55487564**,`NBNSYS0000007054`
**ST55497550**,`NBNSYS0000005641 [Black-tailed Skimmer]`
**ST55497634**,"`NBNSYS0000006951, NBNSYS0000033260`"
**ST55497727**,"`NBNSYS0000005630 [Emperor Dragonfly], NBNSYS0000005637 [Broad-bodied Chaser]`"
**ST55527317**,`NHMSYS0000876769 [Hornet]`
**ST55527516**,`NHMSYS0000875595 [Buff-tailed Bumblebee]`
**ST555729**,"`NBNSYS0000036124 [Pellucid Four-tooth Moss], NBNSYS0000036641 [Swan's-neck Thyme-moss], NHMSYS0000309660 [Bifid Crestwort], NHMSYS0000310151 [Creeping Fingerwort]`"
**ST555730**,"`NBNSYS0000036790 [Fern-leaved Hook-moss], NBNSYS0000143447 [Pointed Spear-moss], NHMSYS0000876221 [Brown Tree Ant]`"
**ST555731**,"`NBNSYS0000007097, NBNSYS0000008459(2), NHMSYS0000377644, NHMSYS0001702070 [Green Cellar Slug]`"
**ST555732**,`NBNSYS0000036628 [Silver-moss]`
**ST555733**,"`NBNSYS0000154158 [Lesser Striated Feather-moss], NHMSYS0000310329 [Woodsy Silk-moss], NHMSYS0021601287 [Lyell's Bristle-moss]`"
**ST555737**,`NHMSYS0021597992 [Large White-moss]`
**ST555740**,"`NBNSYS0000007036, NBNSYS0000007096`"
**ST555744**,"`NHMSYS0001387418 [Oak Bush-cricket], NHMSYS0001387435 [Dark Bush-cricket]`"
**ST555754**,`NBNSYS0000007874 [Notch-horned Cleg(2)]`
**ST555755**,"`NBNSYS0000005606 [Azure Damselfly(2)], NHMSYS0000344179 [Blue-tailed Damselfly(2)]`"
**ST555768**,`NHMSYS0000462335 [Japanese Knotweed]`
**ST555770**,"`NBNSYS0000008319 [2-spot Ladybird], NBNSYS0000008320 [10-spot Ladybird], NBNSYS0000008324 [7-spot Ladybird], NBNSYS0000008329 [Cream-spot Ladybird], NBNSYS0000008330 [14-spot Ladybird], NHMSYS0020109266 [Green Shieldbug]`"
**ST555772**,`NBNSYS0000007097`
**ST555773**,`NHMSYS0020528135 [White-lipped Snail]`
**ST555774**,"`NBNSYS0000006456, NBNSYS0000006916 [Marmalade Hoverfly], NBNSYS0000007057, NBNSYS0000008324 [7-spot Ladybird(2)], NBNSYS0000008330 [14-spot Ladybird], NBNSYS0000011206 [Alder Leaf Beetle], NHMSYS0020109266 [Green Shieldbug], NHMSYS0020151686 [Rosemary Beetle], NHMSYS0020705811 [Cuckoo-Spit Insect]`"
**ST55577425**,`NBNSYS0000013902`
**ST55587741**,`NHMSYS0020528135 [White-lipped Snail]`
**ST55597740**,"`NHMSYS0001701949 [Brown-lipped Snail], NHMSYS0020302077, NHMSYS0020528153 [Common Garden Snail]`"
**ST55597741**,"`NBNSYS0000007061 [Batman Hoverfly], NHMSYS0001701949 [Brown-lipped Snail]`"
**ST55597742**,`NBNSYS0000008330 [14-spot Ladybird]`
**ST55607742**,`NHMSYS0020528268 [Round-mouthed Snail]`
**ST55617317**,`NBNSYS0000007943 [Dark-edged Bee-fly]`
**ST55617320**,`NHMSYS0000310080 [Cypress-leaved Plait-moss]`
**ST55627495**,`NHMSYS0020705811 [Cuckoo-Spit Insect]`
**ST55627502**,`NHMSYS0000875177 [Ashy Mining Bee]`
**ST55647316**,`NBNSYS0000011004`
**ST556730**,"`NBNSYS0000036124 [Pellucid Four-tooth Moss], NHMSYS0000310151 [Creeping Fingerwort], NHMSYS0000876769 [Hornet], NHMSYS0021342544`"
**ST556731**,"`NBNSYS0000005645 [Common Darter], NBNSYS0000007943 [Dark-edged Bee-fly], NHMSYS0000310151 [Creeping Fingerwort], NHMSYS0020109266 [Green Shieldbug(2)], NHMSYS0020758428(4), NHMSYS0021595362 [Wood-rust]`"
**ST556732**,"`BMSSYS0000049685, BMSSYS0000534141, NBNSYS0000005626 [Southern Hawker(2)], NBNSYS0000015513, NBNSYS0000018480 [Oak Moss], NBNSYS0000018905 [Netted Shield Lichen], NBNSYS0000018934, NBNSYS0000018986, NBNSYS0000018987, NBNSYS0000036296 [Spiral Extinguisher-moss], NBNSYS0000154158 [Lesser Striated Feather-moss], NHMSYS0000310582 [Green Yoke-moss], NHMSYS0000332764 [Grey Squirrel(2)], NHMSYS0001489123, NHMSYS0001501925 [Common Orange Lichen], NHMSYS0020039387, NHMSYS0021597942 [Minute Pouncewort]`"
**ST556733**,"`NBNSYS0000005626 [Southern Hawker], NBNSYS0000005630 [Emperor Dragonfly], NBNSYS0000036948 [Chalk Comb-moss], NBNSYS0100004720 [Soprano Pipistrelle], NHMSYS0000080185 [Leisler's Bat], NHMSYS0020001355 [Common Pipistrelle], NHMSYS0021949415 [Eurasian Serotine]`"
**ST556734**,"`NBNSYS0000013844, NBNSYS0000013859, NBNSYS0000013860, NHMSYS0021898013 [Common Earwig]`"
**ST556735**,`NHMSYS0000462067 [Primrose]`
**ST556738**,"`NBNSYS0000008324 [7-spot Ladybird], NBNSYS0000013861, NBNSYS0000013862`"
**ST556742**,`NBNSYS0000005599 [Large Red Damselfly]`
**ST556747**,`NBNSYS0000136210`
**ST556752**,"`NBNSYS0000005626 [Southern Hawker], NBNSYS0000005630 [Emperor Dragonfly]`"
**ST556755**,"`NBNSYS0000005599 [Large Red Damselfly], NBNSYS0000005606 [Azure Damselfly], NBNSYS0000005617 [Banded Demoiselle], NBNSYS0000005625 [Brown Hawker], NBNSYS0000005626 [Southern Hawker], NBNSYS0000005630 [Emperor Dragonfly], NBNSYS0000005632 [Downy Emerald], NBNSYS0000005637 [Broad-bodied Chaser], NBNSYS0000005639 [Four-spotted Chaser], NBNSYS0000005641 [Black-tailed Skimmer], NBNSYS0000005645 [Common Darter], NBNSYS0000005650 [Ruddy Darter], NBNSYS0000013862, NHMSYS0000344179 [Blue-tailed Damselfly], NHMSYS0021178904`"
**ST556772**,`NBNSYS0000000006 [Grey Heron]`
**ST556774**,"`NBNSYS0000007054, NBNSYS0000007110, NBNSYS0000008324 [7-spot Ladybird(2)], NHMSYS0000875423 [Western Honey Bee(2)], NHMSYS0000875570 [White-tailed Bumblebee], NHMSYS0000875595 [Buff-tailed Bumblebee(2)]`"
**ST556776**,`NBNSYS0000005627 [Migrant Hawker]`
**ST55687309**,`NHMSYS0000356752 [Common Neobisid]`
**ST5573**,"`BMSSYS0000001357, BMSSYS0000001474, BMSSYS0000002547, BMSSYS0000003784, BMSSYS0000006758, BMSSYS0000010292, BMSSYS0000043328, BMSSYS0000043742, BMSSYS0000043743, BMSSYS0000046957, BMSSYS0000047589, BMSSYS0000047935, BMSSYS0000048296, BMSSYS0000049685, BMSSYS0000052412, BMSSYS0000533587, BMSSYS0000533914, BMSSYS0000533917, BMSSYS0000534050(2), BMSSYS0000534107, BMSSYS0000534141, MM0001Z1V30791ZB, NBNSYS0000000038 [Herring Gull], NBNSYS0000002161 [Lily-of-the-valley], NBNSYS0000002185 [Bluebell], NBNSYS0000002205 [Ramsons], NBNSYS0000002289 [Broad-leaved Helleborine], NBNSYS0000002449 [Fingered Sedge], NBNSYS0000002694 [Green Hellebore], NBNSYS0000002700 [Wood Anemone], NBNSYS0000002742 [Columbine], NBNSYS0000002874 [Narrow-leaved Bitter-cress], NBNSYS0000002953 [Tutsan], NBNSYS0000003417 [Wild Cherry], NBNSYS0000003438 [Rowan], NBNSYS0000003448 [Common Whitebeam], NBNSYS0000003460 [Wild Service-tree], NBNSYS0000003531 [Spurge-laurel], NBNSYS0000003741 [Wood Spurge], NBNSYS0000003949 [Ash], NBNSYS0000004169 [Toothwort], NBNSYS0000004322 [Wild Madder], NBNSYS0000004638 [Yew(2)], NBNSYS0000005081 [Common Shrew(2)], NBNSYS0000005599 [Large Red Damselfly(2)], NBNSYS0000005602 [Common Blue Damselfly(4)], NBNSYS0000005606 [Azure Damselfly(4)], NBNSYS0000005626 [Southern Hawker(8)], NBNSYS0000005630 [Emperor Dragonfly], NBNSYS0000005645 [Common Darter(3)], NBNSYS0000006727 [Leopard Slug], NBNSYS0000006842 [Field Grasshopper(2)], NBNSYS0000006866, NBNSYS0000006869, NBNSYS0000006871(2), NBNSYS0000006883, NBNSYS0000006885, NBNSYS0000006912, NBNSYS0000006916 [Marmalade Hoverfly], NBNSYS0000006919, NBNSYS0000006927, NBNSYS0000006933, NBNSYS0000006984, NBNSYS0000006998, NBNSYS0000007007, NBNSYS0000007009, NBNSYS0000007047, NBNSYS0000007052(3), NBNSYS0000007054, NBNSYS0000007057, NBNSYS0000007065, NBNSYS0000007069 [Greater Bulb-Fly], NBNSYS0000007088, NBNSYS0000007089, NBNSYS0000007096(4), NBNSYS0000007097, NBNSYS0000007101, NBNSYS0000007106, NBNSYS0000007115(2), NBNSYS0000007116(2), NBNSYS0000007211, NBNSYS0000007302(7), NBNSYS0000007820 [Dark-winged Black(2)], NBNSYS0000007825 [Broad Centurion], NBNSYS0000007943 [Dark-edged Bee-fly(7)], NBNSYS0000007946 [Downland Villa(2)], NBNSYS0000007980(3), NBNSYS0000008025(2), NBNSYS0000008132(3), NBNSYS0000008235, NBNSYS0000008312 [Pine Ladybird], NBNSYS0000008319 [2-spot Ladybird(2)], NBNSYS0000008320 [10-spot Ladybird(3)], NBNSYS0000008324 [7-spot Ladybird(9)], NBNSYS0000008329 [Cream-spot Ladybird(4)], NBNSYS0000008330 [14-spot Ladybird(11)], NBNSYS0000008332 [Orange Ladybird(3)], NBNSYS0000008334 [22-spot Ladybird], NBNSYS0000008467, NBNSYS0000008485, NBNSYS0000010909(3), NBNSYS0000010948, NBNSYS0000010951(2), NBNSYS0000010972(6), NBNSYS0000010974, NBNSYS0000010975(3), NBNSYS0000010980, NBNSYS0000011002(2), NBNSYS0000011004(10), NBNSYS0000011005, NBNSYS0000011045 [Wasp Beetle(3)], NBNSYS0000011047(3), NBNSYS0000011062 [Lime Beetle(3)], NBNSYS0000011104(2), NBNSYS0000011177, NBNSYS0000011228, NBNSYS0000011250, NBNSYS0000011276, NBNSYS0000011313, NBNSYS0000011449 [Lesser Stag Beetle(2)], NBNSYS0000011450 [Rhinoceros Beetle(5)], NBNSYS0000011538 [Common Cockchafer], NBNSYS0000011606, NBNSYS0000011622, NBNSYS0000011679, NBNSYS0000011699, NBNSYS0000011753(2), NBNSYS0000011755, NBNSYS0000011775(2), NBNSYS0000011776, NBNSYS0000011778, NBNSYS0000011783, NBNSYS0000011811(2), NBNSYS0000011816, NBNSYS0000011859, NBNSYS0000011894, NBNSYS0000011909, NBNSYS0000011911(2), NBNSYS0000011930, NBNSYS0000011945, NBNSYS0000011978, NBNSYS0000011993, NBNSYS0000012002, NBNSYS0000012013, NBNSYS0000012021, NBNSYS0000012023, NBNSYS0000012030, NBNSYS0000012034, NBNSYS0000012036, NBNSYS0000012049, NBNSYS0000012055(2), NBNSYS0000012078, NBNSYS0000012085, NBNSYS0000012087, NBNSYS0000012095, NBNSYS0000012256, NBNSYS0000012356, NBNSYS0000012887, NBNSYS0000012946(2), NBNSYS0000012949, NBNSYS0000012951(2), NBNSYS0000012954(2), NBNSYS0000012956(3), NBNSYS0000013020, NBNSYS0000016934, NBNSYS0000018536 [Dark Crottle(2)], NBNSYS0000018579, NBNSYS0000018589, NBNSYS0000018746, NBNSYS0000018905 [Netted Shield Lichen(2)], NBNSYS0000018924, NBNSYS0000018934, NBNSYS0000019344, NBNSYS0000019365(2), NBNSYS0000020575(2), NBNSYS0000020637, NBNSYS0000020649, NBNSYS0000020686, NBNSYS0000020697, NBNSYS0000020700(2), NBNSYS0000020709, NBNSYS0000023036 [Black Sexton Beetle(2)], NBNSYS0000023087, NBNSYS0000023129, NBNSYS0000024227, NBNSYS0000024228, NBNSYS0000024230(2), NBNSYS0000024244 [Common Red Soldier Beetle(4)], NBNSYS0000024252, NBNSYS0000024262(2), NBNSYS0000024323 [Fan-bearing Wood-borer], NBNSYS0000024401 [Malachite Beetle(5)], NBNSYS0000024780, NBNSYS0000024859(2), NBNSYS0000024860, NBNSYS0000024861(2), NBNSYS0000024881 [Red-headed Cardinal Beetle(5)], NBNSYS0000024911, NBNSYS0000024927, NBNSYS0000024942(4), NBNSYS0000024943 [Swollen-thighed Beetle], NBNSYS0000024975 [Cramp-Ball Fungus Weevil], NBNSYS0000025263(3), NBNSYS0000025520, NBNSYS0000027786 [St Marks Fly(2)], NBNSYS0000027788, NBNSYS0000027792, NBNSYS0000028699, NBNSYS0000029000, NBNSYS0000029351, NBNSYS0000029504, NBNSYS0000029790 [Holly Leaf Gall Fly], NBNSYS0000030423(2), NBNSYS0000030502, NBNSYS0000030514(2), NBNSYS0000030519, NBNSYS0000030557, NBNSYS0000030866, NBNSYS0000031893 [Bedeguar Gall], NBNSYS0000031901 [Silk-Button Spangle Gall], NBNSYS0000031903 [Common Spangle Gall(2)], NBNSYS0000031917 [Marble Gall], NBNSYS0000031922 [Knopper Gall], NBNSYS0000036124 [Pellucid Four-tooth Moss(2)], NBNSYS0000036216 [Silky Forklet-moss(2)], NBNSYS0000036227 [Broom Fork-moss(2)], NBNSYS0000036284 [Common Pocket-moss(2)], NBNSYS0000036395 [Slender Stubble-moss], NBNSYS0000036544 [Cape Thread-moss(2)], NBNSYS0000036641 [Swan's-neck Thyme-moss(2)], NBNSYS0000036790 [Fern-leaved Hook-moss(2)], NBNSYS0000036832 [Pict-moss], NBNSYS0000036884 [Common Striated Feather-moss(2)], NBNSYS0000036948 [Chalk Comb-moss(2)], NBNSYS0000036986, NBNSYS0000039604, NBNSYS0000039692, NBNSYS0000143447 [Pointed Spear-moss], NBNSYS0000146096 [Nicholson's Beard-moss(2)], NBNSYS0000146098 [Wavy Beard-moss(2)], NBNSYS0000147457, NBNSYS0000149724 [Common Feather-moss(2)], NBNSYS0000153259(2), NBNSYS0000154158 [Lesser Striated Feather-moss], NBNSYS0000154736, NBNSYS0000155581, NBNSYS0100001862, NBNSYS0100002020, NBNSYS0100002021, NBNSYS0100002030 [Vestal Cuckoo Bee(2)], NBNSYS0100002365, NBNSYS0100002905, NBNSYS0100003673(2), NBNSYS0100004436(2), NBNSYS0100004510, NBNSYS0100004580, NBNSYS0100004584, NBNSYS0100005132 [Black-collared Carver], NBNSYS0100005165(3), NBNSYS0100005390(4), NBNSYS0100005429 [Thickpoint Grimmia], NBNSYS0100005950 [Painted Lady(39)], NBNSYS0100020496 [Little Snipefly(2)], NBNSYS0100020703 [Yellow-legged Black(2)], NBNSYS0100022820, NHMSYS0000080209 [Yellow-necked Mouse], NHMSYS0000080219 [Rabbit], NHMSYS0000309356 [Rambling Tail-moss(2)], NHMSYS0000309660 [Bifid Crestwort(2)], NHMSYS0000309666 [Variable-leaved Crestwort(2)], NHMSYS0000309714 [Lateral Cryphaea], NHMSYS0000309902 [Dilated Scalewort], NHMSYS0000310080 [Cypress-leaved Plait-moss(2)], NHMSYS0000310151 [Creeping Fingerwort(2)], NHMSYS0000310185 [Forked Veilwort(2)], NHMSYS0000310230 [Flat Neckera], NHMSYS0000310292 [Greater Featherwort(2)], NHMSYS0000310315 [Long-beaked Thyme-moss], NHMSYS0000310549 [Even Scalewort(2)], NHMSYS0000310728 [Depressed Feather-moss], NHMSYS0000310748 [Fox-tail Feather-moss(3)], NHMSYS0000332764 [Grey Squirrel(4)], NHMSYS0000362105, NHMSYS0000364677, NHMSYS0000456118 [Italian Lords-and-Ladies], NHMSYS0000457901 [Common Spotted-orchid], NHMSYS0000461294 [Bee Orchid], NHMSYS0000461838 [Angular Solomon's-seal], NHMSYS0000462217 [Sessile Oak], NHMSYS0000463794 [English Whitebeam], NHMSYS0000463797 [Bristol Whitebeam], NHMSYS0000463801 [Round-leaved Whitebeam], NHMSYS0000463813 [Grey-leaved Whitebeam], NHMSYS0000463819 [Wilmott's Whitebeam], NHMSYS0000464454 [Small-leaved Lime], NHMSYS0000464701 [Wych Elm], NHMSYS0000501034 [Small Tortoiseshell(288)], NHMSYS0000501120 [Ringlet(201)], NHMSYS0000501356 [Silver-washed Fritillary(70)], NHMSYS0000501953 [Clouded Yellow(2)], NHMSYS0000503020 [Wall(37)], NHMSYS0000503827 [Large White(451)], NHMSYS0000503832 [Small White(355)], NHMSYS0000503893 [Comma(252)], NHMSYS0000504085 [White-letter Hairstreak(36)], NHMSYS0000504515 [Small Skipper(94)], NHMSYS0000504624 [Red Admiral(114)], NHMSYS0000516186 [Orange-tip(107)], NHMSYS0000516260 [Holly Blue(188)], NHMSYS0000516380 [Brimstone(261)], NHMSYS0000516465 [Small Copper(45)], NHMSYS0000516630 [Green-veined White(882)], NHMSYS0000516660 [Common Blue(194)], NHMSYS0000519083 [Small Heath(9)], NHMSYS0000521977 [Meadow Brown(582)], NHMSYS0000522017 [Marbled White(67)], NHMSYS0000522857 [Gatekeeper(376)], NHMSYS0000523344 [Speckled Wood(2308)], NHMSYS0000530120 [Sparrowhawk], NHMSYS0000530133 [Long-tailed Tit(23)], NHMSYS0000530247 [Goldfinch(6)], NHMSYS0000530266 [Treecreeper(4)], NHMSYS0000530309 [Woodpigeon], NHMSYS0000530331 [Great Spotted Woodpecker(7)], NHMSYS0000530367 [Chaffinch(55)], NHMSYS0000530374 [Jay(5)], NHMSYS0000530406 [Swallow(3)], NHMSYS0000530533 [Great Tit(128)], NHMSYS0000530578 [Firecrest], NHMSYS0000530579 [Goldcrest(16)], NHMSYS0000530610 [Nuthatch(15)], NHMSYS0000530621 [Collared Dove(2)], NHMSYS0000530625 [Tawny Owl], NHMSYS0000530628 [Starling(3)], NHMSYS0000530633 [Blackcap(8)], NHMSYS0000530671 [Wren(18)], NHMSYS0000530673 [Redwing(4)], NHMSYS0000530674 [Blackbird(54)], NHMSYS0000530678 [Song Thrush(28)], NHMSYS0000530739 [Robin(31)], NHMSYS0000530749 [Chiffchaff(2)], NHMSYS0000530761 [Magpie], NHMSYS0000530763 [Green Woodpecker], NHMSYS0000530790 [Dunnock(30)], NHMSYS0000530802 [Bullfinch], NHMSYS0000550499 [Dingy Skipper(3)], NHMSYS0000869707, NHMSYS0000869719, NHMSYS0000869736, NHMSYS0000873237 [Small Black Ant], NHMSYS0000875176 [Hawthorn Mining Bee], NHMSYS0000875207 [Tawny Mining Bee], NHMSYS0000875268 [Chocolate Mining Bee], NHMSYS0000875423 [Western Honey Bee], NHMSYS0000875567 [Red-tailed Bumblebee(2)], NHMSYS0000875570 [White-tailed Bumblebee], NHMSYS0000875576 [Common Carder Bee], NHMSYS0000875578 [Early Bumblebee(2)], NHMSYS0000875595 [Buff-tailed Bumblebee(3)], NHMSYS0000876174 [Common Furrow Bee], NHMSYS0000876371, NHMSYS0000876415 [Fabricius' Nomad Bee], NHMSYS0001387418 [Oak Bush-cricket], NHMSYS0001387435 [Dark Bush-cricket(3)], NHMSYS0001472853, NHMSYS0001475453, NHMSYS0001475458, NHMSYS0001476162, NHMSYS0001476895, NHMSYS0001477239, NHMSYS0001477618(2), NHMSYS0001481444, NHMSYS0001482509, NHMSYS0001486269, NHMSYS0001486353(2), NHMSYS0001486984, NHMSYS0001487382, NHMSYS0001489121(2), NHMSYS0001491736, NHMSYS0001492067, NHMSYS0001493019, NHMSYS0001493685, NHMSYS0001493903, NHMSYS0001493938, NHMSYS0001497667, NHMSYS0001498818, NHMSYS0001499951, NHMSYS0001499953, NHMSYS0001501925 [Common Orange Lichen], NHMSYS0001685273 [Grey-patched Mining Bee], NHMSYS0001688296 [Blue Tit(139)], NHMSYS0001688300 [Coal Tit(104)], NHMSYS0001688303 [Marsh Tit(23)], NHMSYS0001701896 [Green-soled Slug], NHMSYS0001701949 [Brown-lipped Snail], NHMSYS0001701961 [Two-toothed Door Snail(2)], NHMSYS0001701975 [Plaited Door Snail], NHMSYS0001701992 [Rounded Snail], NHMSYS0001717489(5), NHMSYS0001717495, NHMSYS0001718968(2), NHMSYS0001719683, NHMSYS0001719985(3), NHMSYS0001720296(2), NHMSYS0001744238, NHMSYS0001744239(3), NHMSYS0020001355 [Common Pipistrelle], NHMSYS0020109253(2), NHMSYS0020109259 [Dogs-Mercury Flea Beetle(4)], NHMSYS0020109264(2), NHMSYS0020109266 [Green Shieldbug], NHMSYS0020109268 [Black Clock(4)], NHMSYS0020109270(6), NHMSYS0020151177, NHMSYS0020151555 [Raspberry Beetle], NHMSYS0020151698, NHMSYS0020152218(10), NHMSYS0020152597, NHMSYS0020153626 [Bloody-nosed Beetle], NHMSYS0020153658, NHMSYS0020309624 [Red-legged Shieldbug], NHMSYS0020327881, NHMSYS0020528155 [Netted Field Slug], NHMSYS0020528268 [Round-mouthed Snail], NHMSYS0020528290 [Budapest Keeled Slug], NHMSYS0020535583, NHMSYS0020536053, NHMSYS0020695869 [Supine Plait-moss], NHMSYS0020706065, NHMSYS0020755521 [Large Skipper(233)], NHMSYS0020920000, NHMSYS0020989877, NHMSYS0020990212(2), NHMSYS0020990218, NHMSYS0020990601, NHMSYS0021002801 [Purple Hairstreak(89)], NHMSYS0021002985 [Greenfinch(73)], NHMSYS0021004277 [Siskin(14)], NHMSYS0021005429 [Common Twayblade], NHMSYS0021005575, NHMSYS0021143568 [Peacock(546)], NHMSYS0021143605 [Brown Argus(16)], NHMSYS0021195217 [Beech Feather-moss(2)], NHMSYS0021199113, NHMSYS0021366734(2), NHMSYS0021442405(2), NHMSYS0021459983 [High Brown Fritillary(2)], NHMSYS0021576638, NHMSYS0021583970 [Meadow Grasshopper(2)], NHMSYS0021595362 [Wood-rust], NHMSYS0021597947 [Slender Mouse-tail Moss(2)], NHMSYS0021600157 [Lesser Featherwort(2)], NHMSYS0021616481 [Creeping Feather-moss(2)], NHMSYS0021616496 [Wall Feather-moss(2)], NHMSYS0021616586 [Common Tamarisk-moss(3)], NHMSYS0021616631 [Rough-stalked Feather-moss(2)], NHMSYS0021645960(2), NHMSYS0021794957 [Script Lichen], NHMSYS0021953285, NHMSYS0100001603 [Lesser Celandine], NHMSYS0100002587 [Spring Cinquefoil]`"
**ST5573677235**,"`NBNSYS0000188599 [European Eel], NHMSYS0020755076 [Bullhead]`"
**ST5574**,"`NBNSYS0000005072 [Slow-worm], NBNSYS0000005362(2), NBNSYS0000005599 [Large Red Damselfly(2)], NBNSYS0000005606 [Azure Damselfly], NBNSYS0000005626 [Southern Hawker], NBNSYS0000005976 [Clouded Magpie], NBNSYS0000006867, NBNSYS0000006905, NBNSYS0000006913(2), NBNSYS0000006934, NBNSYS0000006966, NBNSYS0000006985, NBNSYS0000006988, NBNSYS0000007007, NBNSYS0000007013, NBNSYS0000007030, NBNSYS0000007036, NBNSYS0000007038, NBNSYS0000007052, NBNSYS0000007057, NBNSYS0000007061 [Batman Hoverfly(2)], NBNSYS0000007101, NBNSYS0000007103, NBNSYS0000007674, NBNSYS0000007874 [Notch-horned Cleg(3)], NBNSYS0000007887 [Large Marsh Horsefly], NBNSYS0000007963 [White-Footed Ghost], NBNSYS0000007966, NBNSYS0000007980, NBNSYS0000007986, NBNSYS0000008034, NBNSYS0000008044, NBNSYS0000008115, NBNSYS0000008124, NBNSYS0000008128, NBNSYS0000008133, NBNSYS0000008201 [Southern Yellow Splinter], NBNSYS0000008235, NBNSYS0000008276(2), NBNSYS0000008324 [7-spot Ladybird], NBNSYS0000010972, NBNSYS0000011104, NBNSYS0000011542 [Garden Chafer], NBNSYS0000011624, NBNSYS0000011641, NBNSYS0000011652, NBNSYS0000011763, NBNSYS0000011799, NBNSYS0000011816, NBNSYS0000011909, NBNSYS0000011992, NBNSYS0000012640, NBNSYS0000012861, NBNSYS0000013209, NBNSYS0000022259 [Wall Scalewort], NBNSYS0000024244 [Common Red Soldier Beetle], NBNSYS0000024401 [Malachite Beetle], NBNSYS0000024942, NBNSYS0000024943 [Swollen-thighed Beetle], NBNSYS0000030423(2), NBNSYS0000030502(2), NBNSYS0000030514(2), NBNSYS0000030525(2), NBNSYS0000030528(2), NBNSYS0000030539(2), NBNSYS0000030547(2), NBNSYS0000030581(2), NBNSYS0000036124 [Pellucid Four-tooth Moss], NBNSYS0000036132 [Bank Haircap], NBNSYS0000036216 [Silky Forklet-moss], NBNSYS0000036227 [Broom Fork-moss], NBNSYS0000036261 [Heath Star Moss], NBNSYS0000036272 [Short-leaved Pocket-moss], NBNSYS0000036284 [Common Pocket-moss(2)], NBNSYS0000036426 [Curly Crisp-moss], NBNSYS0000036600 [Capillary Thread-moss(2)], NBNSYS0000036641 [Swan's-neck Thyme-moss(2)], NBNSYS0000036790 [Fern-leaved Hook-moss], NBNSYS0000036832 [Pict-moss], NBNSYS0000036875 [Hair-pointed Feather-moss(2)], NBNSYS0000036884 [Common Striated Feather-moss(2)], NBNSYS0000036901 [Tender Feather-moss], NBNSYS0000036948 [Chalk Comb-moss], NBNSYS0000143447 [Pointed Spear-moss(2)], NBNSYS0000146092 [Cylindric Beard-moss], NBNSYS0000149096 [Fountain Feather-moss], NBNSYS0000149724 [Common Feather-moss(2)], NBNSYS0100002021, NBNSYS0100002042(3), NBNSYS0100002046(2), NBNSYS0100002052(2), NBNSYS0100002063(2), NBNSYS0100003672(2), NBNSYS0100003673(2), NBNSYS0100005429 [Thickpoint Grimmia], NBNSYS0100005893, NBNSYS0100022820, NHMSYS0000080210 [Wood Mouse], NHMSYS0000309356 [Rambling Tail-moss(2)], NHMSYS0000309533 [Notched Pouchwort], NHMSYS0000309660 [Bifid Crestwort], NHMSYS0000309666 [Variable-leaved Crestwort(2)], NHMSYS0000309714 [Lateral Cryphaea], NHMSYS0000309902 [Dilated Scalewort(2)], NHMSYS0000310078 [Mamillate Plait-moss], NHMSYS0000310087 [Heath Plait-moss], NHMSYS0000310185 [Forked Veilwort(2)], NHMSYS0000310230 [Flat Neckera(2)], NHMSYS0000310256 [Elegant Bristle-moss], NHMSYS0000310292 [Greater Featherwort(2)], NHMSYS0000310315 [Long-beaked Thyme-moss], NHMSYS0000310316 [Hart's-tongue Thyme-moss], NHMSYS0000310420 [Endive Pellia], NHMSYS0000310421 [Overleaf Pellia], NHMSYS0000310514 [Elegant Silk-moss(2)], NHMSYS0000310549 [Even Scalewort], NHMSYS0000310569 [Dotted Thyme-moss], NHMSYS0000310728 [Depressed Feather-moss], NHMSYS0000310748 [Fox-tail Feather-moss(2)], NHMSYS0000310884, NHMSYS0000332764 [Grey Squirrel], NHMSYS0000344179 [Blue-tailed Damselfly], NHMSYS0000501356 [Silver-washed Fritillary], NHMSYS0000501882 [Cloaked Case-bearer], NHMSYS0000501921 [Keeled Case-bearer], NHMSYS0000523344 [Speckled Wood], NHMSYS0000530533 [Great Tit(2)], NHMSYS0000530674 [Blackbird], NHMSYS0000530678 [Song Thrush(2)], NHMSYS0000875039 [Red Banded Sand Wasp], NHMSYS0000875217 [Coppice Mining Bee], NHMSYS0001387435 [Dark Bush-cricket(2)], NHMSYS0001688296 [Blue Tit(2)], NHMSYS0001701949 [Brown-lipped Snail], NHMSYS0020152218, NHMSYS0020309231 [Tortoise Bug], NHMSYS0020695881 [Blueish Veilwort], NHMSYS0020695887 [Swartz's Feather-moss(2)], NHMSYS0020706065, NHMSYS0020755138 [Bank Vole], NHMSYS0021002985 [Greenfinch], NHMSYS0021144025 [Blomer's Rivulet], NHMSYS0021166493 [Orange-headed Tubic], NHMSYS0021199080(2), NHMSYS0021595332 [Dwarf Feather-moss], NHMSYS0021597997 [Smaller White-moss], NHMSYS0021600157 [Lesser Featherwort], NHMSYS0021600167 [Common Smoothcap(2)], NHMSYS0021601282 [Frizzled Pincushion], NHMSYS0021601347, NHMSYS0021616456 [Silky Wall Feather-moss(2)], NHMSYS0021616481 [Creeping Feather-moss(2)], NHMSYS0021616486 [Clustered Feather-moss], NHMSYS0021616511 [Blunt Feather-moss(2)], NHMSYS0021616576 [Waved Silk-moss], NHMSYS0021616586 [Common Tamarisk-moss(2)], NHMSYS0021616626 [River Feather-moss], NHMSYS0021616631 [Rough-stalked Feather-moss(2)]`"
**ST5575**,"`NBNSYS0000003839 [Hazel], NBNSYS0000004327 [Laurustinus], NBNSYS0100005950 [Painted Lady(19)], NHMSYS0000462067 [Primrose], NHMSYS0000501034 [Small Tortoiseshell(123)], NHMSYS0000501120 [Ringlet(194)], NHMSYS0000501356 [Silver-washed Fritillary(2)], NHMSYS0000503827 [Large White(219)], NHMSYS0000503832 [Small White(360)], NHMSYS0000503893 [Comma(75)], NHMSYS0000504514 [Essex Skipper(52)], NHMSYS0000504515 [Small Skipper(40)], NHMSYS0000504624 [Red Admiral(85)], NHMSYS0000516186 [Orange-tip(109)], NHMSYS0000516260 [Holly Blue(39)], NHMSYS0000516380 [Brimstone(47)], NHMSYS0000516465 [Small Copper(3)], NHMSYS0000516630 [Green-veined White(296)], NHMSYS0000516660 [Common Blue(84)], NHMSYS0000519083 [Small Heath], NHMSYS0000521977 [Meadow Brown(373)], NHMSYS0000522017 [Marbled White(169)], NHMSYS0000522857 [Gatekeeper(193)], NHMSYS0000523344 [Speckled Wood(150)], NHMSYS0000530183 [Little Owl], NHMSYS0000530628 [Starling], NHMSYS0000530678 [Song Thrush], NHMSYS0001688300 [Coal Tit], NHMSYS0020152181 [Green Dock Beetle], NHMSYS0020476639 [Western Conifer Seed Bug(2)], NHMSYS0020528153 [Common Garden Snail], NHMSYS0020755521 [Large Skipper(34)], NHMSYS0021056362 [Great Pond Snail], NHMSYS0021143568 [Peacock(143)], NHMSYS0021143605 [Brown Argus(18)]`"
**ST5576**,"`NBNSYS0000000037 [Lesser Black-backed Gull], NBNSYS0000000038 [Herring Gull], NBNSYS0000000201 [Greylag Goose], NHMSYS0000080191 [Badger], NHMSYS0000332764 [Grey Squirrel], NHMSYS0000528028 [Daubenton's Bat(9)], NHMSYS0000530120 [Sparrowhawk(2)], NHMSYS0000530133 [Long-tailed Tit(11)], NHMSYS0000530165 [Swift(2)], NHMSYS0000530247 [Goldfinch(65)], NHMSYS0000530309 [Woodpigeon(4)], NHMSYS0000530331 [Great Spotted Woodpecker], NHMSYS0000530367 [Chaffinch(8)], NHMSYS0000530493 [Pied Wagtail], NHMSYS0000530533 [Great Tit(23)], NHMSYS0000530579 [Goldcrest(2)], NHMSYS0000530621 [Collared Dove(3)], NHMSYS0000530628 [Starling(7)], NHMSYS0000530633 [Blackcap(15)], NHMSYS0000530671 [Wren(5)], NHMSYS0000530674 [Blackbird(17)], NHMSYS0000530678 [Song Thrush], NHMSYS0000530739 [Robin(27)], NHMSYS0000530761 [Magpie(3)], NHMSYS0000530790 [Dunnock(20)], NHMSYS0000530802 [Bullfinch(5)], NHMSYS0001688296 [Blue Tit(47)], NHMSYS0001688300 [Coal Tit(13)], NHMSYS0020303139(3), NHMSYS0020546253 [Water Vole(2)], NHMSYS0021002985 [Greenfinch(15)], NHMSYS0021004277 [Siskin(24)]`"
**ST55767322**,`NHMSYS0000463797 [Bristol Whitebeam]`
**ST55767721**,`NHMSYS0001702050 [Girdled Snail]`
**ST5577**,"`NBNSYS0000007052, NBNSYS0000008312 [Pine Ladybird], NBNSYS0000008324 [7-spot Ladybird], NBNSYS0000011206 [Alder Leaf Beetle], NBNSYS0000136578 [Pipistrelle Bat species], NBNSYS0100004720 [Soprano Pipistrelle], NHMSYS0000310185 [Forked Veilwort], NHMSYS0000712592 [Harlequin Ladybird], NHMSYS0000730335 [Castor Bean Tick], NHMSYS0020001355 [Common Pipistrelle(4)]`"
**ST557729**,"`NBNSYS0000030079, NBNSYS0000030116, NHMSYS0020152761`"
**ST557730**,`NBNSYS0000007069 [Greater Bulb-Fly]`
**ST557731**,"`NBNSYS0000036395 [Slender Stubble-moss], NBNSYS0000036832 [Pict-moss], NHMSYS0000309902 [Dilated Scalewort], NHMSYS0000310151 [Creeping Fingerwort], NHMSYS0020695869 [Supine Plait-moss], NHMSYS0020758428, NHMSYS0021342544`"
**ST557732**,"`NBNSYS0000006727 [Leopard Slug], NHMSYS0000463797 [Bristol Whitebeam], NHMSYS0000463819 [Wilmott's Whitebeam]`"
**ST557733**,"`NHMSYS0000309714 [Lateral Cryphaea], NHMSYS0000310185 [Forked Veilwort], NHMSYS0020109255 [Dock Bug], NHMSYS0020109267 [Turtle Bug], NHMSYS0020309225 [Cabbage Bug], NHMSYS0020309231 [Tortoise Bug]`"
**ST557734**,"`NBNSYS0000006867, NBNSYS0000006871, NBNSYS0000006883, NBNSYS0000006912, NBNSYS0000006926, NBNSYS0000006933, NBNSYS0000006973(2), NBNSYS0000007007, NBNSYS0000007052(2), NBNSYS0000007069 [Greater Bulb-Fly], NBNSYS0000036296 [Spiral Extinguisher-moss], NBNSYS0000147421 [Rock Pocket-moss], NBNSYS0000154158 [Lesser Striated Feather-moss], NHMSYS0000310549 [Even Scalewort], NHMSYS0000310748 [Fox-tail Feather-moss], NHMSYS0021601287 [Lyell's Bristle-moss]`"
**ST557735**,"`NBNSYS0000012147, NBNSYS0100003727`"
**ST557740**,`NBNSYS0000007874 [Notch-horned Cleg]`
**ST557743**,`NHMSYS0000463793 [Whitebeam]`
**ST557745**,`NHMSYS0000876769 [Hornet]`
**ST557752**,"`NBNSYS0000005626 [Southern Hawker], NHMSYS0020309235 [Woundwort Shieldbug]`"
**ST557765**,`NHMSYS0000462335 [Japanese Knotweed]`
**ST557767**,`NBNSYS0000007943 [Dark-edged Bee-fly]`
**ST557772**,"`NBNSYS0000005616 [Beautiful Demoiselle(3)], NHMSYS0001702050 [Girdled Snail(2)]`"
**ST557773**,"`NBNSYS0000005599 [Large Red Damselfly], NHMSYS0021178937 [Grass Snake]`"
**ST557774**,"`NBNSYS0000005616 [Beautiful Demoiselle], NBNSYS0000005617 [Banded Demoiselle]`"
**ST557776**,"`NBNSYS0000005599 [Large Red Damselfly(27)], NBNSYS0000005602 [Common Blue Damselfly], NBNSYS0000005606 [Azure Damselfly(31)], NBNSYS0000005613 [Emerald Damselfly(2)], NBNSYS0000005626 [Southern Hawker(8)], NBNSYS0000005630 [Emperor Dragonfly(3)], NBNSYS0000005637 [Broad-bodied Chaser(16)], NBNSYS0000005641 [Black-tailed Skimmer(2)], NBNSYS0000005645 [Common Darter(23)], NBNSYS0000005650 [Ruddy Darter(4)], NHMSYS0000344179 [Blue-tailed Damselfly(2)]`"
**ST557778**,"`NBNSYS0000005616 [Beautiful Demoiselle(2)], NBNSYS0000005627 [Migrant Hawker], NBNSYS0000005645 [Common Darter]`"
**ST5579277711**,`NBNSYS0000188599 [European Eel]`
**ST55847284**,`NHMSYS0020705811 [Cuckoo-Spit Insect]`
**ST55857709**,`NHMSYS0020705811 [Cuckoo-Spit Insect]`
**ST5586277529**,"`NBNSYS0000188599 [European Eel], NBNSYS0000188607 [Brown/Sea Trout], NHMSYS0020755076 [Bullhead]`"
**ST55867339**,`NHMSYS0001685273 [Grey-patched Mining Bee]`
**ST55867523**,`NHMSYS0020476639 [Western Conifer Seed Bug]`
**ST558726**,`NBNSYS0000007054`
**ST558728**,`NHMSYS0000310831`
**ST558729**,"`NBNSYS0000005599 [Large Red Damselfly(2)], NBNSYS0000005606 [Azure Damselfly(2)], NBNSYS0000005645 [Common Darter], NHMSYS0000344179 [Blue-tailed Damselfly], NHMSYS0001702150(2)`"
**ST558731**,"`NBNSYS0000036033 [Palmate Germanderwort], NBNSYS0000036236 [Mountain Fork-moss], NBNSYS0000036648 [Starry Thyme-moss(2)], NBNSYS0000154158 [Lesser Striated Feather-moss], NHMSYS0000309771 [Fragile Fork-moss(2)], NHMSYS0000309949 [MacKay's Pouncewort(2)], NHMSYS0000310329 [Woodsy Silk-moss], NHMSYS0021342544`"
**ST558732**,"`NBNSYS0000005630 [Emperor Dragonfly(2)], NBNSYS0000005645 [Common Darter], NBNSYS0100004720 [Soprano Pipistrelle], NHMSYS0000356752 [Common Neobisid], NHMSYS0020001355 [Common Pipistrelle], NHMSYS0021583970 [Meadow Grasshopper], NHMSYS0021949415 [Eurasian Serotine]`"
**ST558733**,"`NBNSYS0000005626 [Southern Hawker], NBNSYS0000007946 [Downland Villa], NBNSYS0000022280 [Springy Turf-moss(2)], NBNSYS0000036261 [Heath Star Moss(2)], NBNSYS0000036437 [Neat Crisp-moss(2)], NBNSYS0000036875 [Hair-pointed Feather-moss(2)], NBNSYS0100004362 [Blue Mason Bee], NHMSYS0000875177 [Ashy Mining Bee], NHMSYS0000875195 [Short-fringed Mining Bee], NHMSYS0000875564 [Tree Bumblebee], NHMSYS0000875594 [Forest Cuckoo Bee], NHMSYS0000875649 [Sleepy Carpenter Bee], NHMSYS0000876034 [Bronze Furrow Bee], NHMSYS0000876180 [Chalk Furrow Bee], NHMSYS0000876193 [Green Furrow Bee], NHMSYS0000876420 [Little Nomad Bee], NHMSYS0020109255 [Dock Bug], NHMSYS0020109270, NHMSYS0020309231 [Tortoise Bug(2)], NHMSYS0020528155 [Netted Field Slug], NHMSYS0020528243 [Garlic Snail], NHMSYS0020705260`"
**ST558734**,"`NBNSYS0000005630 [Emperor Dragonfly(3)], NBNSYS0000036284 [Common Pocket-moss], NBNSYS0000036296 [Spiral Extinguisher-moss], NBNSYS0000036429 [Frizzled Crisp-moss], NBNSYS0000036901 [Tender Feather-moss], NHMSYS0000309469 [Red Beard-moss], NHMSYS0000309660 [Bifid Crestwort], NHMSYS0000309718, NHMSYS0000309902 [Dilated Scalewort], NHMSYS0000310185 [Forked Veilwort], NHMSYS0000310230 [Flat Neckera], NHMSYS0000310256 [Elegant Bristle-moss], NHMSYS0000310549 [Even Scalewort], NHMSYS0000310576 [Lesser Yoke-moss], NHMSYS0000310748 [Fox-tail Feather-moss], NHMSYS0000463819 [Wilmott's Whitebeam], NHMSYS0020695881 [Blueish Veilwort(2)], NHMSYS0021616481 [Creeping Feather-moss], NHMSYS0021616586 [Common Tamarisk-moss(2)], NHMSYS0021616631 [Rough-stalked Feather-moss]`"
**ST558735**,"`NBNSYS0000002205 [Ramsons], NBNSYS0000002351 [Lords-and-Ladies], NBNSYS0000003191 [Sycamore], NBNSYS0000003194 [Holly], NBNSYS0000003430 [Hawthorn], NBNSYS0000003630 [Ivy], NBNSYS0000003807 [Common Nettle], NBNSYS0000003840 [Beech], NBNSYS0000004445 [Daisy], NBNSYS0000004580 [Horse-chestnut], NHMSYS0000455754 [Garlic Mustard], NHMSYS0000464161 [Dandelion(2)], NHMSYS0100001301 [Wild Teasel]`"
**ST558737**,`NBNSYS0000005630 [Emperor Dragonfly]`
**ST558742**,"`NBNSYS0000003145 [Fairy Flax], NBNSYS0000003626 [Dogwood], NBNSYS0000003682 [Burnet-saxifrage], NBNSYS0000003741 [Wood Spurge], NBNSYS0000004180 [Ivy Broomrape], NBNSYS0000004397 [Ploughman's-spikenard], NHMSYS0100002199`"
**ST558743**,`NHMSYS0000376160 [Bat]`
**ST558744**,"`NHMSYS0000309791 [Inclined Distichium], NHMSYS0020528255 [Greater Semi-slug(2)]`"
**ST558751**,"`NBNSYS0000007890 [Band-eyed Brown Horsefly], NBNSYS0000007977, NBNSYS0000007980, NBNSYS0000008327 [Eyed Ladybird], NBNSYS0000141623 [Summer Chafer], NHMSYS0020705629`"
**ST558757**,`NHMSYS0020001356 [Pipistrelle]`
**ST558764**,`NBNSYS0000008324 [7-spot Ladybird]`
**ST558772**,`NHMSYS0021055602 [Jenkins' Spire Snail(3)]`
**ST558774**,`NBNSYS0000008330 [14-spot Ladybird]`
**ST558775**,`NHMSYS0020755076 [Bullhead]`
**ST558776**,`NBNSYS0000003189 [Himalayan Balsam]`
**ST558777**,"`NBNSYS0000005626 [Southern Hawker], NBNSYS0000005630 [Emperor Dragonfly], NBNSYS0000005645 [Common Darter]`"
**ST558779**,`NHMSYS0000530374 [Jay]`
**ST558780**,"`NBNSYS0000024244 [Common Red Soldier Beetle], NBNSYS0000024251, NBNSYS0000024252, NBNSYS0000024254, NBNSYS0000024264, NHMSYS0000530133 [Long-tailed Tit], NHMSYS0001719985`"
**ST55887351**,`NBNSYS0100000414`
**ST55887393**,`NHMSYS0000463819 [Wilmott's Whitebeam]`
**ST55907329**,"`NHMSYS0001701900, NHMSYS0001701903, NHMSYS0020528135 [White-lipped Snail], NHMSYS0020528154 [Marsh Slug], NHMSYS0020528155 [Netted Field Slug], NHMSYS0020528201 [Tree Slug], NHMSYS0020528268 [Round-mouthed Snail], NHMSYS0020528320 [Winter Semi-slug]`"
**ST55957340**,`NHMSYS0000457901 [Common Spotted-orchid]`
**ST55967442**,`NHMSYS0000875595 [Buff-tailed Bumblebee]`
**ST559726**,`NBNSYS0000030713`
**ST559729**,"`NBNSYS0000013861, NBNSYS0000013862, NBNSYS0000013864, NHMSYS0021178904`"
**ST559730**,"`NBNSYS0000005060 [Common Frog], NBNSYS0000005630 [Emperor Dragonfly], NBNSYS0000024374 [Ant Beetle], NBNSYS0000024881 [Red-headed Cardinal Beetle], NHMSYS0000080159 [Common Toad], NHMSYS0000461565 [Green Alkanet], NHMSYS0020194827 [Smooth Newt(3)], NHMSYS0020194828 [Palmate Newt]`"
**ST559731**,"`NBNSYS0000143447 [Pointed Spear-moss], NBNSYS0100005429 [Thickpoint Grimmia], NHMSYS0000309714 [Lateral Cryphaea], NHMSYS0000309949 [MacKay's Pouncewort], NHMSYS0000310230 [Flat Neckera], NHMSYS0000310728 [Depressed Feather-moss], NHMSYS0021342544`"
**ST559733**,`NBNSYS0000002694 [Green Hellebore]`
**ST559734**,"`NBNSYS0000008289 [24-spot Ladybird], NHMSYS0001701897 [Large Red Slug]`"
**ST559735**,"`NBNSYS0000005630 [Emperor Dragonfly], NHMSYS0021600167 [Common Smoothcap]`"
**ST559736**,`NBNSYS0000036790 [Fern-leaved Hook-moss]`
**ST559737**,"`NBNSYS0000005641 [Black-tailed Skimmer], NBNSYS0000040730 [Myotis Bat species], NBNSYS0100004720 [Soprano Pipistrelle], NHMSYS0000080186 [Noctule], NHMSYS0020001355 [Common Pipistrelle(2)], NHMSYS0021949415 [Eurasian Serotine]`"
**ST559739**,`NBNSYS0000002036 [Hard-fern]`
**ST559743**,`NHMSYS0000875576 [Common Carder Bee]`
**ST559747**,`NBNSYS0000006771 [Lapidary Snail]`
**ST559750**,`NHMSYS0000712592 [Harlequin Ladybird(4)]`
**ST559759**,`NHMSYS0000876769 [Hornet]`
**ST559761**,`NBNSYS0000005645 [Common Darter(4)]`
**ST559764**,`NHMSYS0000462335 [Japanese Knotweed]`
**ST559769**,"`NBNSYS0000005616 [Beautiful Demoiselle], NBNSYS0000005626 [Southern Hawker], NBNSYS0000005645 [Common Darter]`"
**ST55977340**,`NBNSYS0000156911 [Broad-leaved Whitebeam]`
**ST559774**,`NHMSYS0000712592 [Harlequin Ladybird]`
**ST559775**,`NBNSYS0000007943 [Dark-edged Bee-fly(4)]`
**ST559776**,`NBNSYS0000005645 [Common Darter]`
**ST55987331**,`NHMSYS0000463813 [Grey-leaved Whitebeam]`
**ST55987432**,`NHMSYS0000875564 [Tree Bumblebee]`
**ST55997384**,`NHMSYS0000463794 [English Whitebeam]`
**ST56037321**,`NBNSYS0000154158 [Lesser Striated Feather-moss]`
**ST5603974620**,`NHMSYS0021600297`
**ST560723**,`NBNSYS0000006727 [Leopard Slug]`
**ST560731**,"`NBNSYS0000005606 [Azure Damselfly(2)], NBNSYS0000005626 [Southern Hawker(2)], NBNSYS0000006883, NBNSYS0000036124 [Pellucid Four-tooth Moss], NBNSYS0000036284 [Common Pocket-moss], NBNSYS0000036600 [Capillary Thread-moss], NBNSYS0000036641 [Swan's-neck Thyme-moss], NBNSYS0000036790 [Fern-leaved Hook-moss], NBNSYS0000036832 [Pict-moss], NBNSYS0000036875 [Hair-pointed Feather-moss], NBNSYS0000036884 [Common Striated Feather-moss], NBNSYS0000036901 [Tender Feather-moss], NBNSYS0000036948 [Chalk Comb-moss], NBNSYS0000143447 [Pointed Spear-moss], NBNSYS0000146092 [Cylindric Beard-moss], NBNSYS0000146098 [Wavy Beard-moss], NBNSYS0000147421 [Rock Pocket-moss], NBNSYS0000149724 [Common Feather-moss], NBNSYS0000154158 [Lesser Striated Feather-moss], NHMSYS0000309356 [Rambling Tail-moss], NHMSYS0000309660 [Bifid Crestwort], NHMSYS0000309700 [Great Scented Liverwort], NHMSYS0000309844 [Whorled Tufa-moss], NHMSYS0000310080 [Cypress-leaved Plait-moss], NHMSYS0000310185 [Forked Veilwort(2)], NHMSYS0000310230 [Flat Neckera], NHMSYS0000310292 [Greater Featherwort], NHMSYS0000310315 [Long-beaked Thyme-moss], NHMSYS0000310316 [Hart's-tongue Thyme-moss], NHMSYS0000310374 [Pink-fruited Thread-moss], NHMSYS0000310420 [Endive Pellia], NHMSYS0000310569 [Dotted Thyme-moss], NHMSYS0000310576 [Lesser Yoke-moss], NHMSYS0000310582 [Green Yoke-moss], NHMSYS0000310728 [Depressed Feather-moss], NHMSYS0000310748 [Fox-tail Feather-moss], NHMSYS0000344179 [Blue-tailed Damselfly(2)], NHMSYS0020695943, NHMSYS0021342544, NHMSYS0021595332 [Dwarf Feather-moss], NHMSYS0021597947 [Slender Mouse-tail Moss], NHMSYS0021600277 [Lesser Bird's-claw Beard-moss], NHMSYS0021616486 [Clustered Feather-moss], NHMSYS0021616511 [Blunt Feather-moss], NHMSYS0021616631 [Rough-stalked Feather-moss]`"
**ST560732**,"`NBNSYS0000006885, NBNSYS0000006919, NBNSYS0000006998, NBNSYS0000007047, NHMSYS0020528268 [Round-mouthed Snail]`"
**ST560733**,"`NBNSYS0000005630 [Emperor Dragonfly], NBNSYS0000013844, NBNSYS0000013859, NBNSYS0000035994 [Micheli's Least Pouncewort], NHMSYS0000310151 [Creeping Fingerwort], NHMSYS0021597962, NHMSYS0021616556 [Dented Silk-moss]`"
**ST560734**,"`NBNSYS0000010948, NBNSYS0000024693, NBNSYS0000036132 [Bank Haircap], NBNSYS0000036641 [Swan's-neck Thyme-moss], NBNSYS0000136578 [Pipistrelle Bat species], NBNSYS0100002282, NHMSYS0000080184 [Natterer's Bat], NHMSYS0001717770 [Cobweb Beetle], NHMSYS0020109259 [Dogs-Mercury Flea Beetle]`"
**ST560735**,"`NBNSYS0000035781 [Common Pouchwort], NHMSYS0000876030 [Yellow-legged Furrow Bee], NHMSYS0000876655, NHMSYS0020774747 [Spined Mason Bee]`"
**ST560736**,"`NBNSYS0000035781 [Common Pouchwort], NHMSYS0000876221 [Brown Tree Ant]`"
**ST560737**,"`NBNSYS0000005670 [Six-spot Burnet], NHMSYS0000521977 [Meadow Brown(2)], NHMSYS0000522017 [Marbled White], NHMSYS0020755521 [Large Skipper], NHMSYS0021143845 [Silky Wave(2)], NHMSYS0021143908 [Chalk Carpet]`"
**ST560740**,"`NBNSYS0000006890, NBNSYS0000006894, NBNSYS0000006901, NBNSYS0000006913, NBNSYS0000006916 [Marmalade Hoverfly(2)], NBNSYS0000006918, NBNSYS0000006937, NBNSYS0000007000, NBNSYS0000007007(2), NBNSYS0000007034, NBNSYS0000007036, NBNSYS0000007052, NBNSYS0000007054(2), NBNSYS0000007057, NBNSYS0000007061 [Batman Hoverfly], NBNSYS0000007065, NBNSYS0000007088, NBNSYS0000007095, NBNSYS0000007096, NBNSYS0000007122 [Green Tiger Beetle], NBNSYS0000007292(2), NBNSYS0000007302, NBNSYS0000007370, NBNSYS0000007678, NBNSYS0000007919 [Common Red-legged Robberfly], NBNSYS0000007943 [Dark-edged Bee-fly(2)], NBNSYS0000008041, NBNSYS0000008312 [Pine Ladybird], NBNSYS0000008319 [2-spot Ladybird(3)], NBNSYS0000008320 [10-spot Ladybird(2)], NBNSYS0000008324 [7-spot Ladybird(2)], NBNSYS0000008325 [11-spot Ladybird], NBNSYS0000008329 [Cream-spot Ladybird], NBNSYS0000008330 [14-spot Ladybird], NBNSYS0000008332 [Orange Ladybird], NBNSYS0000008334 [22-spot Ladybird(2)], NBNSYS0000010909(2), NBNSYS0000010951(2), NBNSYS0000010972, NBNSYS0000010975(2), NBNSYS0000011054, NBNSYS0000011124, NBNSYS0000011131, NBNSYS0000011132, NBNSYS0000011449 [Lesser Stag Beetle], NBNSYS0000011542 [Garden Chafer], NBNSYS0000012883, NBNSYS0000024228, NBNSYS0000024244 [Common Red Soldier Beetle(4)], NBNSYS0000024401 [Malachite Beetle], NBNSYS0000024863 [Sulphur Beetle(2)], NBNSYS0000024942, NBNSYS0000024943 [Swollen-thighed Beetle(2)], NBNSYS0000030721, NBNSYS0000031903 [Common Spangle Gall], NBNSYS0000157028, NBNSYS0100002028 [Hill Cuckoo Bee], NBNSYS0100002030 [Vestal Cuckoo Bee], NBNSYS0100004763, NBNSYS0100005568 [Geoffroy's Blood Bee], NHMSYS0000873237 [Small Black Ant], NHMSYS0000873238, NHMSYS0000875039 [Red Banded Sand Wasp(2)], NHMSYS0000875171 [Gwynne's Mining Bee], NHMSYS0000875234 [Common Mini-miner], NHMSYS0000875243 [Buffish Mining Bee], NHMSYS0000875403 [Fork-tailed Flower Bee], NHMSYS0000875407 [Hairy-footed Flower Bee], NHMSYS0000875423 [Western Honey Bee(2)], NHMSYS0000875491 [Cuckoo bee], NHMSYS0000875562 [Small Garden Bumblebee(2)], NHMSYS0000875567 [Red-tailed Bumblebee(3)], NHMSYS0000875570 [White-tailed Bumblebee(2)], NHMSYS0000875576 [Common Carder Bee(3)], NHMSYS0000875578 [Early Bumblebee], NHMSYS0000875595 [Buff-tailed Bumblebee(2)], NHMSYS0000875663, NHMSYS0000875785 [Slender Digger Wasp(2)], NHMSYS0000875849 [Tree Wasp], NHMSYS0000875954 [Dusky Ant], NHMSYS0000876071 [Welted Lesser Mason Bee(2)], NHMSYS0000876099 [Common Yellow-face Bee], NHMSYS0000876106 [Hairy Yellow-face], NHMSYS0000876168 [Bloomed Furrow Bee], NHMSYS0000876174 [Common Furrow Bee], NHMSYS0000876186 [White-zoned Furrow Bee(2)], NHMSYS0000876193 [Green Furrow Bee], NHMSYS0000876198 [Smooth-gastered Furrow Bee], NHMSYS0000876223 [Yellow Meadow Ant(2)], NHMSYS0000876312 [Bellflower Blunthorn Bee], NHMSYS0000876679 [Bare-saddled Blood Bee], NHMSYS0000876735, NHMSYS0000876741, NHMSYS0000876743, NHMSYS0001685273 [Grey-patched Mining Bee], NHMSYS0001717495, NHMSYS0001720296, NHMSYS0020109253(2), NHMSYS0020109265 [Vine Weevil], NHMSYS0020152218(2), NHMSYS0020153336, NHMSYS0020480770 [Broad-barred Fusehorn], NHMSYS0020774747 [Spined Mason Bee(3)], NHMSYS0021366979, NHMSYS0021385414, NHMSYS0021486732 [Cereal Leaf Beetle]`"
**ST560746**,"`NBNSYS0000006864, NHMSYS0000310844 [Sterile Beardless-moss]`"
**ST560751**,`NBNSYS0000005626 [Southern Hawker]`
**ST560774**,"`NBNSYS0000008332 [Orange Ladybird], NHMSYS0000712592 [Harlequin Ladybird]`"
**ST560777**,`NHMSYS0000530533 [Great Tit]`
**ST56097397**,`NHMSYS0000876769 [Hornet]`
**ST56107325**,`NHMSYS0000875177 [Ashy Mining Bee]`
**ST56117237**,"`NBNSYS0000003630 [Ivy(2)], NBNSYS0000003721 [Dog's Mercury(2)], NBNSYS0000003807 [Common Nettle(2)], NBNSYS0000004319 [Cleavers(2)]`"
**ST56117395**,"`NBNSYS0100002030 [Vestal Cuckoo Bee], NHMSYS0000875567 [Red-tailed Bumblebee]`"
**ST56137457**,`NHMSYS0000712592 [Harlequin Ladybird]`
**ST56147488**,`NBNSYS0000007096`
**ST5615774562**,`NBNSYS0000036391 [Luisier's Tufa-moss]`
**ST56167459**,`NBNSYS0000006842 [Field Grasshopper]`
**ST561728**,`NHMSYS0000712592 [Harlequin Ladybird]`
**ST561730**,`NBNSYS0000007977`
**ST561731**,"`NBNSYS0100000129, NHMSYS0000463797 [Bristol Whitebeam]`"
**ST561732**,"`NBNSYS0000005626 [Southern Hawker], NHMSYS0000463793 [Whitebeam]`"
**ST561733**,"`NBNSYS0000036429 [Frizzled Crisp-moss], NBNSYS0000154158 [Lesser Striated Feather-moss], NHMSYS0021595332 [Dwarf Feather-moss], NHMSYS0021600157 [Lesser Featherwort]`"
**ST561734**,`NBNSYS0000024401 [Malachite Beetle]`
**ST561736**,"`NBNSYS0000006154 [Scarlet Tiger], NBNSYS0000022259 [Wall Scalewort], NBNSYS0000036706 [Anomalous Bristle-moss], NBNSYS0000143585, NBNSYS0000146101 [Olive Beard-moss], NBNSYS0000157544 [Intermediate Screw-moss], NHMSYS0000309510 [Marsh Bryum], NHMSYS0000309666 [Variable-leaved Crestwort], NHMSYS0000309774 [Fallacious Beard-moss], NHMSYS0000309902 [Dilated Scalewort], NHMSYS0000503827 [Large White], NHMSYS0000521977 [Meadow Brown(2)], NHMSYS0000522017 [Marbled White(2)], NHMSYS0020755521 [Large Skipper(2)], NHMSYS0021143845 [Silky Wave(2)], NHMSYS0021143938 [Wood Carpet], NHMSYS0021732093`"
**ST561738**,`NHMSYS0000463819 [Wilmott's Whitebeam]`
**ST561739**,"`NHMSYS0000463797 [Bristol Whitebeam(2)], NHMSYS0000463819 [Wilmott's Whitebeam]`"
**ST561744**,"`NHMSYS0020213805(2), NHMSYS0020758428`"
**ST561745**,"`NBNSYS0000005626 [Southern Hawker], NBNSYS0000035995 [Western Pouncewort], NBNSYS0000036284 [Common Pocket-moss], NBNSYS0000036287 [Maidenhair Pocket-moss], NBNSYS0000036310 [Wall Screw-moss], NBNSYS0000036426 [Curly Crisp-moss], NBNSYS0000036429 [Frizzled Crisp-moss], NBNSYS0000036437 [Neat Crisp-moss], NBNSYS0000036901 [Tender Feather-moss], NBNSYS0000036933, NBNSYS0000036934 [Great Plait-moss], NBNSYS0000143447 [Pointed Spear-moss], NBNSYS0000146093 [Dusky Beard-moss], NBNSYS0000146098 [Wavy Beard-moss], NBNSYS0000149724 [Common Feather-moss], NBNSYS0000158779 [Bruch's Pincushion], NBNSYS0100005429 [Thickpoint Grimmia], NHMSYS0000309622 [St Winifrid's Other Moss], NHMSYS0000309774 [Fallacious Beard-moss], NHMSYS0000310052 [Yellow Feather-moss], NHMSYS0000310185 [Forked Veilwort], NHMSYS0000310310 [Many-fruited Thyme-moss], NHMSYS0000310549 [Even Scalewort], NHMSYS0000310582 [Green Yoke-moss], NHMSYS0000310748 [Fox-tail Feather-moss], NHMSYS0000310833, NHMSYS0021195217 [Beech Feather-moss], NHMSYS0021616481 [Creeping Feather-moss], NHMSYS0021616486 [Clustered Feather-moss], NHMSYS0021616496 [Wall Feather-moss], NHMSYS0021616631 [Rough-stalked Feather-moss], NHMSYS0021618717 [Variable Crisp-moss]`"
**ST561751**,"`NBNSYS0000008324 [7-spot Ladybird], NHMSYS0000712592 [Harlequin Ladybird(2)]`"
**ST56177446**,`NBNSYS0000007115`
**ST56177460**,`NHMSYS0020309777`
**ST561783**,"`NHMSYS0001701911 [Dusky Slug], NHMSYS0021797627`"
**ST56197450**,`NHMSYS0020109266 [Green Shieldbug]`
**ST56207367**,`NHMSYS0000463798 [Orange Whitebeam]`
**ST56207441**,`NHMSYS0000876360`
**ST56217462**,`NBNSYS0000036296 [Spiral Extinguisher-moss]`
**ST56227314**,`NBNSYS0000036033 [Palmate Germanderwort(2)]`
**ST56227361**,`NHMSYS0000875576 [Common Carder Bee]`
**ST56227377**,`NHMSYS0000463801 [Round-leaved Whitebeam]`
**ST56227446**,`NHMSYS0021597852 [Big Shaggy-moss]`
**ST56227454**,"`NBNSYS0000007057, NBNSYS0000007108`"
**ST56227494**,`NBNSYS0000131631`
**ST56257326**,`NHMSYS0020481132 [Woolly Alder Sawfly]`
**ST56257455**,`NBNSYS0000013817 [Common Chthonid]`
**ST56257513**,"`NHMSYS0001387418 [Oak Bush-cricket], NHMSYS0020309198 [Birch Shieldbug]`"
**ST56267416**,`NBNSYS0000007942 [Dotted Bee-fly]`
**ST562729**,"`NBNSYS0000006727 [Leopard Slug], NHMSYS0000875578 [Early Bumblebee]`"
**ST562730**,"`NBNSYS0000005626 [Southern Hawker], NBNSYS0000005645 [Common Darter(2)], NHMSYS0001701975 [Plaited Door Snail(2)], NHMSYS0001702050 [Girdled Snail(2)], NHMSYS0020109260 [Nettle Groundbug]`"
**ST562731**,"`NBNSYS0000006770 [Copse Snail], NBNSYS0100000129, NHMSYS0000875268 [Chocolate Mining Bee], NHMSYS0000875403 [Fork-tailed Flower Bee], NHMSYS0000875423 [Western Honey Bee], NHMSYS0000875562 [Small Garden Bumblebee], NHMSYS0000875576 [Common Carder Bee], NHMSYS0000875578 [Early Bumblebee], NHMSYS0000875783 [Blunt Tailed Digger Wasp], NHMSYS0000876099 [Common Yellow-face Bee], NHMSYS0000876174 [Common Furrow Bee], NHMSYS0000876198 [Smooth-gastered Furrow Bee], NHMSYS0000876300 [Wood-carving Leafcutter Bee], NHMSYS0000876303 [Willughby's Leafcutter Bee], NHMSYS0020109270, NHMSYS0020528153 [Common Garden Snail]`"
**ST562732**,"`NBNSYS0000006871, NBNSYS0000007065, NBNSYS0000007115, NBNSYS0100003969`"
**ST562733**,"`NBNSYS0000035994 [Micheli's Least Pouncewort], NBNSYS0000146098 [Wavy Beard-moss], NHMSYS0000309875 [Petty Pocket-moss]`"
**ST562734**,`NHMSYS0001702286 [River Snail(2)]`
**ST562735**,"`NBNSYS0000005625 [Brown Hawker], NBNSYS0000008334 [22-spot Ladybird], NBNSYS0000036296 [Spiral Extinguisher-moss(2)], NBNSYS0000036367 [Bird's-claw Beard-moss(2)], NBNSYS0000036426 [Curly Crisp-moss(2)], NBNSYS0000036512 [Common Cord-moss(2)], NBNSYS0000036628 [Silver-moss(2)], NBNSYS0100005429 [Thickpoint Grimmia(2)], NHMSYS0000309774 [Fallacious Beard-moss(2)], NHMSYS0000310052 [Yellow Feather-moss(2)], NHMSYS0000310512 [Neat Feather-moss(2)], NHMSYS0020695887 [Swartz's Feather-moss(2)], NHMSYS0021616621 [Top Notchwort(2)], NHMSYS0021618717 [Variable Crisp-moss(2)]`"
**ST562736**,"`NHMSYS0000875567 [Red-tailed Bumblebee], NHMSYS0000875623 [Blue Carpenter Bee], NHMSYS0000876102 [Chalk Yellow-face Bee], NHMSYS0000876106 [Hairy Yellow-face], NHMSYS0000876212 [Smeathman's Furrow Bee], NHMSYS0000876215 [Shaggy Furrow Bee], NHMSYS0000876302 [Brown-footed Leafcutter Bee], NHMSYS0000876415 [Fabricius' Nomad Bee], NHMSYS0000876508 [Red-tailed Mason Bee], NHMSYS0020705260, NHMSYS0020774747 [Spined Mason Bee]`"
**ST562738**,`NBNSYS0000011132`
**ST562739**,`NBNSYS0000000004 [Cormorant]`
**ST562740**,"`NHMSYS0000875567 [Red-tailed Bumblebee], NHMSYS0000875595 [Buff-tailed Bumblebee]`"
**ST562744**,"`NBNSYS0000024881 [Red-headed Cardinal Beetle], NHMSYS0001701992 [Rounded Snail]`"
**ST562745**,"`NHMSYS0000310185 [Forked Veilwort], NHMSYS0000876223 [Yellow Meadow Ant], NHMSYS0001386482(2), NHMSYS0001701896 [Green-soled Slug], NHMSYS0001701949 [Brown-lipped Snail], NHMSYS0020309315 [Ant Damsel Bug], NHMSYS0020528245 [Draparnaud's Glass Snail], NHMSYS0020528268 [Round-mouthed Snail(2)], NHMSYS0020758428(4), NHMSYS0021600167 [Common Smoothcap(2)]`"
**ST562746**,"`NBNSYS0000006842 [Field Grasshopper], NBNSYS0000007052, NHMSYS0000310620 [Sharp Rock-bristle], NHMSYS0000875954 [Dusky Ant], NHMSYS0000876743, NHMSYS0021194626 [Pretty Cord-moss(2)]`"
**ST562751**,"`NBNSYS0000007196, NBNSYS0000007976 [Tiger Cranefly], NBNSYS0000008319 [2-spot Ladybird], NBNSYS0000008332 [Orange Ladybird], NBNSYS0000011538 [Common Cockchafer], NBNSYS0000024275 [Black Larder Beetle], NBNSYS0000030025, NHMSYS0000876005, NHMSYS0001387418 [Oak Bush-cricket], NHMSYS0020109253, NHMSYS0020309352`"
**ST562772**,"`NBNSYS0000006725 [Worm Slug], NBNSYS0000006760 [Silky Snail], NHMSYS0001701911 [Dusky Slug], NHMSYS0001701953 [Striped Snail], NHMSYS0001702050 [Girdled Snail], NHMSYS0001702057 [Common Chrysalis Snail], NHMSYS0001702106 [Kentish Snail], NHMSYS0001702244 [Strawberry Snail], NHMSYS0020528105, NHMSYS0020528110 [Brown Soil Slug], NHMSYS0020528111 [Blue-black Soil Slug], NHMSYS0020528135 [White-lipped Snail], NHMSYS0020528146 [Slippery Moss Snail], NHMSYS0020528153 [Common Garden Snail], NHMSYS0020528155 [Netted Field Slug], NHMSYS0020528245 [Draparnaud's Glass Snail], NHMSYS0020528290 [Budapest Keeled Slug], NHMSYS0020528291 [Sowerby's Keeled Slug], NHMSYS0021009894 [Iberian Threeband Slug(2)], NHMSYS0021009932 [Tramp Slug]`"
**ST56277463**,`NBNSYS0000159519`
**ST562775**,`NHMSYS0000875564 [Tree Bumblebee]`
**ST562784**,`NBNSYS0000005630 [Emperor Dragonfly]`
**ST56287752**,`NHMSYS0020705811 [Cuckoo-Spit Insect]`
**ST56297461**,"`NBNSYS0000007007, NHMSYS0000309902 [Dilated Scalewort], NHMSYS0001701949 [Brown-lipped Snail], NHMSYS0001702106 [Kentish Snail]`"
**ST56297463**,"`NBNSYS0000006678 [Large Chrysalis Snail], NBNSYS0000006771 [Lapidary Snail]`"
**ST5630377599**,`NBNSYS0000188599 [European Eel]`
**ST56307320**,`NHMSYS0021126306 [Yellow-flowered Strawberry]`
**ST56307407**,`NHMSYS0000875564 [Tree Bumblebee]`
**ST56307417**,`NHMSYS0020110588 [White's Whitebeam]`
**ST56307454**,`NHMSYS0000309902 [Dilated Scalewort]`
**ST56307455**,"`NBNSYS0100000127, NBNSYS0100000129, NHMSYS0020309315 [Ant Damsel Bug]`"
**ST56307458**,"`NBNSYS0100000344, NHMSYS0020309315 [Ant Damsel Bug(2)]`"
**ST56307463**,`NHMSYS0021583970 [Meadow Grasshopper]`
**ST56307464**,"`NBNSYS0000006842 [Field Grasshopper(2)], NHMSYS0000309902 [Dilated Scalewort]`"
**ST56317454**,`NHMSYS0021601247 [Wood Bristle-moss]`
**ST56317462**,`NBNSYS0000006842 [Field Grasshopper]`
**ST56317464**,"`NHMSYS0020308903 [Bishop's Mitre], NHMSYS0020309315 [Ant Damsel Bug]`"
**ST56327456**,`NHMSYS0000310748 [Fox-tail Feather-moss]`
**ST56327462**,`NHMSYS0000310512 [Neat Feather-moss]`
**ST56337459**,"`NBNSYS0000006842 [Field Grasshopper], NBNSYS0100000342`"
**ST56337460**,`NBNSYS0000007943 [Dark-edged Bee-fly]`
**ST56337461**,"`NBNSYS0000006842 [Field Grasshopper], NBNSYS0000008324 [7-spot Ladybird]`"
**ST56347458**,`NHMSYS0020109262`
**ST56347459**,`NHMSYS0000876743`
**ST56347462**,"`NHMSYS0020309113, NHMSYS0021583970 [Meadow Grasshopper]`"
**ST56347465**,"`NBNSYS0000006842 [Field Grasshopper], NHMSYS0021583970 [Meadow Grasshopper]`"
**ST56347513**,`NHMSYS0020528135 [White-lipped Snail]`
**ST56357462**,"`NBNSYS0000006842 [Field Grasshopper], NBNSYS0000011226, NHMSYS0021126475`"
**ST56367399**,`NHMSYS0000875954 [Dusky Ant]`
**ST56367407**,`NBNSYS0000007052`
**ST56367463**,`NHMSYS0021583970 [Meadow Grasshopper]`
**ST563721**,"`NBNSYS0000013853, NBNSYS0000013864, NHMSYS0001590860, NHMSYS0001590904, NHMSYS0001590907`"
**ST563723**,`NBNSYS0000005625 [Brown Hawker]`
**ST563731**,"`NBNSYS0000006883, NBNSYS0000006919, NBNSYS0000006984, NBNSYS0000007007, NBNSYS0000007047, NBNSYS0000007097, NBNSYS0000022259 [Wall Scalewort(2)], NBNSYS0000035994 [Micheli's Least Pouncewort], NBNSYS0000036124 [Pellucid Four-tooth Moss(2)], NBNSYS0000036132 [Bank Haircap], NBNSYS0000036216 [Silky Forklet-moss], NBNSYS0000036227 [Broom Fork-moss], NBNSYS0000036272 [Short-leaved Pocket-moss], NBNSYS0000036273 [Lesser Pocket-moss(2)], NBNSYS0000036284 [Common Pocket-moss(2)], NBNSYS0000036296 [Spiral Extinguisher-moss], NBNSYS0000036310 [Wall Screw-moss(2)], NBNSYS0000036426 [Curly Crisp-moss], NBNSYS0000036429 [Frizzled Crisp-moss], NBNSYS0000036437 [Neat Crisp-moss(2)], NBNSYS0000036544 [Cape Thread-moss], NBNSYS0000036600 [Capillary Thread-moss(2)], NBNSYS0000036641 [Swan's-neck Thyme-moss(2)], NBNSYS0000036706 [Anomalous Bristle-moss], NBNSYS0000036745 [Crisped Neckera(3)], NBNSYS0000036752 [Shining Hookeria], NBNSYS0000036790 [Fern-leaved Hook-moss(2)], NBNSYS0000036832 [Pict-moss(2)], NBNSYS0000036875 [Hair-pointed Feather-moss(2)], NBNSYS0000036901 [Tender Feather-moss(2)], NBNSYS0000036934 [Great Plait-moss], NBNSYS0000036948 [Chalk Comb-moss(2)], NBNSYS0000143447 [Pointed Spear-moss(2)], NBNSYS0000143585, NBNSYS0000146092 [Cylindric Beard-moss(2)], NBNSYS0000146098 [Wavy Beard-moss], NBNSYS0000146101 [Olive Beard-moss], NBNSYS0000147421 [Rock Pocket-moss(2)], NBNSYS0000149096 [Fountain Feather-moss], NBNSYS0000149724 [Common Feather-moss(2)], NBNSYS0000150326 [Kneiff's Feather-moss], NBNSYS0000154158 [Lesser Striated Feather-moss], NBNSYS0000157386, NBNSYS0000157544 [Intermediate Screw-moss], NBNSYS0000158779 [Bruch's Pincushion], NBNSYS0100005382 [Sickle-leaved Hook-moss], NBNSYS0100005429 [Thickpoint Grimmia], NHMSYS0000309356 [Rambling Tail-moss(2)], NHMSYS0000309469 [Red Beard-moss(3)], NHMSYS0000309510 [Marsh Bryum], NHMSYS0000309533 [Notched Pouchwort], NHMSYS0000309568 [Rusty Swan-neck Moss], NHMSYS0000309586 [Two-horned Pincerwort], NHMSYS0000309660 [Bifid Crestwort(2)], NHMSYS0000309666 [Variable-leaved Crestwort], NHMSYS0000309700 [Great Scented Liverwort(2)], NHMSYS0000309714 [Lateral Cryphaea], NHMSYS0000309774 [Fallacious Beard-moss(2)], NHMSYS0000309844 [Whorled Tufa-moss], NHMSYS0000309875 [Petty Pocket-moss(2)], NHMSYS0000309902 [Dilated Scalewort(2)], NHMSYS0000309936 [Crescent-cup Liverwort], NHMSYS0000310080 [Cypress-leaved Plait-moss(2)], NHMSYS0000310087 [Heath Plait-moss], NHMSYS0000310101 [Larger Mouse-tail Moss], NHMSYS0000310151 [Creeping Fingerwort(2)], NHMSYS0000310185 [Forked Veilwort(2)], NHMSYS0000310190 [Fairy Beads], NHMSYS0000310230 [Flat Neckera(2)], NHMSYS0000310256 [Elegant Bristle-moss], NHMSYS0000310292 [Greater Featherwort(2)], NHMSYS0000310315 [Long-beaked Thyme-moss(2)], NHMSYS0000310316 [Hart's-tongue Thyme-moss(2)], NHMSYS0000310340 [Flat-brocade Moss], NHMSYS0000310374 [Pink-fruited Thread-moss], NHMSYS0000310420 [Endive Pellia(2)], NHMSYS0000310437 [Long-beaked Water Feather-moss], NHMSYS0000310514 [Elegant Silk-moss], NHMSYS0000310549 [Even Scalewort], NHMSYS0000310569 [Dotted Thyme-moss(2)], NHMSYS0000310576 [Lesser Yoke-moss(2)], NHMSYS0000310582 [Green Yoke-moss(2)], NHMSYS0000310728 [Depressed Feather-moss(2)], NHMSYS0000310748 [Fox-tail Feather-moss(2)], NHMSYS0020695869 [Supine Plait-moss], NHMSYS0020695881 [Blueish Veilwort], NHMSYS0020695887 [Swartz's Feather-moss], NHMSYS0020695905 [Matted Feather-moss], NHMSYS0021195217 [Beech Feather-moss], NHMSYS0021595332 [Dwarf Feather-moss(2)], NHMSYS0021597947 [Slender Mouse-tail Moss(2)], NHMSYS0021597962, NHMSYS0021597997 [Smaller White-moss], NHMSYS0021600157 [Lesser Featherwort(2)], NHMSYS0021600167 [Common Smoothcap], NHMSYS0021601247 [Wood Bristle-moss(3)], NHMSYS0021601267 [Shaw's Bristle-moss], NHMSYS0021616456 [Silky Wall Feather-moss(3)], NHMSYS0021616481 [Creeping Feather-moss(3)], NHMSYS0021616486 [Clustered Feather-moss(2)], NHMSYS0021616511 [Blunt Feather-moss(2)], NHMSYS0021616556 [Dented Silk-moss(2)], NHMSYS0021616586 [Common Tamarisk-moss], NHMSYS0021616626 [River Feather-moss], NHMSYS0021616631 [Rough-stalked Feather-moss(2)]`"
**ST563732**,"`NBNSYS0000013817 [Common Chthonid], NBNSYS0000013843, NBNSYS0000013844, NBNSYS0000013845`"
**ST563734**,`NHMSYS0000309533 [Notched Pouchwort]`
**ST563735**,`NHMSYS0021600167 [Common Smoothcap]`
**ST563737**,`NBNSYS0100002538 [Ivy Bee]`
**ST563739**,"`NBNSYS0000006825 [Speckled Bush-cricket], NBNSYS0000011196 [Viburnum Leaf Beetle], NBNSYS0000020617(2), NBNSYS0100002538 [Ivy Bee], NHMSYS0000080156 [Great Crested Newt], NHMSYS0000876438 [Marsham's Nomad Bee], NHMSYS0001472853, NHMSYS0001476162, NHMSYS0020990775, NHMSYS0021321650(2)`"
**ST563740**,"`BMSSYS0000010126, BMSSYS0000043742, BMSSYS0000043743, BMSSYS0000046957, BMSSYS0000051052, BMSSYS0000052412, BMSSYS0000533587, BMSSYS0000534201, NBNSYS0000006825 [Speckled Bush-cricket], NBNSYS0000011450 [Rhinoceros Beetle], NBNSYS0000012409, NBNSYS0000018398, NBNSYS0000018675, NBNSYS0000018693, NBNSYS0000019344, NBNSYS0000020575, NBNSYS0000020587, NBNSYS0000020686, NBNSYS0000036267 [Green Pocket-moss(2)], NHMSYS0001476787, NHMSYS0001476928, NHMSYS0001493873, NHMSYS0001494651, NHMSYS0001501512, NHMSYS0020109270, NHMSYS0020309360 [Meadow Plant Bug], NHMSYS0020536329, NHMSYS0020705653, NHMSYS0020990211, NHMSYS0020990218, NHMSYS0020990257, NHMSYS0020990773(2), NHMSYS0021194626 [Pretty Cord-moss], NHMSYS0021646665, NHMSYS0021843361`"
**ST563743**,`NHMSYS0020480852 [Ring-footed Slugworm]`
**ST563744**,`NHMSYS0000310463 [Rough Earwort(2)]`
**ST563745**,"`BMSSYS0000011894, BMSSYS0000043742, BMSSYS0000731217(2), NBNSYS0000006618 [Point Snail], NBNSYS0000019332, NBNSYS0000020575, NBNSYS0000020700, NHMSYS0000310185 [Forked Veilwort], NHMSYS0000876221 [Brown Tree Ant], NHMSYS0000876769 [Hornet], NHMSYS0001472853, NHMSYS0001476787, NHMSYS0001476928, NHMSYS0001489121, NHMSYS0001498818, NHMSYS0001499639, NHMSYS0001501570, NHMSYS0020309225 [Cabbage Bug], NHMSYS0020758428, NHMSYS0020990212, NHMSYS0020990694, NHMSYS0021194626 [Pretty Cord-moss(3)], NHMSYS0021576753, NHMSYS0021600167 [Common Smoothcap], NHMSYS0021645960, NHMSYS0021647175(2), NHMSYS0021797627`"
**ST563746**,"`BMSSYS0000043742(2), BMSSYS0000043743(2), BMSSYS0000048295, BMSSYS0000048296, BMSSYS0000051061, BMSSYS0000052410(2), BMSSYS0000052412(2), BMSSYS0000052594(3), BMSSYS0000533657, BMSSYS0000534201, BMSSYS0000731217, BMSSYS0000731219(2), NBNSYS0000005627 [Migrant Hawker], NBNSYS0000006842 [Field Grasshopper], NBNSYS0000006866, NBNSYS0000006867, NBNSYS0000007095, NBNSYS0000007915 [Stripe-legged Robberfly], NBNSYS0000007943 [Dark-edged Bee-fly], NBNSYS0000008318 [16-spot Ladybird], NBNSYS0000016975(2), NBNSYS0000018675(3), NBNSYS0000018693, NBNSYS0000019344(2), NBNSYS0000020575(2), NBNSYS0000020686, NBNSYS0000020700, NBNSYS0000024861, NBNSYS0000024863 [Sulphur Beetle], NBNSYS0000025023 [Gorse Weevil], NBNSYS0000030074, NBNSYS0000030131(2), NBNSYS0000030162(2), NBNSYS0000033258, NHMSYS0000310748 [Fox-tail Feather-moss], NHMSYS0000362105, NHMSYS0000875634 [Ornate Tailed Digger Wasp], NHMSYS0000875954 [Dusky Ant], NHMSYS0000876034 [Bronze Furrow Bee], NHMSYS0000876371(2), NHMSYS0000876382 [Black-headed Velvet Ant], NHMSYS0000876743(2), NHMSYS0001387435 [Dark Bush-cricket], NHMSYS0001472853, NHMSYS0001475735, NHMSYS0001476928(2), NHMSYS0001477638, NHMSYS0001477745, NHMSYS0001493019, NHMSYS0001493873(2), NHMSYS0001494798, NHMSYS0001494800(6), NHMSYS0001496484, NHMSYS0001496502, NHMSYS0001497067(2), NHMSYS0001497667, NHMSYS0001498818, NHMSYS0020309113, NHMSYS0020309315 [Ant Damsel Bug], NHMSYS0020536329, NHMSYS0020990211(2), NHMSYS0020990212, NHMSYS0020990501(2), NHMSYS0020990694, NHMSYS0021645960(2), NHMSYS0021797627`"
**ST56377299**,`NHMSYS0000712592 [Harlequin Ladybird]`
**ST56377459**,`NHMSYS0020309851`
**ST56377461**,`NBNSYS0000036948 [Chalk Comb-moss]`
**ST563786**,`NBNSYS0000006866`
**ST5638274577**,`NBNSYS0000154158 [Lesser Striated Feather-moss]`
**ST56397458**,`NBNSYS0100000414`
**ST56397460**,`NHMSYS0000310185 [Forked Veilwort]`
**ST56407390**,`NBNSYS0000006862`
**ST56407457**,`NBNSYS0000036948 [Chalk Comb-moss]`
**ST56407862**,`NBNSYS0000006867`
**ST56417299**,`NHMSYS0000875564 [Tree Bumblebee]`
**ST56417302**,`NHMSYS0000875578 [Early Bumblebee]`
**ST56427302**,"`NBNSYS0000022259 [Wall Scalewort], NBNSYS0000036296 [Spiral Extinguisher-moss], NBNSYS0000036310 [Wall Screw-moss], NBNSYS0000036426 [Curly Crisp-moss], NBNSYS0000036790 [Fern-leaved Hook-moss], NBNSYS0100005429 [Thickpoint Grimmia], NHMSYS0000309469 [Red Beard-moss], NHMSYS0000309777 [Perthshire Beard-moss], NHMSYS0000310315 [Long-beaked Thyme-moss], NHMSYS0000310512 [Neat Feather-moss], NHMSYS0000310618 [Curving Feather-moss], NHMSYS0021616456 [Silky Wall Feather-moss]`"
**ST56437299**,"`NBNSYS0000002704 [Traveller's-joy(2)], NBNSYS0000003195 [Spindle(2)], NBNSYS0000003328 [Bramble(2)], NBNSYS0000003430 [Hawthorn(2)], NBNSYS0000003630 [Ivy(2)]`"
**ST56437395**,`NBNSYS0000007095`
**ST56437402**,`NHMSYS0001701900`
**ST56447393**,"`NBNSYS0000006934, NBNSYS0000007052, NBNSYS0000007096`"
**ST56447394**,`NBNSYS0000007095`
**ST56457276**,"`NBNSYS0000003194 [Holly(2)], NBNSYS0000003630 [Ivy(2)], NBNSYS0000003807 [Common Nettle(2)]`"
**ST56457373**,`NBNSYS0000006446`
**ST56457397**,"`NBNSYS0000006867, NBNSYS0000007061 [Batman Hoverfly]`"
**ST56457408**,`NBNSYS0100002431`
**ST56457632**,`NHMSYS0020705811 [Cuckoo-Spit Insect]`
**ST56467857**,`NBNSYS0000007057`
**ST56467858**,`NBNSYS0000008289 [24-spot Ladybird]`
**ST564729**,"`NBNSYS0000006842 [Field Grasshopper], NBNSYS0000030131, NHMSYS0000310512 [Neat Feather-moss], NHMSYS0000332764 [Grey Squirrel]`"
**ST564730**,"`NBNSYS0000022259 [Wall Scalewort], NBNSYS0000036296 [Spiral Extinguisher-moss], NBNSYS0000036310 [Wall Screw-moss], NBNSYS0000036426 [Curly Crisp-moss], NBNSYS0000036790 [Fern-leaved Hook-moss], NBNSYS0100005429 [Thickpoint Grimmia], NHMSYS0000080156 [Great Crested Newt(3)], NHMSYS0000309469 [Red Beard-moss], NHMSYS0000309777 [Perthshire Beard-moss], NHMSYS0000310315 [Long-beaked Thyme-moss], NHMSYS0000310512 [Neat Feather-moss], NHMSYS0000310618 [Curving Feather-moss], NHMSYS0000712592 [Harlequin Ladybird], NHMSYS0020194828 [Palmate Newt(3)], NHMSYS0021616456 [Silky Wall Feather-moss]`"
**ST564731**,`NBNSYS0000133089`
**ST564732**,`NHMSYS0001701949 [Brown-lipped Snail]`
**ST564733**,"`NBNSYS0100000129, NHMSYS0000463793 [Whitebeam], NHMSYS0021194626 [Pretty Cord-moss(2)]`"
**ST564734**,"`NHMSYS0000875215 [Orange-tailed Mining Bee], NHMSYS0000875562 [Small Garden Bumblebee]`"
**ST564735**,"`NBNSYS0000007115, NHMSYS0020109270, NHMSYS0020528135 [White-lipped Snail]`"
**ST564736**,`NBNSYS0000007061 [Batman Hoverfly]`
**ST564738**,"`BMSSYS0000046957, BMSSYS0000052412, BMSSYS0000533560, NBNSYS0000020575, NBNSYS0000020686, NBNSYS0000149724 [Common Feather-moss], NHMSYS0001472853, NHMSYS0001483485, NHMSYS0001501512, NHMSYS0001501570, NHMSYS0020536329, NHMSYS0020990211, NHMSYS0021645960`"
**ST564739**,"`NBNSYS0000006916 [Marmalade Hoverfly], NBNSYS0000006964, NBNSYS0000007052, NBNSYS0000007061 [Batman Hoverfly], NBNSYS0000007096, NBNSYS0000007097`"
**ST564740**,`NBNSYS0000005630 [Emperor Dragonfly]`
**ST564742**,"`NBNSYS0000007943 [Dark-edged Bee-fly], NHMSYS0021583970 [Meadow Grasshopper(2)]`"
**ST564743**,`NBNSYS0000008318 [16-spot Ladybird]`
**ST564744**,"`NHMSYS0000309902 [Dilated Scalewort], NHMSYS0000876223 [Yellow Meadow Ant]`"
**ST564746**,"`NBNSYS0000005627 [Migrant Hawker], NBNSYS0000005645 [Common Darter], NBNSYS0000006867, NBNSYS0000007011, NBNSYS0000024228, NHMSYS0001702106 [Kentish Snail], NHMSYS0020528268 [Round-mouthed Snail]`"
**ST564755**,"`NHMSYS0000080159 [Common Toad], NHMSYS0020194828 [Palmate Newt]`"
**ST56477277**,`NBNSYS0000006446`
**ST56477397**,`NBNSYS0000007115`
**ST564784**,"`NBNSYS0000005626 [Southern Hawker], NBNSYS0000005630 [Emperor Dragonfly(2)], NBNSYS0000005645 [Common Darter(2)]`"
**ST564785**,`NHMSYS0000876769 [Hornet]`
**ST56487334**,`NBNSYS0000022259 [Wall Scalewort(2)]`
**ST56487336**,`NHMSYS0020109255 [Dock Bug]`
**ST56537679**,`NHMSYS0000875564 [Tree Bumblebee]`
**ST56547245**,`NBNSYS0000029051`
**ST56567404**,`NBNSYS0000024975 [Cramp-Ball Fungus Weevil]`
**ST565723**,"`NBNSYS0000174705, NBNSYS0000174978(2), NHMSYS0020703577 [Estuary Ragworm], NHMSYS0021036302 [Earthworm(5)]`"
**ST565724**,`NBNSYS0100000129`
**ST565725**,`NBNSYS0000006446`
**ST565729**,"`NBNSYS0000175421, NHMSYS0001593577 [Freshwater Shrimp (Gammarus)], NHMSYS0020703577 [Estuary Ragworm], NHMSYS0021036302 [Earthworm(5)]`"
**ST565730**,`NBNSYS0100002030 [Vestal Cuckoo Bee]`
**ST565731**,`NHMSYS0020528268 [Round-mouthed Snail]`
**ST565732**,"`BMSSYS0000043742, BMSSYS0000043743, BMSSYS0000048304, BMSSYS0000051067, BMSSYS0000052410, BMSSYS0000052412(2), BMSSYS0000052594, BMSSYS0000533587, BMSSYS0000533917, BMSSYS0000731219, NBNSYS0000018675, NBNSYS0000019344, NBNSYS0000020575, NBNSYS0000020686, NBNSYS0100002538 [Ivy Bee(2)], NHMSYS0001476162, NHMSYS0001476928, NHMSYS0001480937, NHMSYS0001501512, NHMSYS0020476639 [Western Conifer Seed Bug], NHMSYS0020528153 [Common Garden Snail], NHMSYS0020536329, NHMSYS0020990211, NHMSYS0020990501, NHMSYS0021645960, NHMSYS0021843361`"
**ST565733**,"`NBNSYS0000036391 [Luisier's Tufa-moss(2)], NBNSYS0100002024 [Barbut's Cuckoo Bee], NHMSYS0000310185 [Forked Veilwort]`"
**ST565734**,"`NHMSYS0000875215 [Orange-tailed Mining Bee], NHMSYS0000875407 [Hairy-footed Flower Bee]`"
**ST565735**,`NBNSYS0000005630 [Emperor Dragonfly(3)]`
**ST565739**,`NBNSYS0000007096`
**ST565740**,"`NBNSYS0000005630 [Emperor Dragonfly], NBNSYS0000007122 [Green Tiger Beetle], NBNSYS0000007874 [Notch-horned Cleg], NBNSYS0000011045 [Wasp Beetle], NBNSYS0000024943 [Swollen-thighed Beetle], NHMSYS0001719180, NHMSYS0020528291 [Sowerby's Keeled Slug]`"
**ST565742**,"`NBNSYS0000011542 [Garden Chafer(2)], NBNSYS0000160590 [grasshoppers and crickets]`"
**ST565743**,`NBNSYS0000008318 [16-spot Ladybird]`
**ST565744**,"`NHMSYS0020109258, NHMSYS0020309624 [Red-legged Shieldbug], NHMSYS0020309851`"
**ST565750**,`NHMSYS0020302077`
**ST56577236**,`MM0001Z1PKB441ZZ`
**ST565774**,"`NBNSYS0000033260, NBNSYS0100004508`"
**ST56577444**,`NHMSYS0021233786`
**ST565787**,"`NHMSYS0000530133 [Long-tailed Tit], NHMSYS0000530309 [Woodpigeon(4)], NHMSYS0000530374 [Jay], NHMSYS0000530533 [Great Tit(5)], NHMSYS0000530537 [House Sparrow(15)], NHMSYS0000530633 [Blackcap(8)], NHMSYS0000530674 [Blackbird(4)], NHMSYS0000530678 [Song Thrush(3)], NHMSYS0000530739 [Robin(13)], NHMSYS0000530761 [Magpie(3)], NHMSYS0000530790 [Dunnock(6)], NHMSYS0000875177 [Ashy Mining Bee], NHMSYS0001688296 [Blue Tit(9)], NHMSYS0001688300 [Coal Tit]`"
**ST56587399**,`NBNSYS0100002431`
**ST56597248**,`NHMSYS0000456713 [Butterfly-bush]`
**ST56607322**,`NHMSYS0000309902 [Dilated Scalewort]`
**ST56607555**,"`NBNSYS0000005599 [Large Red Damselfly], NBNSYS0000005606 [Azure Damselfly]`"
**ST56607556**,"`NBNSYS0000005639 [Four-spotted Chaser], NBNSYS0000006446, NBNSYS0000006905, NBNSYS0000006941, NBNSYS0000006964, NBNSYS0000007052, NBNSYS0000007054, NBNSYS0000007061 [Batman Hoverfly], NBNSYS0000133089, NHMSYS0000875576 [Common Carder Bee], NHMSYS0020109266 [Green Shieldbug], NHMSYS0020976950 [Potato Capsid]`"
**ST56607557**,`NBNSYS0000005630 [Emperor Dragonfly]`
**ST56607562**,`NBNSYS0000007097`
**ST56617557**,`NBNSYS0000005599 [Large Red Damselfly]`
**ST56617558**,"`NBNSYS0000005606 [Azure Damselfly(2)], NBNSYS0000005630 [Emperor Dragonfly], NBNSYS0000005637 [Broad-bodied Chaser], NHMSYS0000875564 [Tree Bumblebee]`"
**ST56617842**,`NBNSYS0100002538 [Ivy Bee]`
**ST56627302**,`NHMSYS0000875576 [Common Carder Bee]`
**ST56627553**,"`NBNSYS0000005602 [Common Blue Damselfly], NHMSYS0000875634 [Ornate Tailed Digger Wasp]`"
**ST56627558**,`NHMSYS0000875595 [Buff-tailed Bumblebee]`
**ST56627645**,`NHMSYS0020705811 [Cuckoo-Spit Insect]`
**ST56637318**,"`NHMSYS0000875207 [Tawny Mining Bee], NHMSYS0000875268 [Chocolate Mining Bee], NHMSYS0000875423 [Western Honey Bee]`"
**ST56637322**,`NHMSYS0000875177 [Ashy Mining Bee]`
**ST56637644**,`NHMSYS0020705811 [Cuckoo-Spit Insect(3)]`
**ST56637894**,`NHMSYS0021931004`
**ST56647214**,"`NBNSYS0000007057, NHMSYS0020109255 [Dock Bug]`"
**ST56657546**,`NBNSYS0000006916 [Marmalade Hoverfly]`
**ST56657558**,`NBNSYS0000005645 [Common Darter(2)]`
**ST56667533**,`NHMSYS0020528153 [Common Garden Snail]`
**ST56667559**,`NHMSYS0000875177 [Ashy Mining Bee]`
**ST566717**,"`NHMSYS0000530309 [Woodpigeon], NHMSYS0000530739 [Robin]`"
**ST566721**,`NBNSYS0000008330 [14-spot Ladybird]`
**ST566724**,"`NBNSYS0000013861, NHMSYS0001590904, NHMSYS0001590907`"
**ST566727**,"`NBNSYS0000005599 [Large Red Damselfly], NBNSYS0000007052`"
**ST566728**,`NBNSYS0000030724 [Face Fly]`
**ST566729**,`NHMSYS0000712592 [Harlequin Ladybird]`
**ST566731**,"`NHMSYS0000875207 [Tawny Mining Bee], NHMSYS0020302075`"
**ST566732**,"`BMSSYS0000533823, NBNSYS0000002198 [Keeled Garlic], NBNSYS0000007874 [Notch-horned Cleg], NHMSYS0001475494`"
**ST566733**,"`NBNSYS0000008324 [7-spot Ladybird], NHMSYS0001685273 [Grey-patched Mining Bee]`"
**ST566740**,"`NBNSYS0000007058, NBNSYS0000007943 [Dark-edged Bee-fly], NHMSYS0020109271 [Timothy Grassbug], NHMSYS0020152218, NHMSYS0020528245 [Draparnaud's Glass Snail]`"
**ST566741**,"`NBNSYS0000006727 [Leopard Slug], NBNSYS0000008289 [24-spot Ladybird], NBNSYS0100000001 [Springtail], NHMSYS0000875215 [Orange-tailed Mining Bee], NHMSYS0001701949 [Brown-lipped Snail]`"
**ST566743**,`NBNSYS0000005626 [Southern Hawker]`
**ST566754**,"`NHMSYS0001701992 [Rounded Snail], NHMSYS0001702057 [Common Chrysalis Snail], NHMSYS0001702159, NHMSYS0001702168, NHMSYS0001702189 [Dwarf Snail], NHMSYS0001702204, NHMSYS0001702223 [Large Amber Snail(2)], NHMSYS0020528154 [Marsh Slug]`"
**ST566755**,"`NBNSYS0000005606 [Azure Damselfly], NBNSYS0000007069 [Greater Bulb-Fly], NBNSYS0000008277, NBNSYS0100000127, NHMSYS0000344177 [Small Red-eyed Damselfly], NHMSYS0000875407 [Hairy-footed Flower Bee], NHMSYS0020109255 [Dock Bug]`"
**ST566756**,"`NBNSYS0000007061 [Batman Hoverfly(2)], NBNSYS0000007097, NBNSYS0000008320 [10-spot Ladybird]`"
**ST566758**,"`NBNSYS0000006941, NBNSYS0000006966, NBNSYS0000006993(2), NBNSYS0000007047(4), NBNSYS0000007052, NBNSYS0000007054, NBNSYS0000007057, NBNSYS0000007061 [Batman Hoverfly(2)], NBNSYS0000007825 [Broad Centurion], NBNSYS0000008315 [Adonis' Ladybird], NBNSYS0000008320 [10-spot Ladybird], NBNSYS0000008324 [7-spot Ladybird], NBNSYS0000030304, NBNSYS0000030351 [Sheep-strike Greenbottle(30)], NBNSYS0000030357 [Awkward Clusterfly], NBNSYS0000030502, NBNSYS0000030557(3), NBNSYS0000130949, NBNSYS0000136540, NBNSYS0100002030 [Vestal Cuckoo Bee(2)], NBNSYS0100022739, NHMSYS0000712592 [Harlequin Ladybird(2)], NHMSYS0000875177 [Ashy Mining Bee(2)], NHMSYS0000875423 [Western Honey Bee(2)], NHMSYS0000875562 [Small Garden Bumblebee], NHMSYS0000875564 [Tree Bumblebee(3)], NHMSYS0000875567 [Red-tailed Bumblebee(2)], NHMSYS0000875570 [White-tailed Bumblebee], NHMSYS0000875576 [Common Carder Bee(12)], NHMSYS0000875578 [Early Bumblebee(3)], NHMSYS0000875595 [Buff-tailed Bumblebee(4)], NHMSYS0000876030 [Yellow-legged Furrow Bee(2)], NHMSYS0000876128, NHMSYS0000876174 [Common Furrow Bee], NHMSYS0020152556(5), NHMSYS0020480776 [Raspberry Fusehorn(7)], NHMSYS0021199113(2)`"
**ST56677265**,`NHMSYS0000712592 [Harlequin Ladybird]`
**ST56677278**,`NBNSYS0000008324 [7-spot Ladybird]`
**ST566773**,"`NBNSYS0000000006 [Grey Heron(2)], NHMSYS0020476639 [Western Conifer Seed Bug(2)]`"
**ST56677581**,"`NBNSYS0000022337 [Green Worm], NBNSYS0000022341 [Long-Worm], NBNSYS0000022342 [Mucous Worm], NBNSYS0000022358 [Common Earthworm], NBNSYS0000022360 [Blue-Grey Worm], NHMSYS0021193899`"
**ST566782**,`NBNSYS0000008332 [Orange Ladybird]`
**ST566785**,"`NHMSYS0000530537 [House Sparrow], NHMSYS0000530790 [Dunnock]`"
**ST566789**,"`NBNSYS0000008324 [7-spot Ladybird], NBNSYS0000011541 [Welsh Chafer], NBNSYS0000025187 [Pea-leaf Weevil], NBNSYS0000136210, NBNSYS0100002538 [Ivy Bee]`"
**ST56687273**,`NBNSYS0000006456`
**ST56697271**,`NBNSYS0000006456`
**ST56697320**,`NHMSYS0000875177 [Ashy Mining Bee]`
**ST56697407**,`NBNSYS0000006933`
**ST56707331**,`NHMSYS0000875177 [Ashy Mining Bee]`
**ST56717409**,"`NBNSYS0000007110, NHMSYS0001717495`"
**ST56717586**,`NHMSYS0020705811 [Cuckoo-Spit Insect]`
**ST5672**,"`NBNSYS0000000037 [Lesser Black-backed Gull], NBNSYS0000005081 [Common Shrew], NBNSYS0000005599 [Large Red Damselfly(5)], NBNSYS0000005602 [Common Blue Damselfly(7)], NBNSYS0000005606 [Azure Damselfly], NBNSYS0000005630 [Emperor Dragonfly], NBNSYS0000005645 [Common Darter(2)], NBNSYS0000007098 [Hornet Hoverfly], NBNSYS0000010989, NBNSYS0000011047, NBNSYS0000011450 [Rhinoceros Beetle], NBNSYS0000022259 [Wall Scalewort], NBNSYS0000022280 [Springy Turf-moss], NBNSYS0000024244 [Common Red Soldier Beetle], NBNSYS0000024975 [Cramp-Ball Fungus Weevil], NBNSYS0000035994 [Micheli's Least Pouncewort(2)], NBNSYS0000036284 [Common Pocket-moss], NBNSYS0000036296 [Spiral Extinguisher-moss], NBNSYS0000036426 [Curly Crisp-moss], NBNSYS0000036429 [Frizzled Crisp-moss], NBNSYS0000036600 [Capillary Thread-moss], NBNSYS0000036706 [Anomalous Bristle-moss], NBNSYS0000036790 [Fern-leaved Hook-moss], NBNSYS0000036884 [Common Striated Feather-moss], NBNSYS0000036901 [Tender Feather-moss], NBNSYS0000036933, NBNSYS0000036948 [Chalk Comb-moss], NBNSYS0000143447 [Pointed Spear-moss], NBNSYS0000146092 [Cylindric Beard-moss], NBNSYS0000146098 [Wavy Beard-moss], NBNSYS0000147421 [Rock Pocket-moss], NBNSYS0000149724 [Common Feather-moss], NBNSYS0000157544 [Intermediate Screw-moss], NBNSYS0100004720 [Soprano Pipistrelle], NHMSYS0000309714 [Lateral Cryphaea], NHMSYS0000309777 [Perthshire Beard-moss], NHMSYS0000309780 [Soft-tufted Beard-moss], NHMSYS0000309902 [Dilated Scalewort], NHMSYS0000310052 [Yellow Feather-moss], NHMSYS0000310315 [Long-beaked Thyme-moss], NHMSYS0000310316 [Hart's-tongue Thyme-moss], NHMSYS0000310549 [Even Scalewort], NHMSYS0000310748 [Fox-tail Feather-moss], NHMSYS0000332764 [Grey Squirrel], NHMSYS0000344179 [Blue-tailed Damselfly(2)], NHMSYS0000376160 [Bat(28)], NHMSYS0000456845 [Divided Sedge], NHMSYS0000458335 [Sea Couch(2)], NHMSYS0000458346 [Common Couch], NHMSYS0000528028 [Daubenton's Bat(4)], NHMSYS0000530331 [Great Spotted Woodpecker(3)], NHMSYS0000530374 [Jay], NHMSYS0000530533 [Great Tit], NHMSYS0000530610 [Nuthatch], NHMSYS0000530674 [Blackbird(11)], NHMSYS0000530678 [Song Thrush(3)], NHMSYS0000875595 [Buff-tailed Bumblebee], NHMSYS0001754558(2), NHMSYS0020001355 [Common Pipistrelle(4)], NHMSYS0020109255 [Dock Bug], NHMSYS0020309177 [Hairy Shieldbug(2)], NHMSYS0020528153 [Common Garden Snail], NHMSYS0021002985 [Greenfinch(3)], NHMSYS0021004277 [Siskin], NHMSYS0021600172, NHMSYS0021601247 [Wood Bristle-moss], NHMSYS0021616481 [Creeping Feather-moss], NHMSYS0021616486 [Clustered Feather-moss], NHMSYS0021616631 [Rough-stalked Feather-moss], NHMSYS0021618717 [Variable Crisp-moss]`"
**ST56727409**,`NBNSYS0100002431`
**ST5673**,"`NBNSYS0000000037 [Lesser Black-backed Gull], NBNSYS0000000038 [Herring Gull(2)], NBNSYS0000002195 [Round-headed Leek(6)], NBNSYS0000002648 [Nit-grass], NBNSYS0000002891 [Bristol Rock-cress(10)], NBNSYS0000003211 [Gorse], NBNSYS0000003222 [Black Medick], NBNSYS0000003316 [Meadowsweet], NBNSYS0000003339 [Barren Strawberry], NBNSYS0000003358 [Wild Strawberry], NBNSYS0000003498 [Rue-leaved Saxifrage], NBNSYS0000003531 [Spurge-laurel], NBNSYS0000003693 [Hemlock Water-dropwort], NBNSYS0000003733 [Petty Spurge], NBNSYS0000003741 [Wood Spurge], NBNSYS0000004169 [Toothwort], NBNSYS0000004322 [Wild Madder], NBNSYS0000004371 [Groundsel], NBNSYS0000004440 [Mexican Fleabane], NBNSYS0000004445 [Daisy], NBNSYS0000004501 [Greater Knapweed], NBNSYS0000005081 [Common Shrew], NBNSYS0000005599 [Large Red Damselfly(2)], NBNSYS0000005606 [Azure Damselfly(2)], NBNSYS0000005625 [Brown Hawker], NBNSYS0000005626 [Southern Hawker(2)], NBNSYS0000005630 [Emperor Dragonfly(3)], NBNSYS0000006771 [Lapidary Snail], NBNSYS0000006862, NBNSYS0000006871, NBNSYS0000006872(2), NBNSYS0000006889, NBNSYS0000006890, NBNSYS0000006894, NBNSYS0000006912, NBNSYS0000006913, NBNSYS0000006916 [Marmalade Hoverfly(4)], NBNSYS0000006933, NBNSYS0000006966, NBNSYS0000006981, NBNSYS0000006998, NBNSYS0000007007(2), NBNSYS0000007010, NBNSYS0000007038, NBNSYS0000007052(4), NBNSYS0000007054, NBNSYS0000007057(4), NBNSYS0000007069 [Greater Bulb-Fly(2)], NBNSYS0000007080, NBNSYS0000007095, NBNSYS0000007096, NBNSYS0000007097, NBNSYS0000007098 [Hornet Hoverfly], NBNSYS0000007106, NBNSYS0000007110(3), NBNSYS0000007115(3), NBNSYS0000007116, NBNSYS0000007825 [Broad Centurion(2)], NBNSYS0000007943 [Dark-edged Bee-fly(3)], NBNSYS0000008132, NBNSYS0000008318 [16-spot Ladybird], NBNSYS0000008319 [2-spot Ladybird], NBNSYS0000008320 [10-spot Ladybird], NBNSYS0000008324 [7-spot Ladybird], NBNSYS0000008329 [Cream-spot Ladybird], NBNSYS0000008330 [14-spot Ladybird(2)], NBNSYS0000008334 [22-spot Ladybird], NBNSYS0000009399, NBNSYS0000009513, NBNSYS0000011544 [Rose Chafer], NBNSYS0000011649, NBNSYS0000011658, NBNSYS0000011687, NBNSYS0000011753, NBNSYS0000011807, NBNSYS0000011840, NBNSYS0000011858, NBNSYS0000011865, NBNSYS0000011867, NBNSYS0000011894, NBNSYS0000011934, NBNSYS0000012016, NBNSYS0000012074, NBNSYS0000012078, NBNSYS0000012086, NBNSYS0000012441, NBNSYS0000012934, NBNSYS0000012946, NBNSYS0000012949, NBNSYS0000012951, NBNSYS0000012954(2), NBNSYS0000012956(4), NBNSYS0000012958(2), NBNSYS0000013209, NBNSYS0000022259 [Wall Scalewort], NBNSYS0000024244 [Common Red Soldier Beetle], NBNSYS0000024880 [Black-headed Cardinal Beetle], NBNSYS0000025133 [Brown Leaf Weevil], NBNSYS0000025134 [Green Nettle Weevil], NBNSYS0000029041, NBNSYS0000029790 [Holly Leaf Gall Fly], NBNSYS0000030338 [Orange-bearded Bluebottle], NBNSYS0000030466(2), NBNSYS0000030502(3), NBNSYS0000030557(3), NBNSYS0000030631(3), NBNSYS0000030866, NBNSYS0000035781 [Common Pouchwort], NBNSYS0000036124 [Pellucid Four-tooth Moss(3)], NBNSYS0000036132 [Bank Haircap], NBNSYS0000036261 [Heath Star Moss], NBNSYS0000036272 [Short-leaved Pocket-moss(2)], NBNSYS0000036284 [Common Pocket-moss], NBNSYS0000036296 [Spiral Extinguisher-moss], NBNSYS0000036641 [Swan's-neck Thyme-moss], NBNSYS0000036715 [White-tipped Bristle-moss(2)], NBNSYS0000036884 [Common Striated Feather-moss], NBNSYS0000036948 [Chalk Comb-moss], NBNSYS0000036986, NBNSYS0000042524, NBNSYS0000141623 [Summer Chafer], NBNSYS0000151104, NBNSYS0000156186, NBNSYS0000157089, NBNSYS0000157386, NBNSYS0100002030 [Vestal Cuckoo Bee], NBNSYS0100002332, NBNSYS0100003457(3), NBNSYS0100004144, NBNSYS0100004510(3), NBNSYS0100005950 [Painted Lady(27)], NHMSYS0000080176 [Greater Horseshoe Bat], NHMSYS0000080177 [Lesser Horseshoe Bat], NHMSYS0000080185 [Leisler's Bat], NHMSYS0000080186 [Noctule], NHMSYS0000080207 [Field Vole], NHMSYS0000309469 [Red Beard-moss], NHMSYS0000309660 [Bifid Crestwort], NHMSYS0000309780 [Soft-tufted Beard-moss(2)], NHMSYS0000309902 [Dilated Scalewort], NHMSYS0000309936 [Crescent-cup Liverwort(2)], NHMSYS0000310151 [Creeping Fingerwort], NHMSYS0000310185 [Forked Veilwort], NHMSYS0000310256 [Elegant Bristle-moss(2)], NHMSYS0000310292 [Greater Featherwort], NHMSYS0000310316 [Hart's-tongue Thyme-moss], NHMSYS0000310381 [Pale Glaucous Thread-moss(2)], NHMSYS0000310514 [Elegant Silk-moss(2)], NHMSYS0000310549 [Even Scalewort], NHMSYS0000310748 [Fox-tail Feather-moss], NHMSYS0000456767 [Adria Bellflower], NHMSYS0000456781 [Shepherd's-purse], NHMSYS0000457806 [Ivy-leaved Toadflax], NHMSYS0000461565 [Green Alkanet], NHMSYS0000461628 [Winter Heliotrope], NHMSYS0000464009 [Common Chickweed], NHMSYS0000464828 [Common Field-speedwell], NHMSYS0000501034 [Small Tortoiseshell(321)], NHMSYS0000501120 [Ringlet(103)], NHMSYS0000501356 [Silver-washed Fritillary(99)], NHMSYS0000503020 [Wall(56)], NHMSYS0000503827 [Large White(400)], NHMSYS0000503832 [Small White(349)], NHMSYS0000503893 [Comma(217)], NHMSYS0000504085 [White-letter Hairstreak(43)], NHMSYS0000504515 [Small Skipper(65)], NHMSYS0000504624 [Red Admiral(55)], NHMSYS0000516186 [Orange-tip(180)], NHMSYS0000516260 [Holly Blue(113)], NHMSYS0000516380 [Brimstone(196)], NHMSYS0000516465 [Small Copper(18)], NHMSYS0000516630 [Green-veined White(664)], NHMSYS0000516660 [Common Blue(230)], NHMSYS0000519083 [Small Heath(7)], NHMSYS0000521977 [Meadow Brown(432)], NHMSYS0000522017 [Marbled White(31)], NHMSYS0000522857 [Gatekeeper(341)], NHMSYS0000523344 [Speckled Wood(709)], NHMSYS0000530533 [Great Tit], NHMSYS0000530625 [Tawny Owl], NHMSYS0000530628 [Starling(2)], NHMSYS0000530633 [Blackcap], NHMSYS0000530674 [Blackbird(14)], NHMSYS0000530678 [Song Thrush(2)], NHMSYS0000530739 [Robin(2)], NHMSYS0000530757 [Wood Warbler], NHMSYS0000530763 [Green Woodpecker], NHMSYS0000550499 [Dingy Skipper], NHMSYS0000730335 [Castor Bean Tick], NHMSYS0000873236, NHMSYS0000873237 [Small Black Ant], NHMSYS0000873238, NHMSYS0000875039 [Red Banded Sand Wasp(2)], NHMSYS0000875045, NHMSYS0000875173 [Big-headed Mining Bee], NHMSYS0000875176 [Hawthorn Mining Bee], NHMSYS0000875206 [Painted Mining Bee], NHMSYS0000875207 [Tawny Mining Bee], NHMSYS0000875215 [Orange-tailed Mining Bee(3)], NHMSYS0000875285 [Trimmer's Mining Bee], NHMSYS0000875403 [Fork-tailed Flower Bee], NHMSYS0000875423 [Western Honey Bee], NHMSYS0000875446 [Field Digger Wasp], NHMSYS0000875546 [Field Cuckoo Bee], NHMSYS0000875562 [Small Garden Bumblebee], NHMSYS0000875567 [Red-tailed Bumblebee(6)], NHMSYS0000875570 [White-tailed Bumblebee(3)], NHMSYS0000875576 [Common Carder Bee(7)], NHMSYS0000875578 [Early Bumblebee(2)], NHMSYS0000875595 [Buff-tailed Bumblebee(3)], NHMSYS0000875784, NHMSYS0000875887, NHMSYS0000876100 [White-jawed Yellow-face Bee], NHMSYS0000876174 [Common Furrow Bee(2)], NHMSYS0000876180 [Chalk Furrow Bee(2)], NHMSYS0000876198 [Smooth-gastered Furrow Bee], NHMSYS0000876212 [Smeathman's Furrow Bee], NHMSYS0000876215 [Shaggy Furrow Bee(2)], NHMSYS0000876223 [Yellow Meadow Ant], NHMSYS0000876312 [Bellflower Blunthorn Bee], NHMSYS0000876371, NHMSYS0000876419 [Flavous Nomad Bee], NHMSYS0000876420 [Little Nomad Bee(2)], NHMSYS0000876421 [Blunthorn Nomad Bee], NHMSYS0000876430 [Long-horned Nomad Bee(2)], NHMSYS0000876472, NHMSYS0000876635, NHMSYS0000876683 [Furry-bellied Blood Bee(2)], NHMSYS0000876735, NHMSYS0000876741, NHMSYS0000876743, NHMSYS0000876757, NHMSYS0000876765 [Club Horned Wood Borer Wasp], NHMSYS0001688296 [Blue Tit(5)], NHMSYS0001701911 [Dusky Slug], NHMSYS0001701949 [Brown-lipped Snail(2)], NHMSYS0001702050 [Girdled Snail], NHMSYS0001702070 [Green Cellar Slug], NHMSYS0001702244 [Strawberry Snail], NHMSYS0001706186 [Common Lizard], NHMSYS0001720296, NHMSYS0020001355 [Common Pipistrelle(6)], NHMSYS0020109252, NHMSYS0020109266 [Green Shieldbug], NHMSYS0020109268 [Black Clock], NHMSYS0020309231 [Tortoise Bug], NHMSYS0020309624 [Red-legged Shieldbug], NHMSYS0020482524 [Hairy-clubhorn Sawflies], NHMSYS0020528110 [Brown Soil Slug], NHMSYS0020528135 [White-lipped Snail], NHMSYS0020528153 [Common Garden Snail], NHMSYS0020528224 [Lesser Bulin], NHMSYS0020528268 [Round-mouthed Snail], NHMSYS0020528291 [Sowerby's Keeled Slug], NHMSYS0020695881 [Blueish Veilwort(2)], NHMSYS0020734178 [Bright Four-spined Legionnaire(2)], NHMSYS0020755521 [Large Skipper(229)], NHMSYS0020774747 [Spined Mason Bee], NHMSYS0021002801 [Purple Hairstreak(36)], NHMSYS0021002985 [Greenfinch(2)], NHMSYS0021005796, NHMSYS0021143568 [Peacock(263)], NHMSYS0021143605 [Brown Argus(6)], NHMSYS0021196425, NHMSYS0021196692, NHMSYS0021259817(6), NHMSYS0021597942 [Minute Pouncewort(3)], NHMSYS0021600167 [Common Smoothcap], NHMSYS0021600272, NHMSYS0021601287 [Lyell's Bristle-moss(2)], NHMSYS0021616481 [Creeping Feather-moss], NHMSYS0021616576 [Waved Silk-moss], NHMSYS0021953260, NHMSYS0021953275, NHMSYS0100002587 [Spring Cinquefoil]`"
**ST56737360**,`NHMSYS0020705811 [Cuckoo-Spit Insect]`
**ST5674**,"`NBNSYS0000000024 [Moorhen(22)], NBNSYS0000000038 [Herring Gull], NBNSYS0000002195 [Round-headed Leek(2)], NBNSYS0000004350 [Small Scabious], NBNSYS0000005127 [Stoat], NBNSYS0000005128 [Weasel], NBNSYS0000005630 [Emperor Dragonfly], NBNSYS0000005645 [Common Darter], NBNSYS0000007164(2), NBNSYS0000007318, NBNSYS0000007943 [Dark-edged Bee-fly], NBNSYS0000008289 [24-spot Ladybird], NBNSYS0000008318 [16-spot Ladybird], NBNSYS0000011622, NBNSYS0000011624, NBNSYS0000011627, NBNSYS0000011641, NBNSYS0000011674(2), NBNSYS0000011679, NBNSYS0000011703, NBNSYS0000011710, NBNSYS0000011797, NBNSYS0000011811, NBNSYS0000011857, NBNSYS0000011881, NBNSYS0000011945, NBNSYS0000012021, NBNSYS0000012036, NBNSYS0000012075, NBNSYS0000012086, NBNSYS0000012094, NBNSYS0000019884, NBNSYS0000022271 [Pale Thread-moss(2)], NBNSYS0000024244 [Common Red Soldier Beetle(2)], NBNSYS0000030502(4), NBNSYS0000030546(3), NBNSYS0000030557(2), NBNSYS0000030606, NBNSYS0000030721, NBNSYS0000036189 [Redshank(2)], NBNSYS0000036217 [Common Pincushion(2)], NBNSYS0000036227 [Broom Fork-moss], NBNSYS0000036261 [Heath Star Moss(2)], NBNSYS0000036272 [Short-leaved Pocket-moss], NBNSYS0000036284 [Common Pocket-moss(3)], NBNSYS0000036292 [Common Extinguisher-moss], NBNSYS0000036296 [Spiral Extinguisher-moss(2)], NBNSYS0000036310 [Wall Screw-moss(2)], NBNSYS0000036367 [Bird's-claw Beard-moss], NBNSYS0000036426 [Curly Crisp-moss], NBNSYS0000036437 [Neat Crisp-moss], NBNSYS0000036475 [Grey-cushioned Grimmia(2)], NBNSYS0000036512 [Common Cord-moss(3)], NBNSYS0000036600 [Capillary Thread-moss(3)], NBNSYS0000036628 [Silver-moss(2)], NBNSYS0000036631 [Wall Thread-moss], NBNSYS0000036641 [Swan's-neck Thyme-moss(2)], NBNSYS0000036706 [Anomalous Bristle-moss], NBNSYS0000036709 [Hooded Bristle-moss], NBNSYS0000036715 [White-tipped Bristle-moss(2)], NBNSYS0000036740 [Pendulous Wing-moss], NBNSYS0000036745 [Crisped Neckera(2)], NBNSYS0000036790 [Fern-leaved Hook-moss(3)], NBNSYS0000036832 [Pict-moss], NBNSYS0000036884 [Common Striated Feather-moss(2)], NBNSYS0000036901 [Tender Feather-moss], NBNSYS0000036933(2), NBNSYS0000036934 [Great Plait-moss(2)], NBNSYS0000036948 [Chalk Comb-moss(2)], NBNSYS0000143447 [Pointed Spear-moss(2)], NBNSYS0000146092 [Cylindric Beard-moss(2)], NBNSYS0000146093 [Dusky Beard-moss], NBNSYS0000146098 [Wavy Beard-moss], NBNSYS0000146101 [Olive Beard-moss], NBNSYS0000147421 [Rock Pocket-moss(2)], NBNSYS0000149724 [Common Feather-moss(2)], NBNSYS0000154158 [Lesser Striated Feather-moss(2)], NBNSYS0000157544 [Intermediate Screw-moss(2)], NBNSYS0000158318 [Cylindric Ditrichum], NBNSYS0100004508, NBNSYS0100004510, NBNSYS0100005361, NBNSYS0100005429 [Thickpoint Grimmia(2)], NBNSYS0100005599(2), NBNSYS0100005856 [Common Pottia], NBNSYS0100005950 [Painted Lady(41)], NBNSYS0100025219, NHMSYS0000309469 [Red Beard-moss], NHMSYS0000309488 [Dune Thread-moss(2)], NHMSYS0000309622 [St Winifrid's Other Moss], NHMSYS0000309639 [Tree-moss], NHMSYS0000309714 [Lateral Cryphaea(2)], NHMSYS0000309750 [Field Forklet-moss], NHMSYS0000309774 [Fallacious Beard-moss(2)], NHMSYS0000309777 [Perthshire Beard-moss], NHMSYS0000309902 [Dilated Scalewort(2)], NHMSYS0000310052 [Yellow Feather-moss], NHMSYS0000310078 [Mamillate Plait-moss], NHMSYS0000310185 [Forked Veilwort(2)], NHMSYS0000310256 [Elegant Bristle-moss], NHMSYS0000310315 [Long-beaked Thyme-moss], NHMSYS0000310316 [Hart's-tongue Thyme-moss(2)], NHMSYS0000310420 [Endive Pellia], NHMSYS0000310501 [Hornschuch's Beard-moss], NHMSYS0000310512 [Neat Feather-moss(2)], NHMSYS0000310549 [Even Scalewort], NHMSYS0000310582 [Green Yoke-moss(2)], NHMSYS0000310728 [Depressed Feather-moss], NHMSYS0000310748 [Fox-tail Feather-moss], NHMSYS0000310831, NHMSYS0000332764 [Grey Squirrel], NHMSYS0000501034 [Small Tortoiseshell(136)], NHMSYS0000501120 [Ringlet(456)], NHMSYS0000501356 [Silver-washed Fritillary(270)], NHMSYS0000501598 [Green Hairstreak(22)], NHMSYS0000501953 [Clouded Yellow(3)], NHMSYS0000502045 [Small Blue(24)], NHMSYS0000503020 [Wall(8)], NHMSYS0000503827 [Large White(851)], NHMSYS0000503832 [Small White(1258)], NHMSYS0000503893 [Comma(265)], NHMSYS0000504085 [White-letter Hairstreak], NHMSYS0000504514 [Essex Skipper(21)], NHMSYS0000504515 [Small Skipper(141)], NHMSYS0000504624 [Red Admiral(229)], NHMSYS0000516186 [Orange-tip(260)], NHMSYS0000516260 [Holly Blue(359)], NHMSYS0000516380 [Brimstone(283)], NHMSYS0000516465 [Small Copper(51)], NHMSYS0000516630 [Green-veined White(226)], NHMSYS0000516660 [Common Blue(374)], NHMSYS0000519083 [Small Heath(44)], NHMSYS0000520428 [Grayling], NHMSYS0000521977 [Meadow Brown(794)], NHMSYS0000522017 [Marbled White(468)], NHMSYS0000522857 [Gatekeeper(424)], NHMSYS0000523344 [Speckled Wood(1355)], NHMSYS0000530133 [Long-tailed Tit], NHMSYS0000530533 [Great Tit(5)], NHMSYS0000530537 [House Sparrow(5)], NHMSYS0000530578 [Firecrest], NHMSYS0000530579 [Goldcrest], NHMSYS0000530621 [Collared Dove(4)], NHMSYS0000530625 [Tawny Owl], NHMSYS0000530628 [Starling], NHMSYS0000530671 [Wren(2)], NHMSYS0000530674 [Blackbird(12)], NHMSYS0000530739 [Robin(7)], NHMSYS0000530749 [Chiffchaff], NHMSYS0000530790 [Dunnock], NHMSYS0000550499 [Dingy Skipper(8)], NHMSYS0000730335 [Castor Bean Tick], NHMSYS0000841019, NHMSYS0001498818, NHMSYS0001688296 [Blue Tit(4)], NHMSYS0001701949 [Brown-lipped Snail], NHMSYS0001701975 [Plaited Door Snail], NHMSYS0020309225 [Cabbage Bug(4)], NHMSYS0020528153 [Common Garden Snail], NHMSYS0020695851 [Velvet Feather-moss], NHMSYS0020695869 [Supine Plait-moss(2)], NHMSYS0020695887 [Swartz's Feather-moss(3)], NHMSYS0020695943, NHMSYS0020705653, NHMSYS0020755521 [Large Skipper(54)], NHMSYS0020825965 [Chalk Hill Blue(96)], NHMSYS0021002985 [Greenfinch(2)], NHMSYS0021143568 [Peacock(204)], NHMSYS0021143605 [Brown Argus(26)], NHMSYS0021143616 [Adonis Blue(4)], NHMSYS0021194764, NHMSYS0021442515, NHMSYS0021593217 [Tiny Feather-moss], NHMSYS0021595332 [Dwarf Feather-moss], NHMSYS0021595812 [Slender Ditrichum], NHMSYS0021597852 [Big Shaggy-moss(2)], NHMSYS0021600272(2), NHMSYS0021600277 [Lesser Bird's-claw Beard-moss], NHMSYS0021600282 [Side-fruited Crisp-moss], NHMSYS0021600292 [Lance-leaved Pottia], NHMSYS0021600297, NHMSYS0021601247 [Wood Bristle-moss(2)], NHMSYS0021601282 [Frizzled Pincushion], NHMSYS0021601287 [Lyell's Bristle-moss], NHMSYS0021601347(2), NHMSYS0021614624 [Schreberian Earth-moss], NHMSYS0021616456 [Silky Wall Feather-moss(3)], NHMSYS0021616481 [Creeping Feather-moss(3)], NHMSYS0021616486 [Clustered Feather-moss(3)], NHMSYS0021616496 [Wall Feather-moss(2)], NHMSYS0021616631 [Rough-stalked Feather-moss(3)], NHMSYS0021618717 [Variable Crisp-moss], NHMSYS0021635335 [Variable Forklet-moss(2)], NHMSYS0021645665(2)`"
**ST56747575**,`NHMSYS0000841039 [Parsley-leaved Bramble]`
**ST5675**,"`NBNSYS0000004284 [Creeping Bellflower], NBNSYS0000005599 [Large Red Damselfly(5)], NBNSYS0000005602 [Common Blue Damselfly(6)], NBNSYS0000005625 [Brown Hawker(5)], NBNSYS0000005630 [Emperor Dragonfly], NBNSYS0000005645 [Common Darter], NBNSYS0000006446, NBNSYS0000006912, NBNSYS0000007052, NBNSYS0000007057, NBNSYS0000007963 [White-Footed Ghost], NBNSYS0000008009(3), NBNSYS0000008045, NBNSYS0100002030 [Vestal Cuckoo Bee], NBNSYS0100002810, NBNSYS0100002824(2), NBNSYS0100003055, NBNSYS0100004493(3), NHMSYS0000080188 [Red Fox], NHMSYS0000080219 [Rabbit], NHMSYS0000309941 [Common Liverwort], NHMSYS0000332764 [Grey Squirrel], NHMSYS0000530247 [Goldfinch], NHMSYS0000530367 [Chaffinch(2)], NHMSYS0000530444 [Grasshopper Warbler], NHMSYS0000530533 [Great Tit(19)], NHMSYS0000530610 [Nuthatch], NHMSYS0000530633 [Blackcap], NHMSYS0000530674 [Blackbird(4)], NHMSYS0000530678 [Song Thrush(2)], NHMSYS0000530739 [Robin(2)], NHMSYS0000530790 [Dunnock], NHMSYS0000712592 [Harlequin Ladybird(4)], NHMSYS0000869707(2), NHMSYS0000875407 [Hairy-footed Flower Bee], NHMSYS0000876438 [Marsham's Nomad Bee], NHMSYS0000876509 [Red Mason Bee], NHMSYS0001688296 [Blue Tit(23)], NHMSYS0001688300 [Coal Tit(2)], NHMSYS0020309235 [Woundwort Shieldbug], NHMSYS0020309474 [Fine Streaked Bugkin], NHMSYS0021002985 [Greenfinch]`"
**ST5676**,"`NBNSYS0000000354 [Common Gull], NBNSYS0000005617 [Banded Demoiselle], NBNSYS0000005632 [Downy Emerald], NBNSYS0000005639 [Four-spotted Chaser(2)], NBNSYS0000005641 [Black-tailed Skimmer], NBNSYS0000005650 [Ruddy Darter], NBNSYS0000007069 [Greater Bulb-Fly], NHMSYS0000309941 [Common Liverwort], NHMSYS0000530309 [Woodpigeon], NHMSYS0000530367 [Chaffinch], NHMSYS0000530493 [Pied Wagtail], NHMSYS0000530533 [Great Tit(2)], NHMSYS0000530628 [Starling(120)], NHMSYS0000530633 [Blackcap(6)], NHMSYS0000530674 [Blackbird(8)], NHMSYS0000530678 [Song Thrush(26)], NHMSYS0000530739 [Robin(5)], NHMSYS0000530790 [Dunnock(4)], NHMSYS0000730335 [Castor Bean Tick], NHMSYS0001688296 [Blue Tit(2)], NHMSYS0020476639 [Western Conifer Seed Bug], NHMSYS0021002985 [Greenfinch(32)], NHMSYS0021178877 [Jackdaw]`"
**ST56767353**,`NBNSYS0000005626 [Southern Hawker(6)]`
**ST56767419**,`NBNSYS0000006964`
**ST56767769**,`NBNSYS0000029054`
**ST5677**,"`NBNSYS0000005606 [Azure Damselfly], NBNSYS0000030466, NBNSYS0000030540, NBNSYS0000030633, NBNSYS0000030640(2), NBNSYS0100002058(2), NBNSYS0100002920, NHMSYS0000080159 [Common Toad], NHMSYS0000080191 [Badger], NHMSYS0021002985 [Greenfinch]`"
**ST567717**,"`NBNSYS0000007825 [Broad Centurion], NBNSYS0000007976 [Tiger Cranefly], NBNSYS0100005063 [Downlooker Snipefly]`"
**ST567718**,`NHMSYS0021178877 [Jackdaw]`
**ST567722**,`NBNSYS0000008334 [22-spot Ladybird]`
**ST567723**,`NBNSYS0000036475 [Grey-cushioned Grimmia]`
**ST567727**,`NBNSYS0000008324 [7-spot Ladybird]`
**ST567738**,`NHMSYS0020528279 [Ghost Slug]`
**ST567740**,"`BMSSYS0000001357, BMSSYS0000049685, BMSSYS0000533914, BMSSYS0000534050, BMSSYS0000534141, NBNSYS0000015513, NBNSYS0000018300, NBNSYS0000018480 [Oak Moss], NBNSYS0000018536 [Dark Crottle], NBNSYS0000018579, NBNSYS0000018589, NBNSYS0000018905 [Netted Shield Lichen], NBNSYS0000018934, NBNSYS0000018986, NBNSYS0000039692, NBNSYS0000147457, NHMSYS0001476782, NHMSYS0001476799, NHMSYS0001482509, NHMSYS0001484847, NHMSYS0001485112, NHMSYS0001486984, NHMSYS0001489121, NHMSYS0001489123, NHMSYS0001489137, NHMSYS0001493019, NHMSYS0001493681, NHMSYS0001501925 [Common Orange Lichen], NHMSYS0020039387, NHMSYS0020327881, NHMSYS0020989760, NHMSYS0021645535`"
**ST567741**,`NBNSYS0000008324 [7-spot Ladybird]`
**ST567742**,"`NBNSYS0000013853, NHMSYS0021178904`"
**ST567755**,"`NBNSYS0000007820 [Dark-winged Black], NBNSYS0000007825 [Broad Centurion], NBNSYS0000030109, NHMSYS0000876513 [Orange-vented Mason Bee]`"
**ST567758**,"`NBNSYS0000013487 [Figwort Sawfly], NBNSYS0000025232 [Figwort Weevil], NHMSYS0000875562 [Small Garden Bumblebee], NHMSYS0020309225 [Cabbage Bug]`"
**ST567774**,"`NBNSYS0000005599 [Large Red Damselfly], NHMSYS0000344179 [Blue-tailed Damselfly]`"
**ST567775**,"`NBNSYS0000008455, NHMSYS0021055602 [Jenkins' Spire Snail]`"
**ST567780**,"`NBNSYS0000008315 [Adonis' Ladybird], NBNSYS0000008319 [2-spot Ladybird], NBNSYS0000008324 [7-spot Ladybird], NBNSYS0000008325 [11-spot Ladybird], NBNSYS0000008330 [14-spot Ladybird]`"
**ST5678**,"`NBNSYS0000005599 [Large Red Damselfly(10)], NBNSYS0000005602 [Common Blue Damselfly(11)], NBNSYS0000005625 [Brown Hawker(8)], NBNSYS0000005645 [Common Darter], NBNSYS0000007813 [White-barred Soldier], NBNSYS0000007814 [Hill Soldier], NBNSYS0000007815 [Pygmy Soldier], NBNSYS0000011004, NBNSYS0000011767, NBNSYS0000011799, NBNSYS0000030025, NBNSYS0000030026, NBNSYS0000030036, NBNSYS0000030089, NBNSYS0000030136, NBNSYS0000030213, NBNSYS0000036267 [Green Pocket-moss], NBNSYS0000036284 [Common Pocket-moss], NBNSYS0000036310 [Wall Screw-moss], NBNSYS0000036544 [Cape Thread-moss], NBNSYS0000036600 [Capillary Thread-moss], NBNSYS0000036933, NBNSYS0000146092 [Cylindric Beard-moss], NBNSYS0000146093 [Dusky Beard-moss], NBNSYS0000146096 [Nicholson's Beard-moss], NBNSYS0000149096 [Fountain Feather-moss], NBNSYS0000149724 [Common Feather-moss], NBNSYS0100004532, NHMSYS0000309660 [Bifid Crestwort], NHMSYS0000309666 [Variable-leaved Crestwort], NHMSYS0000309779 [Shady Beard-moss], NHMSYS0000309867 [Fatfoot Pocket-moss], NHMSYS0000309936 [Crescent-cup Liverwort], NHMSYS0000310185 [Forked Veilwort], NHMSYS0000310230 [Flat Neckera], NHMSYS0000310315 [Long-beaked Thyme-moss], NHMSYS0000310329 [Woodsy Silk-moss], NHMSYS0000310576 [Lesser Yoke-moss], NHMSYS0000310611 [Appleyard's Feather-moss], NHMSYS0000310728 [Depressed Feather-moss], NHMSYS0000310748 [Fox-tail Feather-moss], NHMSYS0000344179 [Blue-tailed Damselfly(11)], NHMSYS0000530133 [Long-tailed Tit(3)], NHMSYS0000530331 [Great Spotted Woodpecker], NHMSYS0000530578 [Firecrest(3)], NHMSYS0000530579 [Goldcrest], NHMSYS0000530674 [Blackbird], NHMSYS0001688296 [Blue Tit(5)], NHMSYS0001701949 [Brown-lipped Snail], NHMSYS0020153614 [Plum Beetle], NHMSYS0020636802, NHMSYS0020695869 [Supine Plait-moss], NHMSYS0021002985 [Greenfinch], NHMSYS0021009932 [Tramp Slug], NHMSYS0021595332 [Dwarf Feather-moss], NHMSYS0021616456 [Silky Wall Feather-moss], NHMSYS0021616481 [Creeping Feather-moss], NHMSYS0021616486 [Clustered Feather-moss], NHMSYS0021616626 [River Feather-moss], NHMSYS0021616631 [Rough-stalked Feather-moss]`"
**ST56787164**,`NBNSYS0000011200 [Hawthorn Leaf Beetle]`
**ST56787582**,"`NHMSYS0000875177 [Ashy Mining Bee], NHMSYS0000875202 [Yellow-legged Mining Bee], NHMSYS0000875215 [Orange-tailed Mining Bee], NHMSYS0000875567 [Red-tailed Bumblebee]`"
**ST56807155**,`NHMSYS0020705689`
**ST56807355**,`NHMSYS0000875595 [Buff-tailed Bumblebee]`
**ST56807394**,`NHMSYS0000875564 [Tree Bumblebee]`
**ST56817155**,`NHMSYS0000629480`
**ST56827482**,"`NBNSYS0000022337 [Green Worm], NBNSYS0000022342 [Mucous Worm(2)], NBNSYS0000022360 [Blue-Grey Worm]`"
**ST56837168**,`NBNSYS0000025312`
**ST56837174**,`NBNSYS0000029064`
**ST56837772**,`NHMSYS0000712592 [Harlequin Ladybird]`
**ST56847175**,`NBNSYS0000029061`
**ST56847202**,`NBNSYS0000011054`
**ST56847296**,`NHMSYS0000876769 [Hornet]`
**ST56847419**,"`NBNSYS0000006934, NBNSYS0000007097`"
**ST56857167**,`NHMSYS0020705874`
**ST56857169**,`NHMSYS0021123147`
**ST56857176**,`NHMSYS0021107975`
**ST56857186**,"`NBNSYS0000007914 [Violet Black-legged Robberfly], NBNSYS0000007915 [Stripe-legged Robberfly]`"
**ST56857384**,`NHMSYS0020528153 [Common Garden Snail]`
**ST56857393**,`NBNSYS0000011544 [Rose Chafer]`
**ST56857420**,`NBNSYS0000007010`
**ST56867179**,`NHMSYS0000629457`
**ST56867391**,"`NBNSYS0000006864, NBNSYS0000006916 [Marmalade Hoverfly], NBNSYS0000007061 [Batman Hoverfly]`"
**ST56867405**,`NBNSYS0000008332 [Orange Ladybird]`
**ST56867441**,`NBNSYS0000006951`
**ST568715**,"`NBNSYS0000000037 [Lesser Black-backed Gull], NHMSYS0000530315 [Carrion Crow], NHMSYS0000530761 [Magpie], NHMSYS0020962539 [Black-headed Gull]`"
**ST568716**,`NBNSYS0000006446`
**ST568720**,"`NBNSYS0000000037 [Lesser Black-backed Gull], NBNSYS0000007825 [Broad Centurion(2)], NBNSYS0000007976 [Tiger Cranefly], NBNSYS0000008324 [7-spot Ladybird], NHMSYS0000530674 [Blackbird], NHMSYS0000530761 [Magpie], NHMSYS0020109266 [Green Shieldbug]`"
**ST568721**,"`NBNSYS0000006446, NBNSYS0000008324 [7-spot Ladybird], NHMSYS0000712592 [Harlequin Ladybird]`"
**ST568724**,"`NBNSYS0000000037 [Lesser Black-backed Gull(2)], NBNSYS0000000038 [Herring Gull(2)], NHMSYS0000530315 [Carrion Crow]`"
**ST568725**,`NHMSYS0000876769 [Hornet]`
**ST568729**,`NHMSYS0020528153 [Common Garden Snail]`
**ST568731**,"`NBNSYS0000156911 [Broad-leaved Whitebeam], NHMSYS0000463798 [Orange Whitebeam(4)], NHMSYS0000712592 [Harlequin Ladybird]`"
**ST568732**,`NHMSYS0020309624 [Red-legged Shieldbug]`
**ST568739**,"`NBNSYS0000000009 [Canada Goose(2)], NBNSYS0000000024 [Moorhen], NBNSYS0000025232 [Figwort Weevil], NBNSYS0000036740 [Pendulous Wing-moss(2)], NHMSYS0001701897 [Large Red Slug], NHMSYS0020636838(2)`"
**ST568740**,"`NBNSYS0000011544 [Rose Chafer], NHMSYS0000712592 [Harlequin Ladybird], NHMSYS0001701897 [Large Red Slug], NHMSYS0021178904`"
**ST568743**,"`NHMSYS0000530313 [Raven], NHMSYS0020962539 [Black-headed Gull]`"
**ST568744**,"`NBNSYS0000018984, NBNSYS0000018988(2), NBNSYS0000019136, NHMSYS0001501165 [Witches' Whiskers Lichen(2)]`"
**ST568745**,"`NBNSYS0100002538 [Ivy Bee], NHMSYS0000876769 [Hornet], NHMSYS0001701895 [Large Black Slug], NHMSYS0001701949 [Brown-lipped Snail]`"
**ST568756**,`NHMSYS0000309941 [Common Liverwort]`
**ST568758**,"`NBNSYS0000008324 [7-spot Ladybird], NHMSYS0020309344 [Birch Catkin Bug], NHMSYS0020309624 [Red-legged Shieldbug], NHMSYS0020309665 [Gorse Shieldbug]`"
**ST56877180**,`NHMSYS0020151301`
**ST56877422**,`NBNSYS0000007007`
**ST568788**,"`NHMSYS0000875407 [Hairy-footed Flower Bee], NHMSYS0000875578 [Early Bumblebee], NHMSYS0000876769 [Hornet]`"
**ST568790**,`NHMSYS0000712592 [Harlequin Ladybird]`
**ST56887364**,`NHMSYS0000876769 [Hornet]`
**ST56887441**,`NBNSYS0000006916 [Marmalade Hoverfly]`
**ST56897393**,`NBNSYS0000025232 [Figwort Weevil]`
**ST56897466**,`NBNSYS0000007069 [Greater Bulb-Fly]`
**ST56907425**,`NBNSYS0000007011`
**ST56907452**,`NBNSYS0000007946 [Downland Villa]`
**ST56907679**,`NBNSYS0000008310 [Kidney-spot Ladybird]`
**ST56927335**,`NHMSYS0000875177 [Ashy Mining Bee]`
**ST56927398**,`NBNSYS0000007098 [Hornet Hoverfly]`
**ST56927403**,`NHMSYS0000875564 [Tree Bumblebee]`
**ST56937179**,`NHMSYS0020705646`
**ST56937191**,`NBNSYS0000030275 [Smoky-winged Woodlouse-fly(2)]`
**ST56937409**,`NHMSYS0000875177 [Ashy Mining Bee]`
**ST56947333**,`NHMSYS0000310721 [Marble Screw-moss]`
**ST56947453**,"`NBNSYS0000006894, NBNSYS0000006900`"
**ST56957660**,`NHMSYS0020705811 [Cuckoo-Spit Insect]`
**ST56967432**,`NBNSYS0100022820`
**ST569719**,"`NBNSYS0000008324 [7-spot Ladybird], NHMSYS0000344179 [Blue-tailed Damselfly]`"
**ST569721**,"`NBNSYS0000007911 [Striped Slender Robberfly], NHMSYS0000530621 [Collared Dove]`"
**ST569727**,`NBNSYS0000011449 [Lesser Stag Beetle]`
**ST569729**,`NBNSYS0000036475 [Grey-cushioned Grimmia]`
**ST569737**,`NHMSYS0020482538 [Yellow-legged Hairy-clubhorn]`
**ST569738**,"`NBNSYS0000000009 [Canada Goose], NHMSYS0020213805`"
**ST569739**,"`NBNSYS0000000024 [Moorhen], NHMSYS0000462477 [Japanese Rose], NHMSYS0000530761 [Magpie], NHMSYS0020213805`"
**ST569740**,"`NBNSYS0000000038 [Herring Gull], NBNSYS0000011523, NHMSYS0000309936 [Crescent-cup Liverwort], NHMSYS0000530307 [Rock Dove], NHMSYS0000530628 [Starling(3)], NHMSYS0020213805(2), NHMSYS0021178877 [Jackdaw(2)]`"
**ST569741**,`NBNSYS0000006853 [Australian Cockroach(4)]`
**ST569742**,"`NBNSYS0000006727 [Leopard Slug], NBNSYS0000007061 [Batman Hoverfly]`"
**ST569743**,"`NBNSYS0000006916 [Marmalade Hoverfly], NBNSYS0000007054`"
**ST569744**,"`NBNSYS0000007054(3), NBNSYS0000022280 [Springy Turf-moss]`"
**ST569745**,"`NBNSYS0000011005, NBNSYS0100002538 [Ivy Bee(3)], NHMSYS0000875423 [Western Honey Bee]`"
**ST569750**,"`BMSSYS0000001357(2), BMSSYS0000009425, BMSSYS0000016431, BMSSYS0000048296(2), BMSSYS0000048298(2), BMSSYS0000049685(2), BMSSYS0000534107, BMSSYS0000534141(2), NBNSYS0000015513, NBNSYS0000018300(2), NBNSYS0000018320, NBNSYS0000018421, NBNSYS0000018480 [Oak Moss(2)], NBNSYS0000018579(2), NBNSYS0000018589(2), NBNSYS0000018633, NBNSYS0000018905 [Netted Shield Lichen(2)], NBNSYS0000018924, NBNSYS0000018933, NBNSYS0000018934(2), NBNSYS0000018941(2), NBNSYS0000018986(2), NBNSYS0000018987, NBNSYS0000019233, NBNSYS0000019407, NBNSYS0000020580, NBNSYS0000147457(2), NHMSYS0001476782(2), NHMSYS0001476799(2), NHMSYS0001480937(2), NHMSYS0001482509(2), NHMSYS0001484847(3), NHMSYS0001485079(2), NHMSYS0001485112(4), NHMSYS0001486275, NHMSYS0001486984(2), NHMSYS0001487366(2), NHMSYS0001489123(2), NHMSYS0001489138(2), NHMSYS0001493019(3), NHMSYS0001493681(2), NHMSYS0001493685(2), NHMSYS0001496502, NHMSYS0001501925 [Common Orange Lichen(3)], NHMSYS0020039387(2), NHMSYS0020039553, NHMSYS0020327881(2), NHMSYS0020989705, NHMSYS0020989760, NHMSYS0020990108, NHMSYS0020990589(2), NHMSYS0021645535`"
**ST569755**,`NHMSYS0000712592 [Harlequin Ladybird]`
**ST569757**,"`NBNSYS0000007094, NHMSYS0000875564 [Tree Bumblebee], NHMSYS0000875567 [Red-tailed Bumblebee], NHMSYS0000875576 [Common Carder Bee], NHMSYS0021240088 [Bridgman’s Bean-galler]`"
**ST569758**,`NHMSYS0020109270`
**ST56977561**,`NBNSYS0000007874 [Notch-horned Cleg]`
**ST56977568**,`NHMSYS0000876099 [Common Yellow-face Bee]`
**ST56997176**,`NHMSYS0020705647`
**ST57**,"`NBNSYS0000002318 [Fly Orchid], NBNSYS0000002449 [Fingered Sedge(5)], NBNSYS0000002891 [Bristol Rock-cress(2)], NBNSYS0000002998 [Red Campion(2)], NBNSYS0000003022 [Common Mouse-ear(2)], NBNSYS0000004283 [Nettle-leaved Bellflower], NBNSYS0000011116 [Lily Beetle], NHMSYS0000456850 [Glaucous Sedge(3)], NHMSYS0000457067, NHMSYS0000463793 [Whitebeam(2)], NHMSYS0000463797 [Bristol Whitebeam(13)], NHMSYS0000463801 [Round-leaved Whitebeam], NHMSYS0000463819 [Wilmott's Whitebeam], NHMSYS0000530354 [Peregrine(6)], NHMSYS0000530357 [Hobby], NHMSYS0000530743 [Merlin], NHMSYS0020110588 [White's Whitebeam], NHMSYS0020309142, NHMSYS0021276051 [Shoveler], NHMSYS0100002199`"
**ST57007173**,`NBNSYS0000011054`
**ST57007187**,`NHMSYS0000875177 [Ashy Mining Bee]`
**ST57007462**,"`NBNSYS0000006993, NBNSYS0000029054`"
**ST57017465**,`NBNSYS0000006984`
**ST57037174**,`NHMSYS0000876357 [Grass Ant]`
**ST57047462**,`NBNSYS0000030717`
**ST57047477**,`NBNSYS0000006446`
**ST57057169**,`MM0001Z1PKB441ZZ`
**ST57067828**,`NHMSYS0000712592 [Harlequin Ladybird]`
**ST570716**,"`NHMSYS0000530307 [Rock Dove], NHMSYS0000530309 [Woodpigeon], NHMSYS0000530674 [Blackbird], NHMSYS0000530739 [Robin]`"
**ST570717**,`NHMSYS0020528279 [Ghost Slug]`
**ST570721**,`NBNSYS0100000129`
**ST570722**,"`NBNSYS0000036706 [Anomalous Bristle-moss], NHMSYS0000530674 [Blackbird]`"
**ST570728**,"`NHMSYS0000712592 [Harlequin Ladybird], NHMSYS0020302077`"
**ST570730**,`NHMSYS0000530247 [Goldfinch]`
**ST570736**,`NHMSYS0000712592 [Harlequin Ladybird(2)]`
**ST570744**,"`NBNSYS0000005599 [Large Red Damselfly(8)], NBNSYS0000005606 [Azure Damselfly(23)], NBNSYS0000005630 [Emperor Dragonfly], NBNSYS0000005637 [Broad-bodied Chaser], NBNSYS0000005645 [Common Darter], NBNSYS0000008041, NHMSYS0000876223 [Yellow Meadow Ant], NHMSYS0020309254`"
**ST570745**,`NBNSYS0000036054 [Common Crystalwort(2)]`
**ST570746**,"`NBNSYS0000006894, NBNSYS0000006951, NBNSYS0000011544 [Rose Chafer], NBNSYS0000030074, NBNSYS0100002028 [Hill Cuckoo Bee], NBNSYS0100002538 [Ivy Bee(2)], NHMSYS0001717495, NHMSYS0020528155 [Netted Field Slug], NHMSYS0021178877 [Jackdaw]`"
**ST570747**,"`NBNSYS0000030074(2), NHMSYS0020109260 [Nettle Groundbug]`"
**ST570756**,"`NBNSYS0000007972, NBNSYS0000008467, NHMSYS0020109258`"
**ST570767**,`NHMSYS0020705811 [Cuckoo-Spit Insect]`
**ST570770**,`NBNSYS0000005630 [Emperor Dragonfly(2)]`
**ST57077472**,`NBNSYS0000006894(2)`
**ST570777**,`NHMSYS0000530309 [Woodpigeon(2)]`
**ST570778**,"`NBNSYS0000000038 [Herring Gull], NHMSYS0000530315 [Carrion Crow], NHMSYS0000530739 [Robin(2)]`"
**ST57087170**,`NBNSYS0000029037`
**ST57087473**,`NBNSYS0000006897`
**ST57107464**,`NBNSYS0000006727 [Leopard Slug]`
**ST57107564**,`NBNSYS0000007852 [Tree Snipefly]`
**ST57147473**,`NBNSYS0000006916 [Marmalade Hoverfly]`
**ST57167474**,`NBNSYS0000006937`
**ST571716**,`NHMSYS0020476639 [Western Conifer Seed Bug(2)]`
**ST571717**,"`NHMSYS0020528135 [White-lipped Snail], NHMSYS0020528153 [Common Garden Snail]`"
**ST571721**,"`NBNSYS0000000004 [Cormorant], NHMSYS0000530309 [Woodpigeon], NHMSYS0000530315 [Carrion Crow], NHMSYS0020213805`"
**ST571723**,"`NHMSYS0000530307 [Rock Dove], NHMSYS0000530537 [House Sparrow]`"
**ST571728**,"`NBNSYS0000006933, NBNSYS0000008330 [14-spot Ladybird]`"
**ST571741**,`NHMSYS0020920000`
**ST571745**,"`NBNSYS0000007828 [Black-horned Gem], NBNSYS0000007943 [Dark-edged Bee-fly]`"
**ST571747**,"`NBNSYS0000008324 [7-spot Ladybird], NBNSYS0000030074, NHMSYS0000875202 [Yellow-legged Mining Bee(2)]`"
**ST571763**,`NHMSYS0020476639 [Western Conifer Seed Bug(3)]`
**ST571773**,"`NHMSYS0000530533 [Great Tit], NHMSYS0000530537 [House Sparrow]`"
**ST57177814**,`NHMSYS0000712592 [Harlequin Ladybird]`
**ST57187349**,`NHMSYS0020705811 [Cuckoo-Spit Insect]`
**ST57197234**,`NHMSYS0000875564 [Tree Bumblebee]`
**ST57197454**,`NBNSYS0000007943 [Dark-edged Bee-fly]`
**ST57207109**,`NBNSYS0000006916 [Marmalade Hoverfly]`
**ST57207306**,`NHMSYS0020705811 [Cuckoo-Spit Insect]`
**ST5720772139**,"`NBNSYS0000006809 [Zebra Mussel(2)], NHMSYS0020936787(2), NHMSYS0021050246 [Demon Shrimp(3)], NHMSYS0021199932`"
**ST57217263**,`NBNSYS0000005599 [Large Red Damselfly(2)]`
**ST57257739**,`NHMSYS0000712592 [Harlequin Ladybird]`
**ST57257757**,`NHMSYS0020959410`
**ST57257804**,`NHMSYS0000875177 [Ashy Mining Bee]`
**ST572725**,"`NBNSYS0000000010 [Mute Swan], NBNSYS0000000038 [Herring Gull], NHMSYS0020962539 [Black-headed Gull]`"
**ST572727**,`NHMSYS0020528153 [Common Garden Snail]`
**ST572730**,`NBNSYS0000040751`
**ST572735**,`NHMSYS0000712592 [Harlequin Ladybird]`
**ST572738**,`NHMSYS0000712592 [Harlequin Ladybird(2)]`
**ST572739**,`NHMSYS0020528153 [Common Garden Snail]`
**ST572745**,`NBNSYS0000007943 [Dark-edged Bee-fly]`
**ST572763**,"`NBNSYS0000005599 [Large Red Damselfly(10)], NBNSYS0000005602 [Common Blue Damselfly(13)], NBNSYS0000005606 [Azure Damselfly(4)], NBNSYS0000005630 [Emperor Dragonfly(6)], NBNSYS0000005637 [Broad-bodied Chaser(2)], NHMSYS0000344179 [Blue-tailed Damselfly(18)]`"
**ST57277359**,`NHMSYS0000712592 [Harlequin Ladybird]`
**ST572774**,"`NHMSYS0000530309 [Woodpigeon], NHMSYS0021178877 [Jackdaw]`"
**ST572793**,"`NHMSYS0000530307 [Rock Dove], NHMSYS0000530309 [Woodpigeon], NHMSYS0000530313 [Raven], NHMSYS0000530314 [Hooded Crow], NHMSYS0000530316 [Rook], NHMSYS0000530537 [House Sparrow], NHMSYS0000530621 [Collared Dove], NHMSYS0000530633 [Blackcap], NHMSYS0000530674 [Blackbird], NHMSYS0000530739 [Robin], NHMSYS0000530761 [Magpie]`"
**ST57297627**,`NHMSYS0000875215 [Orange-tailed Mining Bee]`
**ST57317130**,"`NHMSYS0020151660 [Cabbage Stem Weevil], NHMSYS0020153658`"
**ST57317236**,"`NBNSYS0000008324 [7-spot Ladybird], NHMSYS0000712592 [Harlequin Ladybird]`"
**ST57327130**,"`NBNSYS0000011307, NBNSYS0100002211, NHMSYS0020530792, NHMSYS0020705295, NHMSYS0020745856`"
**ST57327132**,"`NBNSYS0000007852 [Tree Snipefly(4)], NBNSYS0000008276, NBNSYS0000029054, NBNSYS0000029061, NBNSYS0000029064(2), NBNSYS0000030090, NBNSYS0000030273 [Pouting Woodlouse-fly(2)], NBNSYS0100004560, NBNSYS0100004574(2), NBNSYS0100004808, NHMSYS0000875648 [Small Scissor Bee], NHMSYS0000876509 [Red Mason Bee], NHMSYS0020152473, NHMSYS0020705231, NHMSYS0020745854, NHMSYS0020745858(2), NHMSYS0021126499`"
**ST57327741**,`NBNSYS0000005626 [Southern Hawker(2)]`
**ST57337131**,`MM0001Z1PKB811ZZ`
**ST57337132**,`NBNSYS0100005585`
**ST57357287**,`NBNSYS0000007061 [Batman Hoverfly]`
**ST57357726**,`NBNSYS0000005626 [Southern Hawker]`
**ST573713**,`NHMSYS0020482265 [Dark Twinhorn]`
**ST573723**,"`NHMSYS0000530165 [Swift], NHMSYS0000530329 [House Martin]`"
**ST573728**,"`NBNSYS0000007069 [Greater Bulb-Fly], NHMSYS0000344179 [Blue-tailed Damselfly]`"
**ST573730**,"`NBNSYS0000006867(3), NBNSYS0000006871(5), NBNSYS0000006916 [Marmalade Hoverfly(2)], NBNSYS0000007980, NBNSYS0000160953, NHMSYS0020152556, NHMSYS0020528153 [Common Garden Snail]`"
**ST573731**,`NHMSYS0000080185 [Leisler's Bat(3)]`
**ST573738**,`NBNSYS0000007943 [Dark-edged Bee-fly]`
**ST573742**,`NHMSYS0020528153 [Common Garden Snail]`
**ST573746**,`NHMSYS0000876303 [Willughby's Leafcutter Bee]`
**ST573747**,"`NHMSYS0000875407 [Hairy-footed Flower Bee], NHMSYS0000876509 [Red Mason Bee]`"
**ST573748**,`NBNSYS0000008324 [7-spot Ladybird]`
**ST573759**,`NHMSYS0020705811 [Cuckoo-Spit Insect]`
**ST573773**,`NHMSYS0000530674 [Blackbird]`
**ST57387177**,`NHMSYS0020302077`
**ST57387307**,`NBNSYS0000008324 [7-spot Ladybird]`
**ST57397210**,`NBNSYS0000036512 [Common Cord-moss]`
**ST57407117**,`NBNSYS0000007943 [Dark-edged Bee-fly]`
**ST57417211**,`NBNSYS0000036512 [Common Cord-moss]`
**ST57417763**,`NBNSYS0000005645 [Common Darter(2)]`
**ST57437737**,`NBNSYS0000005072 [Slow-worm]`
**ST57457342**,`NHMSYS0000875177 [Ashy Mining Bee]`
**ST57467359**,`NHMSYS0000712592 [Harlequin Ladybird]`
**ST574722**,`NBNSYS0000007354`
**ST574726**,`NBNSYS0000006727 [Leopard Slug]`
**ST574728**,`NHMSYS0000712592 [Harlequin Ladybird]`
**ST574729**,"`NBNSYS0000008326 [Cream-streaked Ladybird], NHMSYS0020528153 [Common Garden Snail]`"
**ST574732**,`NHMSYS0000463798 [Orange Whitebeam(3)]`
**ST574735**,`NBNSYS0000008334 [22-spot Ladybird]`
**ST574741**,`NHMSYS0000530621 [Collared Dove]`
**ST574745**,`NBNSYS0000024850 [Yellow Mealworm Beetle]`
**ST574763**,`NBNSYS0000138116`
**ST57477149**,`NHMSYS0000712592 [Harlequin Ladybird]`
**ST57477575**,`NHMSYS0020705811 [Cuckoo-Spit Insect]`
**ST57497363**,`NHMSYS0020302077`
**ST57517709**,`NHMSYS0020705811 [Cuckoo-Spit Insect]`
**ST57537109**,`NHMSYS0020705811 [Cuckoo-Spit Insect]`
**ST57537212**,"`NBNSYS0000006446, NBNSYS0000006941, NBNSYS0000006959, NBNSYS0000006964, NBNSYS0000007052, NBNSYS0000007054, NBNSYS0000007061 [Batman Hoverfly], NBNSYS0000007110, NBNSYS0000033260`"
**ST57537421**,`NHMSYS0000712592 [Harlequin Ladybird]`
**ST57537603**,`NHMSYS0000875564 [Tree Bumblebee]`
**ST57557398**,`NHMSYS0000712592 [Harlequin Ladybird]`
**ST575710**,`NHMSYS0000712592 [Harlequin Ladybird]`
**ST575712**,`NHMSYS0020109266 [Green Shieldbug]`
**ST575723**,`NBNSYS0000000024 [Moorhen]`
**ST575724**,"`NBNSYS0000000010 [Mute Swan], NBNSYS0000000024 [Moorhen]`"
**ST575730**,"`NHMSYS0000530374 [Jay], NHMSYS0000712592 [Harlequin Ladybird], NHMSYS0000875567 [Red-tailed Bumblebee], NHMSYS0020476639 [Western Conifer Seed Bug(2)]`"
**ST575732**,`NHMSYS0000712592 [Harlequin Ladybird]`
**ST575736**,`NHMSYS0000712592 [Harlequin Ladybird]`
**ST575737**,`NBNSYS0000011538 [Common Cockchafer]`
**ST575739**,`NHMSYS0000712592 [Harlequin Ladybird(2)]`
**ST575757**,`NHMSYS0000530628 [Starling]`
**ST575774**,"`NBNSYS0000006866, NBNSYS0000006867(2), NBNSYS0000006871, NBNSYS0000006916 [Marmalade Hoverfly(8)], NBNSYS0000006934, NBNSYS0000006937(2), NBNSYS0000006964, NBNSYS0000006966(2), NBNSYS0000007054(2), NBNSYS0000007057, NBNSYS0000007069 [Greater Bulb-Fly], NBNSYS0000007110, NBNSYS0000025449 [Strawberry-blossom Weevil], NBNSYS0000030074, NBNSYS0000030273 [Pouting Woodlouse-fly(2)], NBNSYS0000030329, NBNSYS0000030351 [Sheep-strike Greenbottle], NBNSYS0000030502(2), NBNSYS0000030717, NBNSYS0000030780, NBNSYS0000033260(4), NBNSYS0000132285, NBNSYS0000135924, NBNSYS0000159674(2), NBNSYS0000160436, NBNSYS0000161161(3), NBNSYS0100004477, NHMSYS0000841349 [ants, bees and wasps], NHMSYS0000875423 [Western Honey Bee(77)], NHMSYS0000875470 [Bumblebee(3)], NHMSYS0000875564 [Tree Bumblebee(7)], NHMSYS0000875567 [Red-tailed Bumblebee(14)], NHMSYS0000875570 [White-tailed Bumblebee(5)], NHMSYS0000875576 [Common Carder Bee(7)], NHMSYS0000875578 [Early Bumblebee(10)], NHMSYS0000875595 [Buff-tailed Bumblebee(34)], NHMSYS0000875847 [Norwegian Wasp], NHMSYS0000876106 [Hairy Yellow-face], NHMSYS0000876174 [Common Furrow Bee(12)], NHMSYS0000876193 [Green Furrow Bee(3)], NHMSYS0000876212 [Smeathman's Furrow Bee(7)], NHMSYS0000876219(19), NHMSYS0000876783 [Common Wasp], NHMSYS0020308927(2), NHMSYS0020309717, NHMSYS0020959398, NHMSYS0021199113(3), NHMSYS0021898023(6)`"
**ST57577468**,`NHMSYS0001702050 [Girdled Snail]`
**ST575782**,`NBNSYS0000005630 [Emperor Dragonfly]`
**ST575785**,`NHMSYS0020528153 [Common Garden Snail]`
**ST575793**,`NBNSYS0000007943 [Dark-edged Bee-fly]`
**ST57587164**,"`NBNSYS0000005645 [Common Darter], NBNSYS0000007098 [Hornet Hoverfly]`"
**ST57587402**,`NHMSYS0000875564 [Tree Bumblebee]`
**ST57587787**,`NHMSYS0000332764 [Grey Squirrel]`
**ST57597216**,`NBNSYS0000036715 [White-tipped Bristle-moss]`
**ST57607111**,"`NBNSYS0000003383 [Garden Lady's-mantle(2)], NBNSYS0000006871, NBNSYS0000006959, NBNSYS0000007052, NBNSYS0000007054(2), NBNSYS0000007057, NBNSYS0000007061 [Batman Hoverfly], NBNSYS0000007069 [Greater Bulb-Fly], NBNSYS0000007110, NBNSYS0000011544 [Rose Chafer], NBNSYS0000033260(2), NBNSYS0000037081, NBNSYS0000041856(2), NBNSYS0000173038 [Moss(2)], NHMSYS0000309470, NHMSYS0000875423 [Western Honey Bee], NHMSYS0001701872, NHMSYS0001702050 [Girdled Snail], NHMSYS0001702157 [Common Bladder Snail], NHMSYS0001702159, NHMSYS0001702244 [Strawberry Snail], NHMSYS0020109265 [Vine Weevil], NHMSYS0020109266 [Green Shieldbug], NHMSYS0020528107, NHMSYS0020528135 [White-lipped Snail], NHMSYS0020528153 [Common Garden Snail], NHMSYS0020705541, NHMSYS0020705811 [Cuckoo-Spit Insect], NHMSYS0021009894 [Iberian Threeband Slug], NHMSYS0021056362 [Great Pond Snail], NHMSYS0021898013 [Common Earwig]`"
**ST57657839**,`NBNSYS0000005630 [Emperor Dragonfly]`
**ST576711**,"`NHMSYS0000377643, NHMSYS0000875564 [Tree Bumblebee], NHMSYS0001702050 [Girdled Snail], NHMSYS0001702060, NHMSYS0020528135 [White-lipped Snail], NHMSYS0020528153 [Common Garden Snail]`"
**ST576721**,"`NHMSYS0001702106 [Kentish Snail], NHMSYS0001702150, NHMSYS0001702244 [Strawberry Snail], NHMSYS0021178877 [Jackdaw]`"
**ST576724**,"`NBNSYS0000000004 [Cormorant], NBNSYS0000000024 [Moorhen]`"
**ST576725**,"`NBNSYS0000000010 [Mute Swan], NHMSYS0000530309 [Woodpigeon], NHMSYS0000530315 [Carrion Crow]`"
**ST576728**,"`NHMSYS0001688296 [Blue Tit], NHMSYS0020476639 [Western Conifer Seed Bug(2)]`"
**ST576739**,`NHMSYS0001702050 [Girdled Snail]`
**ST576741**,"`NBNSYS0000036475 [Grey-cushioned Grimmia], NHMSYS0000309936 [Crescent-cup Liverwort], NHMSYS0000309941 [Common Liverwort], NHMSYS0000530493 [Pied Wagtail]`"
**ST576745**,`NBNSYS0000041856`
**ST576757**,"`NBNSYS0000006883, NBNSYS0000007054, NBNSYS0000007110`"
**ST576759**,`NHMSYS0000875564 [Tree Bumblebee]`
**ST576765**,`NHMSYS0020528279 [Ghost Slug]`
**ST57677414**,`NBNSYS0000036310 [Wall Screw-moss]`
**ST576776**,"`NBNSYS0000005626 [Southern Hawker], NBNSYS0000005645 [Common Darter], NHMSYS0000344179 [Blue-tailed Damselfly]`"
**ST576782**,`NBNSYS0000005630 [Emperor Dragonfly]`
**ST576794**,"`NBNSYS0000005621 [Golden-ringed Dragonfly], NBNSYS0000005637 [Broad-bodied Chaser]`"
**ST57687442**,`NHMSYS0000712592 [Harlequin Ladybird]`
**ST57687469**,`NHMSYS0000875564 [Tree Bumblebee]`
**ST57697119**,`NHMSYS0000712592 [Harlequin Ladybird]`
**ST57707205**,`NHMSYS0000712592 [Harlequin Ladybird]`
**ST5771**,"`NBNSYS0000000010 [Mute Swan(2)], NBNSYS0000000037 [Lesser Black-backed Gull], NBNSYS0000000038 [Herring Gull], NHMSYS0000530537 [House Sparrow], NHMSYS0000530628 [Starling(8)], NHMSYS0000530633 [Blackcap], NHMSYS0000530674 [Blackbird], NHMSYS0000530739 [Robin], NHMSYS0000530790 [Dunnock], NHMSYS0000730335 [Castor Bean Tick(4)], NHMSYS0001688296 [Blue Tit(3)], NHMSYS0020109266 [Green Shieldbug], NHMSYS0021002985 [Greenfinch]`"
**ST5772**,"`NBNSYS0000000004 [Cormorant(48)], NBNSYS0000000006 [Grey Heron(2)], NBNSYS0000000007 [Mallard(59)], NBNSYS0000000009 [Canada Goose(7)], NBNSYS0000000010 [Mute Swan(55)], NBNSYS0000000024 [Moorhen(16)], NBNSYS0000000026 [Oystercatcher], NBNSYS0000000036 [Great Black-backed Gull(2)], NBNSYS0000000037 [Lesser Black-backed Gull(63)], NBNSYS0000000038 [Herring Gull(61)], NBNSYS0000000201 [Greylag Goose(3)], NBNSYS0000003025 [Sea Mouse-ear], NBNSYS0000003567 [Square-stalked Willowherb], NBNSYS0000005060 [Common Frog], NBNSYS0000005599 [Large Red Damselfly(2)], NBNSYS0000005602 [Common Blue Damselfly], NBNSYS0000005606 [Azure Damselfly(2)], NBNSYS0000005627 [Migrant Hawker(2)], NBNSYS0000006912, NBNSYS0000006916 [Marmalade Hoverfly], NBNSYS0000006985, NBNSYS0000007061 [Batman Hoverfly(2)], NBNSYS0000007069 [Greater Bulb-Fly], NBNSYS0000007110, NBNSYS0000007952(2), NBNSYS0000008319 [2-spot Ladybird], NBNSYS0000011063, NBNSYS0000011542 [Garden Chafer], NBNSYS0000011544 [Rose Chafer], NBNSYS0000011942, NBNSYS0000024881 [Red-headed Cardinal Beetle], NBNSYS0000030494, NBNSYS0000030506, NBNSYS0000030640, NBNSYS0000040751, NBNSYS0000161634, NBNSYS0100002042, NBNSYS0100004720 [Soprano Pipistrelle(2)], NHMSYS0000080159 [Common Toad], NHMSYS0000080188 [Red Fox(6)], NHMSYS0000080213 [Black Rat(2)], NHMSYS0000309902 [Dilated Scalewort], NHMSYS0000309936 [Crescent-cup Liverwort], NHMSYS0000310185 [Forked Veilwort], NHMSYS0000332764 [Grey Squirrel(38)], NHMSYS0000344179 [Blue-tailed Damselfly(2)], NHMSYS0000376160 [Bat], NHMSYS0000530120 [Sparrowhawk(2)], NHMSYS0000530133 [Long-tailed Tit(24)], NHMSYS0000530159 [Meadow Pipit], NHMSYS0000530165 [Swift(19)], NHMSYS0000530247 [Goldfinch(51)], NHMSYS0000530307 [Rock Dove(58)], NHMSYS0000530308 [Stock Dove], NHMSYS0000530309 [Woodpigeon(58)], NHMSYS0000530315 [Carrion Crow(57)], NHMSYS0000530316 [Rook(6)], NHMSYS0000530329 [House Martin(18)], NHMSYS0000530331 [Great Spotted Woodpecker(4)], NHMSYS0000530367 [Chaffinch(37)], NHMSYS0000530374 [Jay(28)], NHMSYS0000530406 [Swallow(9)], NHMSYS0000530493 [Pied Wagtail(24)], NHMSYS0000530494 [Grey Wagtail(18)], NHMSYS0000530496 [Yellow Wagtail], NHMSYS0000530533 [Great Tit(45)], NHMSYS0000530537 [House Sparrow(38)], NHMSYS0000530579 [Goldcrest(25)], NHMSYS0000530610 [Nuthatch(4)], NHMSYS0000530621 [Collared Dove(43)], NHMSYS0000530628 [Starling(29)], NHMSYS0000530633 [Blackcap(45)], NHMSYS0000530634 [Garden Warbler(6)], NHMSYS0000530671 [Wren(58)], NHMSYS0000530674 [Blackbird(58)], NHMSYS0000530678 [Song Thrush(31)], NHMSYS0000530682 [Mistle Thrush(23)], NHMSYS0000530739 [Robin(62)], NHMSYS0000530749 [Chiffchaff(32)], NHMSYS0000530759 [Willow Warbler(3)], NHMSYS0000530761 [Magpie(57)], NHMSYS0000530763 [Green Woodpecker], NHMSYS0000530790 [Dunnock(48)], NHMSYS0000530802 [Bullfinch], NHMSYS0000532723 [Wood Duck(2)], NHMSYS0000730335 [Castor Bean Tick(2)], NHMSYS0000875177 [Ashy Mining Bee], NHMSYS0000875215 [Orange-tailed Mining Bee], NHMSYS0000875407 [Hairy-footed Flower Bee(2)], NHMSYS0000875564 [Tree Bumblebee], NHMSYS0001688296 [Blue Tit(58)], NHMSYS0001688300 [Coal Tit(14)], NHMSYS0001688303 [Marsh Tit], NHMSYS0020001355 [Common Pipistrelle(8)], NHMSYS0020308885 [Hawthorn Shieldbug], NHMSYS0020528135 [White-lipped Snail], NHMSYS0020962539 [Black-headed Gull(6)], NHMSYS0021002985 [Greenfinch(47)], NHMSYS0021053542 [Common Sandpiper(4)], NHMSYS0021178877 [Jackdaw(48)], NHMSYS0021311327 [Whitethroat(4)]`"
**ST57727559**,`NBNSYS0000005645 [Common Darter]`
**ST57727837**,`NHMSYS0020705811 [Cuckoo-Spit Insect]`
**ST5773**,"`MM0001Z1V30791ZB, NBNSYS0000000009 [Canada Goose], NBNSYS0000000010 [Mute Swan(3)], NBNSYS0000000037 [Lesser Black-backed Gull(2)], NBNSYS0000005599 [Large Red Damselfly(4)], NBNSYS0000005602 [Common Blue Damselfly(3)], NBNSYS0000040751, NBNSYS0000136578 [Pipistrelle Bat species], NHMSYS0000080213 [Black Rat], NHMSYS0000309660 [Bifid Crestwort], NHMSYS0000309936 [Crescent-cup Liverwort], NHMSYS0000530130 [Reed Warbler], NHMSYS0000530537 [House Sparrow(2)], NHMSYS0000530628 [Starling(10)], NHMSYS0000530674 [Blackbird(8)], NHMSYS0000530678 [Song Thrush(4)], NHMSYS0000712592 [Harlequin Ladybird(2)], NHMSYS0001688296 [Blue Tit(2)], NHMSYS0020001355 [Common Pipistrelle(14)], NHMSYS0020151698, NHMSYS0020152218, NHMSYS0020528153 [Common Garden Snail], NHMSYS0021178877 [Jackdaw], NHMSYS0021616456 [Silky Wall Feather-moss]`"
**ST57737229**,`NBNSYS0100005684 [Sand-hill Screw-moss]`
**ST57737500**,`NBNSYS0000011544 [Rose Chafer]`
**ST57737649**,`NHMSYS0020705811 [Cuckoo-Spit Insect]`
**ST5774**,"`NBNSYS0000040751, NHMSYS0000530374 [Jay], NHMSYS0000530761 [Magpie], NHMSYS0000730335 [Castor Bean Tick(4)], NHMSYS0020309198 [Birch Shieldbug], NHMSYS0020705811 [Cuckoo-Spit Insect]`"
**ST57747284**,`NHMSYS0000712592 [Harlequin Ladybird]`
**ST5775**,"`NBNSYS0000000037 [Lesser Black-backed Gull], NBNSYS0000005599 [Large Red Damselfly], NBNSYS0000005626 [Southern Hawker], NBNSYS0000005627 [Migrant Hawker], NBNSYS0000030762, NBNSYS0000030781(2), NHMSYS0000080188 [Red Fox], NHMSYS0000530628 [Starling(18)], NHMSYS0000530674 [Blackbird(18)], NHMSYS0000530678 [Song Thrush(8)], NHMSYS0001688296 [Blue Tit(13)], NHMSYS0020001355 [Common Pipistrelle], NHMSYS0020962539 [Black-headed Gull], NHMSYS0021002985 [Greenfinch(6)]`"
**ST57757744**,`NHMSYS0020528279 [Ghost Slug]`
**ST5776**,"`NBNSYS0000000007 [Mallard(2)], NBNSYS0000000010 [Mute Swan], NBNSYS0000000038 [Herring Gull(2)], NBNSYS0000001346 [Pied Wagtail], NHMSYS0000530165 [Swift(2)], NHMSYS0000530358 [Kestrel(2)], NHMSYS0000530362 [Pied Flycatcher], NHMSYS0000530367 [Chaffinch(6)], NHMSYS0000530374 [Jay(2)], NHMSYS0000530533 [Great Tit(15)], NHMSYS0000530537 [House Sparrow(16)], NHMSYS0000530579 [Goldcrest], NHMSYS0000530621 [Collared Dove(3)], NHMSYS0000530628 [Starling(36)], NHMSYS0000530633 [Blackcap(2)], NHMSYS0000530674 [Blackbird(33)], NHMSYS0000530678 [Song Thrush(19)], NHMSYS0000530682 [Mistle Thrush], NHMSYS0000530739 [Robin(7)], NHMSYS0000712592 [Harlequin Ladybird], NHMSYS0000730335 [Castor Bean Tick(3)], NHMSYS0001688296 [Blue Tit(52)], NHMSYS0001688300 [Coal Tit(2)], NHMSYS0001688303 [Marsh Tit], NHMSYS0020528153 [Common Garden Snail], NHMSYS0021002985 [Greenfinch(50)], NHMSYS0021178877 [Jackdaw(2)]`"
**ST5777**,"`NBNSYS0000000006 [Grey Heron(2)], NBNSYS0000000007 [Mallard(5)], NBNSYS0000000037 [Lesser Black-backed Gull(6)], NBNSYS0000000038 [Herring Gull(7)], NBNSYS0000003322 [Raspberry], NBNSYS0000005645 [Common Darter], NBNSYS0000006155 [Cinnabar], NBNSYS0000006446, NBNSYS0000006727 [Leopard Slug], NBNSYS0000007061 [Batman Hoverfly], NBNSYS0000012946(2), NBNSYS0000012949(2), NBNSYS0000012951, NBNSYS0000012954(2), NBNSYS0000012956(2), NBNSYS0000012958, NBNSYS0000133089, NBNSYS0000133216, NBNSYS0100005950 [Painted Lady], NHMSYS0000080210 [Wood Mouse], NHMSYS0000332764 [Grey Squirrel(10)], NHMSYS0000501034 [Small Tortoiseshell(3)], NHMSYS0000501120 [Ringlet(13)], NHMSYS0000503827 [Large White(33)], NHMSYS0000503832 [Small White(58)], NHMSYS0000503893 [Comma(7)], NHMSYS0000504515 [Small Skipper(2)], NHMSYS0000504624 [Red Admiral(5)], NHMSYS0000516260 [Holly Blue(8)], NHMSYS0000516630 [Green-veined White(13)], NHMSYS0000516660 [Common Blue(9)], NHMSYS0000521977 [Meadow Brown(32)], NHMSYS0000522017 [Marbled White], NHMSYS0000522857 [Gatekeeper(15)], NHMSYS0000523344 [Speckled Wood(33)], NHMSYS0000530133 [Long-tailed Tit(5)], NHMSYS0000530165 [Swift(5)], NHMSYS0000530247 [Goldfinch(6)], NHMSYS0000530266 [Treecreeper], NHMSYS0000530307 [Rock Dove(4)], NHMSYS0000530308 [Stock Dove(3)], NHMSYS0000530309 [Woodpigeon(16)], NHMSYS0000530315 [Carrion Crow(16)], NHMSYS0000530331 [Great Spotted Woodpecker(2)], NHMSYS0000530367 [Chaffinch(3)], NHMSYS0000530374 [Jay(10)], NHMSYS0000530494 [Grey Wagtail(8)], NHMSYS0000530533 [Great Tit(15)], NHMSYS0000530537 [House Sparrow(15)], NHMSYS0000530579 [Goldcrest(4)], NHMSYS0000530610 [Nuthatch(3)], NHMSYS0000530621 [Collared Dove(2)], NHMSYS0000530628 [Starling(9)], NHMSYS0000530633 [Blackcap(11)], NHMSYS0000530671 [Wren(16)], NHMSYS0000530674 [Blackbird(16)], NHMSYS0000530678 [Song Thrush(12)], NHMSYS0000530739 [Robin(14)], NHMSYS0000530749 [Chiffchaff(6)], NHMSYS0000530761 [Magpie(16)], NHMSYS0000530763 [Green Woodpecker(4)], NHMSYS0000530790 [Dunnock(13)], NHMSYS0000730335 [Castor Bean Tick], NHMSYS0001688296 [Blue Tit(17)], NHMSYS0001688300 [Coal Tit], NHMSYS0001702050 [Girdled Snail], NHMSYS0020755521 [Large Skipper(2)], NHMSYS0020962539 [Black-headed Gull], NHMSYS0021002985 [Greenfinch], NHMSYS0021143616 [Adonis Blue(2)], NHMSYS0021178877 [Jackdaw(13)]`"
**ST577711**,`NHMSYS0020705811 [Cuckoo-Spit Insect]`
**ST577712**,"`NBNSYS0000013864, NHMSYS0001590904, NHMSYS0001590907`"
**ST577713**,`NHMSYS0020705811 [Cuckoo-Spit Insect]`
**ST577721**,"`NBNSYS0000008319 [2-spot Ladybird], NBNSYS0000025232 [Figwort Weevil], NHMSYS0000530315 [Carrion Crow]`"
**ST577722**,"`NBNSYS0000007354, NBNSYS0000008319 [2-spot Ladybird], NBNSYS0000011544 [Rose Chafer]`"
**ST577725**,"`NBNSYS0000000024 [Moorhen], NHMSYS0020213805`"
**ST577726**,`NHMSYS0000530739 [Robin]`
**ST577727**,`NHMSYS0000530625 [Tawny Owl]`
**ST577728**,"`NHMSYS0000080156 [Great Crested Newt], NHMSYS0000712592 [Harlequin Ladybird], NHMSYS0020476639 [Western Conifer Seed Bug(2)], NHMSYS0020528135 [White-lipped Snail]`"
**ST577730**,`NHMSYS0000530790 [Dunnock]`
**ST577734**,`NHMSYS0000309936 [Crescent-cup Liverwort]`
**ST577738**,`NHMSYS0000712592 [Harlequin Ladybird]`
**ST577739**,`NHMSYS0020528135 [White-lipped Snail]`
**ST577741**,`NHMSYS0000712592 [Harlequin Ladybird]`
**ST577742**,`NHMSYS0000876769 [Hornet]`
**ST577748**,`NHMSYS0000875570 [White-tailed Bumblebee]`
**ST577751**,`NHMSYS0020528153 [Common Garden Snail(11)]`
**ST577757**,"`NBNSYS0000005627 [Migrant Hawker], NBNSYS0000006916 [Marmalade Hoverfly], NBNSYS0000030273 [Pouting Woodlouse-fly], NBNSYS0000159382, NHMSYS0000875423 [Western Honey Bee], NHMSYS0000875576 [Common Carder Bee], NHMSYS0000876212 [Smeathman's Furrow Bee], NHMSYS0020705811 [Cuckoo-Spit Insect]`"
**ST577758**,"`NBNSYS0000006871(3), NBNSYS0000006883, NBNSYS0000006916 [Marmalade Hoverfly(2)], NBNSYS0000006959, NBNSYS0000007054(3), NBNSYS0000007110(14), NBNSYS0000033260(2), NBNSYS0000133089`"
**ST577761**,`NHMSYS0020977729 [Southern Oak Bush-cricket]`
**ST5778**,"`NBNSYS0000000038 [Herring Gull], NBNSYS0000005081 [Common Shrew], NBNSYS0000008330 [14-spot Ladybird], NHMSYS0000080188 [Red Fox], NHMSYS0000530120 [Sparrowhawk], NHMSYS0000530367 [Chaffinch], NHMSYS0000530533 [Great Tit(2)], NHMSYS0000530671 [Wren], NHMSYS0000530674 [Blackbird], NHMSYS0000530739 [Robin(3)], NHMSYS0000530790 [Dunnock], NHMSYS0001688300 [Coal Tit]`"
**ST57787226**,`NBNSYS0000036310 [Wall Screw-moss]`
**ST57787511**,`NHMSYS0020528153 [Common Garden Snail]`
**ST57787512**,`NHMSYS0020528153 [Common Garden Snail(5)]`
**ST57787661**,"`NBNSYS0000036310 [Wall Screw-moss], NBNSYS0000036475 [Grey-cushioned Grimmia]`"
**ST5779**,"`NHMSYS0000530120 [Sparrowhawk(5)], NHMSYS0000530133 [Long-tailed Tit(65)], NHMSYS0000530159 [Meadow Pipit(2)], NHMSYS0000530247 [Goldfinch(477)], NHMSYS0000530308 [Stock Dove(6)], NHMSYS0000530309 [Woodpigeon(33)], NHMSYS0000530315 [Carrion Crow], NHMSYS0000530331 [Great Spotted Woodpecker(28)], NHMSYS0000530367 [Chaffinch(25)], NHMSYS0000530374 [Jay(3)], NHMSYS0000530406 [Swallow(2)], NHMSYS0000530533 [Great Tit(270)], NHMSYS0000530537 [House Sparrow(163)], NHMSYS0000530579 [Goldcrest(16)], NHMSYS0000530621 [Collared Dove(29)], NHMSYS0000530628 [Starling(8)], NHMSYS0000530633 [Blackcap(31)], NHMSYS0000530671 [Wren(31)], NHMSYS0000530673 [Redwing(7)], NHMSYS0000530674 [Blackbird(66)], NHMSYS0000530678 [Song Thrush(6)], NHMSYS0000530679 [Fieldfare], NHMSYS0000530739 [Robin(170)], NHMSYS0000530749 [Chiffchaff(27)], NHMSYS0000530759 [Willow Warbler(5)], NHMSYS0000530761 [Magpie(9)], NHMSYS0000530763 [Green Woodpecker], NHMSYS0000530790 [Dunnock(245)], NHMSYS0000530802 [Bullfinch(12)], NHMSYS0000533183 [Continental Song Thrush], NHMSYS0001688296 [Blue Tit(362)], NHMSYS0001688300 [Coal Tit(20)], NHMSYS0021002985 [Greenfinch(252)], NHMSYS0021178877 [Jackdaw(9)], NHMSYS0021311327 [Whitethroat], NHMSYS0021933619 [Lesser Redpoll]`"
**ST57797659**,`NBNSYS0000133089(2)`
**ST57817125**,`NHMSYS0020705811 [Cuckoo-Spit Insect]`
**ST57827600**,`NBNSYS0000007052`
**ST57847531**,`NBNSYS0000006916 [Marmalade Hoverfly]`
**ST57857343**,`NHMSYS0020528153 [Common Garden Snail]`
**ST57867337**,`NBNSYS0000006941`
**ST57867612**,`NHMSYS0000875177 [Ashy Mining Bee]`
**ST57867727**,`NBNSYS0000005626 [Southern Hawker]`
**ST578712**,"`NBNSYS0000005602 [Common Blue Damselfly], NBNSYS0000006871, NBNSYS0000006916 [Marmalade Hoverfly(2)], NBNSYS0000006933, NBNSYS0000006951, NBNSYS0000006959, NBNSYS0000007061 [Batman Hoverfly(2)], NBNSYS0000007069 [Greater Bulb-Fly(2)], NBNSYS0000007093, NBNSYS0000007110(2), NBNSYS0000007825 [Broad Centurion]`"
**ST578721**,`NBNSYS0000000004 [Cormorant]`
**ST578725**,"`NHMSYS0000530315 [Carrion Crow], NHMSYS0020213805`"
**ST578727**,"`NBNSYS0000005599 [Large Red Damselfly(5)], NBNSYS0000005606 [Azure Damselfly(5)], NBNSYS0000005626 [Southern Hawker(2)], NBNSYS0000005630 [Emperor Dragonfly(2)], NBNSYS0000005637 [Broad-bodied Chaser(2)], NBNSYS0000005644 [Vagrant Darter], NBNSYS0000005645 [Common Darter(4)], NBNSYS0000006912, NHMSYS0000080156 [Great Crested Newt(19)], NHMSYS0000344179 [Blue-tailed Damselfly(4)], NHMSYS0000875567 [Red-tailed Bumblebee]`"
**ST578728**,"`NBNSYS0000000038 [Herring Gull], NBNSYS0000005599 [Large Red Damselfly], NBNSYS0000005626 [Southern Hawker(4)], NBNSYS0000005630 [Emperor Dragonfly(5)], NBNSYS0000005637 [Broad-bodied Chaser], NBNSYS0000005645 [Common Darter(3)], NHMSYS0000344179 [Blue-tailed Damselfly], NHMSYS0000530307 [Rock Dove], NHMSYS0000530309 [Woodpigeon], NHMSYS0000530315 [Carrion Crow(2)], NHMSYS0000530671 [Wren(2)], NHMSYS0000530673 [Redwing], NHMSYS0000530739 [Robin], NHMSYS0000530761 [Magpie], NHMSYS0000875567 [Red-tailed Bumblebee]`"
**ST578729**,"`NHMSYS0000530133 [Long-tailed Tit], NHMSYS0000530307 [Rock Dove(2)], NHMSYS0000530315 [Carrion Crow], NHMSYS0000530494 [Grey Wagtail], NHMSYS0000530533 [Great Tit], NHMSYS0000530579 [Goldcrest], NHMSYS0000530671 [Wren], NHMSYS0000530674 [Blackbird(2)], NHMSYS0000530761 [Magpie(2)], NHMSYS0000530790 [Dunnock], NHMSYS0020109255 [Dock Bug(2)], NHMSYS0021002985 [Greenfinch(2)]`"
**ST578730**,"`NBNSYS0000000038 [Herring Gull], NHMSYS0000530309 [Woodpigeon], NHMSYS0000530533 [Great Tit], NHMSYS0000530671 [Wren], NHMSYS0001688296 [Blue Tit]`"
**ST578731**,`NBNSYS0000011544 [Rose Chafer]`
**ST578734**,"`NHMSYS0000712592 [Harlequin Ladybird(5)], NHMSYS0020528153 [Common Garden Snail]`"
**ST578735**,"`BMSSYS0000049685, NBNSYS0000018934, NBNSYS0000018941, NHMSYS0000712592 [Harlequin Ladybird], NHMSYS0001484847, NHMSYS0001493019, NHMSYS0001501925 [Common Orange Lichen]`"
**ST578742**,`NHMSYS0000530761 [Magpie]`
**ST578743**,`NHMSYS0020302075`
**ST578749**,`NHMSYS0020528135 [White-lipped Snail]`
**ST578751**,`NHMSYS0020528153 [Common Garden Snail(2)]`
**ST578752**,"`NBNSYS0000006871, NBNSYS0000006916 [Marmalade Hoverfly], NBNSYS0000030409, NBNSYS0100004508, NBNSYS0100022723(2), NHMSYS0000875423 [Western Honey Bee(3)], NHMSYS0000876174 [Common Furrow Bee], NHMSYS0000876215 [Shaggy Furrow Bee]`"
**ST578757**,`NBNSYS0000005637 [Broad-bodied Chaser]`
**ST578758**,"`NBNSYS0000006446, NBNSYS0000006867(2), NBNSYS0000006941, NBNSYS0000007030, NBNSYS0000007047, NBNSYS0000007052(2), NBNSYS0000007054, NBNSYS0000025449 [Strawberry-blossom Weevil(2)], NBNSYS0000030351 [Sheep-strike Greenbottle(6)], NHMSYS0000873237 [Small Black Ant], NHMSYS0000875423 [Western Honey Bee(4)], NHMSYS0000875576 [Common Carder Bee], NHMSYS0000875595 [Buff-tailed Bumblebee], NHMSYS0000876174 [Common Furrow Bee], NHMSYS0020152556`"
**ST578759**,"`NBNSYS0000006825 [Speckled Bush-cricket], NBNSYS0000006871, NBNSYS0000006933, NHMSYS0000875576 [Common Carder Bee], NHMSYS0000876174 [Common Furrow Bee]`"
**ST578760**,"`NBNSYS0000007052(2), NBNSYS0000133089`"
**ST578761**,"`NBNSYS0000006446(11), NBNSYS0000006862(2), NBNSYS0000006883, NBNSYS0000006901(2), NBNSYS0000006916 [Marmalade Hoverfly(4)], NBNSYS0000006933(3), NBNSYS0000006941(2), NBNSYS0000006964(10), NBNSYS0000007052, NBNSYS0000007054(22), NBNSYS0000007057(4), NBNSYS0000007061 [Batman Hoverfly(5)], NBNSYS0000007110, NBNSYS0000033260, NBNSYS0000133089(6), NBNSYS0100022820, NHMSYS0021385414`"
**ST578770**,`NBNSYS0000030273 [Pouting Woodlouse-fly]`
**ST578771**,`NBNSYS0000005645 [Common Darter]`
**ST57877291**,`NHMSYS0000875578 [Early Bumblebee]`
**ST578778**,`NBNSYS0000030717`
**ST578781**,`NHMSYS0020705811 [Cuckoo-Spit Insect]`
**ST578792**,`NBNSYS0000008319 [2-spot Ladybird]`
**ST57887280**,`NHMSYS0021583970 [Meadow Grasshopper]`
**ST57887289**,"`NBNSYS0000006901, NBNSYS0000006912, NBNSYS0100022820`"
**ST57887602**,`NHMSYS0020705811 [Cuckoo-Spit Insect(2)]`
**ST57887788**,`NHMSYS0020528155 [Netted Field Slug]`
**ST57897122**,`NBNSYS0000006916 [Marmalade Hoverfly]`
**ST57897360**,"`NHMSYS0000712592 [Harlequin Ladybird], NHMSYS0020302075`"
**ST57907119**,`NBNSYS0000006937`
**ST57907120**,`NHMSYS0001702050 [Girdled Snail]`
**ST57917119**,`NHMSYS0020528135 [White-lipped Snail]`
**ST57917749**,`NHMSYS0000875564 [Tree Bumblebee]`
**ST57927295**,`NHMSYS0000712592 [Harlequin Ladybird]`
**ST57927524**,`NHMSYS0000712592 [Harlequin Ladybird]`
**ST57927790**,"`NBNSYS0000005626 [Southern Hawker], NBNSYS0000005630 [Emperor Dragonfly(6)]`"
**ST57937236**,`NHMSYS0000310723 [Great Hairy Screw-moss]`
**ST57937249**,`NHMSYS0001702050 [Girdled Snail]`
**ST57937295**,`NHMSYS0000875595 [Buff-tailed Bumblebee]`
**ST57947299**,`NHMSYS0000332764 [Grey Squirrel]`
**ST57947449**,`NHMSYS0020705811 [Cuckoo-Spit Insect]`
**ST57947753**,"`NBNSYS0000005599 [Large Red Damselfly], NBNSYS0000005626 [Southern Hawker(2)], NBNSYS0000005645 [Common Darter]`"
**ST57957306**,`NHMSYS0000876783 [Common Wasp]`
**ST57957365**,`NBNSYS0000007098 [Hornet Hoverfly]`
**ST57957497**,`NBNSYS0000005645 [Common Darter]`
**ST57967366**,`NBNSYS0000007061 [Batman Hoverfly]`
**ST57967459**,`NBNSYS0000005630 [Emperor Dragonfly]`
**ST57967583**,`NBNSYS0000008319 [2-spot Ladybird]`
**ST57967971**,`NHMSYS0000712592 [Harlequin Ladybird(3)]`
**ST579708**,"`NBNSYS0000008319 [2-spot Ladybird], NHMSYS0000712592 [Harlequin Ladybird]`"
**ST579711**,"`NBNSYS0000006959, NBNSYS0000007061 [Batman Hoverfly], NBNSYS0000033260, NBNSYS0000036512 [Common Cord-moss]`"
**ST579712**,"`NBNSYS0000005627 [Migrant Hawker], NBNSYS0000006446, NBNSYS0000006916 [Marmalade Hoverfly(2)], NBNSYS0000006937(2), NBNSYS0000006951, NBNSYS0000006959, NBNSYS0000007052(3), NBNSYS0000007057(2), NBNSYS0000007061 [Batman Hoverfly(2)], NBNSYS0000007069 [Greater Bulb-Fly(3)], NBNSYS0000007110, NBNSYS0000033260(2), NBNSYS0000133089(2), NHMSYS0001702050 [Girdled Snail], NHMSYS0020109266 [Green Shieldbug(2)], NHMSYS0020309777, NHMSYS0020528153 [Common Garden Snail(2)], NHMSYS0021616631 [Rough-stalked Feather-moss]`"
**ST579714**,`NHMSYS0000712592 [Harlequin Ladybird]`
**ST579721**,`NHMSYS0020109266 [Green Shieldbug]`
**ST579723**,`NBNSYS0000003187 [Orange Balsam]`
**ST579724**,"`NBNSYS0000000009 [Canada Goose], NBNSYS0000000010 [Mute Swan(3)], NBNSYS0000000038 [Herring Gull], NHMSYS0000530307 [Rock Dove], NHMSYS0000544695 [Dace], NHMSYS0001688296 [Blue Tit], NHMSYS0020213805, NHMSYS0020962539 [Black-headed Gull]`"
**ST579727**,"`NBNSYS0000005599 [Large Red Damselfly], NBNSYS0000005606 [Azure Damselfly(2)], NBNSYS0000005626 [Southern Hawker(2)], NBNSYS0000005630 [Emperor Dragonfly], NBNSYS0000005637 [Broad-bodied Chaser], NBNSYS0000005645 [Common Darter], NBNSYS0000036310 [Wall Screw-moss], NHMSYS0000344179 [Blue-tailed Damselfly], NHMSYS0000873237 [Small Black Ant], NHMSYS0000875595 [Buff-tailed Bumblebee], NHMSYS0000876223 [Yellow Meadow Ant]`"
**ST579728**,"`NBNSYS0000036189 [Redshank], NBNSYS0000036284 [Common Pocket-moss], NBNSYS0000036310 [Wall Screw-moss], NBNSYS0000036600 [Capillary Thread-moss], NBNSYS0000036628 [Silver-moss], NBNSYS0000036631 [Wall Thread-moss], NBNSYS0000036790 [Fern-leaved Hook-moss], NBNSYS0000145923 [Pointed Lattice-moss], NBNSYS0000146092 [Cylindric Beard-moss], NBNSYS0000146096 [Nicholson's Beard-moss], NBNSYS0000146098 [Wavy Beard-moss], NBNSYS0000149724 [Common Feather-moss], NBNSYS0100005429 [Thickpoint Grimmia], NHMSYS0000309660 [Bifid Crestwort], NHMSYS0000309777 [Perthshire Beard-moss], NHMSYS0000310078 [Mamillate Plait-moss], NHMSYS0000310310 [Many-fruited Thyme-moss], NHMSYS0000310316 [Hart's-tongue Thyme-moss], NHMSYS0000310437 [Long-beaked Water Feather-moss], NHMSYS0000310549 [Even Scalewort], NHMSYS0000310582 [Green Yoke-moss], NHMSYS0000310719 [Water Screw-moss], NHMSYS0000332764 [Grey Squirrel], NHMSYS0000530225 [Buzzard], NHMSYS0000530307 [Rock Dove], NHMSYS0000530533 [Great Tit], NHMSYS0000530671 [Wren], NHMSYS0000530673 [Redwing], NHMSYS0000530761 [Magpie], NHMSYS0001688296 [Blue Tit], NHMSYS0020695869 [Supine Plait-moss], NHMSYS0021002985 [Greenfinch], NHMSYS0021616481 [Creeping Feather-moss], NHMSYS0021616486 [Clustered Feather-moss], NHMSYS0021616626 [River Feather-moss], NHMSYS0021616631 [Rough-stalked Feather-moss]`"
**ST579729**,"`NBNSYS0000000038 [Herring Gull], NBNSYS0000003328 [Bramble], NBNSYS0000005606 [Azure Damselfly], NBNSYS0000005610 [Red-eyed Damselfly(2)], NBNSYS0000005613 [Emerald Damselfly(2)], NBNSYS0000007943 [Dark-edged Bee-fly(2)], NBNSYS0000008324 [7-spot Ladybird], NBNSYS0000008329 [Cream-spot Ladybird], NBNSYS0000008332 [Orange Ladybird], NBNSYS0000008334 [22-spot Ladybird], NHMSYS0000332764 [Grey Squirrel(2)], NHMSYS0000530165 [Swift], NHMSYS0000530331 [Great Spotted Woodpecker], NHMSYS0000530533 [Great Tit], NHMSYS0000530579 [Goldcrest(2)], NHMSYS0000530671 [Wren], NHMSYS0000530739 [Robin], NHMSYS0000530790 [Dunnock], NHMSYS0000712592 [Harlequin Ladybird], NHMSYS0000875177 [Ashy Mining Bee], NHMSYS0000875207 [Tawny Mining Bee], NHMSYS0000875595 [Buff-tailed Bumblebee], NHMSYS0000876783 [Common Wasp], NHMSYS0020109266 [Green Shieldbug(3)], NHMSYS0020153337, NHMSYS0020213805, NHMSYS0020309134 [Juniper Shieldbug], NHMSYS0020309200 [Parent Bug], NHMSYS0020309271 [Box Bug], NHMSYS0020309343, NHMSYS0020528135 [White-lipped Snail], NHMSYS0020705542, NHMSYS0020705544, NHMSYS0020705653, NHMSYS0020705782, NHMSYS0020745858`"
**ST579730**,"`NBNSYS0000000037 [Lesser Black-backed Gull], NBNSYS0000000038 [Herring Gull], NHMSYS0000530247 [Goldfinch], NHMSYS0000530266 [Treecreeper], NHMSYS0000530307 [Rock Dove], NHMSYS0000530309 [Woodpigeon], NHMSYS0000530739 [Robin], NHMSYS0000712592 [Harlequin Ladybird(6)], NHMSYS0000875207 [Tawny Mining Bee], NHMSYS0020302075(2)`"
**ST579731**,`NBNSYS0000000038 [Herring Gull]`
**ST579732**,`NHMSYS0000462335 [Japanese Knotweed]`
**ST579733**,`NHMSYS0000462335 [Japanese Knotweed(2)]`
**ST579734**,`NBNSYS0000008320 [10-spot Ladybird]`
**ST579735**,`NBNSYS0000036475 [Grey-cushioned Grimmia]`
**ST579736**,"`NHMSYS0000712592 [Harlequin Ladybird], NHMSYS0020528153 [Common Garden Snail]`"
**ST579750**,`NBNSYS0000006827 [House Cricket(3)]`
**ST579752**,`NHMSYS0001387418 [Oak Bush-cricket]`
**ST579756**,`NHMSYS0000875564 [Tree Bumblebee]`
**ST579757**,`NBNSYS0000007054`
**ST579758**,"`NBNSYS0000006446, NBNSYS0000006456, NBNSYS0000006871(2), NBNSYS0000006883(2), NBNSYS0000006916 [Marmalade Hoverfly(3)], NBNSYS0000006933(2), NBNSYS0000006937, NBNSYS0000006941(3), NBNSYS0000006951, NBNSYS0000006959(7), NBNSYS0000006964, NBNSYS0000007054(25), NBNSYS0000007061 [Batman Hoverfly], NBNSYS0000007098 [Hornet Hoverfly(9)], NBNSYS0000007110(7), NBNSYS0000033260(4), NBNSYS0000133089(2), NHMSYS0021196425, NHMSYS0021196431`"
**ST579759**,`NHMSYS0020705811 [Cuckoo-Spit Insect]`
**ST579761**,"`NBNSYS0000006862, NBNSYS0000006937, NBNSYS0000007054, NBNSYS0000007057, NBNSYS0000007061 [Batman Hoverfly], NBNSYS0000007110(4), NBNSYS0000133089, NHMSYS0020326925`"
**ST579768**,"`BMSSYS0000043742, BMSSYS0000048292, BMSSYS0000048296, BMSSYS0000049685, BMSSYS0000533560, NBNSYS0000018369, NBNSYS0000018421, NBNSYS0000018934, NBNSYS0000019344, NHMSYS0001501925 [Common Orange Lichen], NHMSYS0020991038`"
**ST579772**,"`NHMSYS0020151686 [Rosemary Beetle(2)], NHMSYS0020528153 [Common Garden Snail]`"
**ST57977292**,`NHMSYS0020109265 [Vine Weevil]`
**ST579773**,`NHMSYS0020151698`
**ST579775**,`NBNSYS0000013205`
**ST579776**,`NBNSYS0000003322 [Raspberry]`
**ST579790**,`NHMSYS0001688300 [Coal Tit]`
**ST57987292**,`NBNSYS0000006871`
**ST57997336**,`NHMSYS0000873237 [Small Black Ant]`
**ST57997500**,"`NBNSYS0000007057, NHMSYS0020302077`"
**ST57L**,"`NBNSYS0000036124 [Pellucid Four-tooth Moss], NHMSYS0021597942 [Minute Pouncewort]`"
**ST57M**,`NHMSYS0000456847 [Many-leaved Sedge(6)]`
**ST57Q**,`NBNSYS0000004510 [Red Star-thistle]`
**ST57R**,"`NBNSYS0000000027 [Lapwing], NBNSYS0000002022 [Field Horsetail], NBNSYS0000002031 [Bracken], NBNSYS0000002036 [Hard-fern], NBNSYS0000002041 [Black Spleenwort(2)], NBNSYS0000002046 [Maidenhair Spleenwort(3)], NBNSYS0000002050 [Wall-rue(3)], NBNSYS0000002054 [Lady-fern], NBNSYS0000002074 [Hard Shield-fern(3)], NBNSYS0000002086 [Southern Polypody(4)], NBNSYS0000002087 [Polypody(2)], NBNSYS0000002088 [Intermediate Polypody(3)], NBNSYS0000002090 [Water Fern], NBNSYS0000002144 [Curled Pondweed], NBNSYS0000002161 [Lily-of-the-valley(2)], NBNSYS0000002167 [Garden Asparagus], NBNSYS0000002170 [Butcher's-broom(2)], NBNSYS0000002173 [Fritillary], NBNSYS0000002183 [Autumn Squill(4)], NBNSYS0000002185 [Bluebell(2)], NBNSYS0000002195 [Round-headed Leek(6)], NBNSYS0000002196 [Wild Onion(3)], NBNSYS0000002197 [Field Garlic(5)], NBNSYS0000002198 [Keeled Garlic(5)], NBNSYS0000002200 [Rosy Garlic(6)], NBNSYS0000002203 [Three-cornered Garlic], NBNSYS0000002205 [Ramsons(2)], NBNSYS0000002211 [Slender Rush(3)], NBNSYS0000002220 [Hard Rush(2)], NBNSYS0000002221 [Soft-rush(2)], NBNSYS0000002239 [Hairy Wood-rush], NBNSYS0000002246 [Field Wood-rush(3)], NBNSYS0000002253 [Snowdrop(2)], NBNSYS0000002268 [Stinking Iris(3)], NBNSYS0000002269 [Yellow Iris], NBNSYS0000002270 [Bearded Iris], NBNSYS0000002282 [Black Bryony(3)], NBNSYS0000002289 [Broad-leaved Helleborine], NBNSYS0000002326 [Early-purple Orchid], NBNSYS0000002347 [Pyramidal Orchid], NBNSYS0000002351 [Lords-and-Ladies(3)], NBNSYS0000002358 [Common Duckweed(2)], NBNSYS0000002369 [Bulrush(2)], NBNSYS0000002381 [Sea Club-rush(2)], NBNSYS0000002430 [Greater Pond-sedge(3)], NBNSYS0000002442 [Hairy Sedge], NBNSYS0000002449 [Fingered Sedge(4)], NBNSYS0000002467 [False Fox-sedge(2)], NBNSYS0000002483 [Remote Sedge(2)], NBNSYS0000002500 [Heath-grass(2)], NBNSYS0000002527 [Perennial Rye-grass(5)], NBNSYS0000002529 [Italian Rye-grass], NBNSYS0000002530 [Darnel], NBNSYS0000002533 [Squirreltail Fescue], NBNSYS0000002538 [Reflexed Saltmarsh-Grass], NBNSYS0000002544 [Annual Meadow-grass(4)], NBNSYS0000002545 [Early Meadow-grass], NBNSYS0000002550 [Wood Meadow-grass(3)], NBNSYS0000002553 [Flattened Meadow-grass(3)], NBNSYS0000002554(2), NBNSYS0000002555 [Narrow-leaved Meadow-grass], NBNSYS0000002556 [Spreading Meadow-grass], NBNSYS0000002557 [Rough Meadow-grass(3)], NBNSYS0000002561 [Cock's-foot(4)], NBNSYS0000002563 [Crested Dog's-tail(2)], NBNSYS0000002565 [Quaking-grass(3)], NBNSYS0000002567 [Greater Quaking-grass], NBNSYS0000002568 [Wood Melick(3)], NBNSYS0000002575 [Barren Brome(3)], NBNSYS0000002576 [Compact Brome(4)], NBNSYS0000002577 [Great Brome], NBNSYS0000002594 [Bearded Couch(2)], NBNSYS0000002600 [Wall Barley(3)], NBNSYS0000002612 [Wild-oat], NBNSYS0000002619 [Yorkshire-fog(3)], NBNSYS0000002638 [Common Bent], NBNSYS0000002639 [Black Bent], NBNSYS0000002640 [Creeping Bent(2)], NBNSYS0000002643 [Water Bent], NBNSYS0000002644 [Loose Silky-bent], NBNSYS0000002648 [Nit-grass], NBNSYS0000002650 [Smaller Cat's-tail(2)], NBNSYS0000002656 [Meadow Foxtail(2)], NBNSYS0000002663 [Wood Millet], NBNSYS0000002667 [Sweet Vernal-grass(2)], NBNSYS0000002668 [Annual Vernal-grass], NBNSYS0000002670 [Canary-grass], NBNSYS0000002684 [Hairy Finger-grass], NBNSYS0000002689 [Bread Wheat], NBNSYS0000002691 [Marsh-marigold], NBNSYS0000002693 [Stinking Hellebore(3)], NBNSYS0000002694 [Green Hellebore], NBNSYS0000002700 [Wood Anemone(2)], NBNSYS0000002702 [Blue Anemone], NBNSYS0000002704 [Traveller's-joy(3)], NBNSYS0000002708 [Meadow Buttercup(3)], NBNSYS0000002709 [Creeping Buttercup(4)], NBNSYS0000002710 [Bulbous Buttercup(3)], NBNSYS0000002716 [Goldilocks Buttercup(2)], NBNSYS0000002717 [Greater Spearwort], NBNSYS0000002721 [Celery-leaved Buttercup], NBNSYS0000002742 [Columbine(3)], NBNSYS0000002744 [Common Meadow-rue], NBNSYS0000002764 [Common Poppy(3)], NBNSYS0000002769 [Opium Poppy], NBNSYS0000002775 [Greater Celandine(2)], NBNSYS0000002776 [Californian Poppy], NBNSYS0000002781 [Yellow Corydalis(2)], NBNSYS0000002793 [Common Fumitory], NBNSYS0000002801 [Rape], NBNSYS0000002802 [Turnip], NBNSYS0000002808 [Charlock(3)], NBNSYS0000002811 [Annual Wall-rocket], NBNSYS0000002812 [Perennial Wall-rocket(2)], NBNSYS0000002813 [White Rocket], NBNSYS0000002828 [Garden Cress], NBNSYS0000002831 [Narrow-leaved Pepperwort], NBNSYS0000002832 [Least Pepperwort], NBNSYS0000002837 [Hoary Cress(2)], NBNSYS0000002854 [Danish Scurvygrass(2)], NBNSYS0000002855 [English Scurvygrass(5)], NBNSYS0000002861 [Sweet Alison(2)], NBNSYS0000002872 [Cuckooflower(3)], NBNSYS0000002874 [Narrow-leaved Bitter-cress(3)], NBNSYS0000002875 [Wavy Bitter-cress(3)], NBNSYS0000002876 [Hairy Bitter-cress(3)], NBNSYS0000002889 [Hairy Rock-cress(2)], NBNSYS0000002891 [Bristol Rock-cress(5)], NBNSYS0000002904 [Wallflower(4)], NBNSYS0000002906 [Hedge Mustard(4)], NBNSYS0000002909 [Eastern Rocket(2)], NBNSYS0000002913 [Thale Cress(3)], NBNSYS0000002918 [Honesty(4)], NBNSYS0000002919 [Weld(2)], NBNSYS0000002924 [Sweet Violet(2)], NBNSYS0000002926 [Hairy Violet], NBNSYS0000002947 [Field Pansy], NBNSYS0000002949 [Common Milkwort], NBNSYS0000002953 [Tutsan(3)], NBNSYS0000002956 [Rose-of-Sharon], NBNSYS0000002957 [Perforate St John's-wort(2)], NBNSYS0000002966 [Slender St John's-wort], NBNSYS0000002967 [Hairy St John's-wort(2)], NBNSYS0000002968 [Pale St John's-wort(3)], NBNSYS0000002987 [Sea Campion], NBNSYS0000002998 [Red Campion(2)], NBNSYS0000003004 [Corncockle], NBNSYS0000003018 [Snow-in-summer(2)], NBNSYS0000003022 [Common Mouse-ear(2)], NBNSYS0000003023 [Sticky Mouse-ear(4)], NBNSYS0000003025 [Sea Mouse-ear], NBNSYS0000003026 [Dwarf Mouse-ear(3)], NBNSYS0000003027 [Little Mouse-ear(2)], NBNSYS0000003044 [Procumbent Pearlwort(2)], NBNSYS0000003058 [Three-nerved Sandwort(2)], NBNSYS0000003059(3), NBNSYS0000003066 [Corn Spurrey], NBNSYS0000003072 [Lesser Sea-spurrey], NBNSYS0000003074 [Blinks(4)], NBNSYS0000003084 [Common Amaranth], NBNSYS0000003091(2), NBNSYS0000003107 [Sea Beet(2)], NBNSYS0000003111 [Common Orache(2)], NBNSYS0000003112 [Spear-leaved Orache(3)], NBNSYS0000003118 [Long-stalked Orache(2)], NBNSYS0000003119 [Sea-purslane], NBNSYS0000003127 [Large-leaved Lime(3)], NBNSYS0000003130 [Musk-mallow(2)], NBNSYS0000003131 [Common Mallow(3)], NBNSYS0000003133 [Dwarf Mallow], NBNSYS0000003139 [Marsh-mallow], NBNSYS0000003143 [Flax], NBNSYS0000003145 [Fairy Flax], NBNSYS0000003147 [Meadow Crane's-bill], NBNSYS0000003153 [Bloody Crane's-bill(4)], NBNSYS0000003156 [Long-stalked Crane's-bill], NBNSYS0000003157 [Cut-leaved Crane's-bill(4)], NBNSYS0000003158 [Round-leaved Crane's-bill(4)], NBNSYS0000003159 [Dove's-foot Crane's-bill(3)], NBNSYS0000003160 [Small-flowered Crane's-bill], NBNSYS0000003161 [Shining Crane's-bill(2)], NBNSYS0000003162 [Herb-Robert(4)], NBNSYS0000003175 [Wood-sorrel(2)], NBNSYS0000003176 [Procumbent Yellow-sorrel], NBNSYS0000003191 [Sycamore(4)], NBNSYS0000003192 [Norway Maple(3)], NBNSYS0000003193 [Field Maple(3)], NBNSYS0000003194 [Holly(3)], NBNSYS0000003195 [Spindle(3)], NBNSYS0000003197 [Box], NBNSYS0000003198 [Buckthorn(2)], NBNSYS0000003211 [Gorse(3)], NBNSYS0000003222 [Black Medick(4)], NBNSYS0000003226 [Tall Melilot(3)], NBNSYS0000003229 [Small Melilot], NBNSYS0000003230 [Bird's-foot Clover], NBNSYS0000003231 [Red Clover(2)], NBNSYS0000003238 [Hare's-foot Clover], NBNSYS0000003239 [Knotted Clover], NBNSYS0000003240 [Rough Clover], NBNSYS0000003247 [White Clover(2)], NBNSYS0000003252 [Lesser Trefoil(4)], NBNSYS0000003253 [Slender Trefoil(2)], NBNSYS0000003258 [Common Bird's-foot-trefoil(3)], NBNSYS0000003278 [Horseshoe Vetch], NBNSYS0000003283 [Tufted Vetch], NBNSYS0000003290 [Bush Vetch(3)], NBNSYS0000003294 [Narrow-leaved Vetch], NBNSYS0000003299 [Grass Vetchling], NBNSYS0000003301 [Meadow Vetchling(2)], NBNSYS0000003305 [Broad-leaved Everlasting-pea(2)], NBNSYS0000003315 [Dropwort(3)], NBNSYS0000003316 [Meadowsweet(3)], NBNSYS0000003322 [Raspberry(2)], NBNSYS0000003325 [Dewberry], NBNSYS0000003328 [Bramble(3)], NBNSYS0000003339 [Barren Strawberry(2)], NBNSYS0000003354 [Creeping Cinquefoil(3)], NBNSYS0000003358 [Wild Strawberry(3)], NBNSYS0000003361 [Wood Avens(3)], NBNSYS0000003366 [Agrimony], NBNSYS0000003412 [Blackthorn(3)], NBNSYS0000003413 [Wild Plum(2)], NBNSYS0000003416 [Cherry Plum(3)], NBNSYS0000003417 [Wild Cherry(3)], NBNSYS0000003420 [Cherry Laurel(2)], NBNSYS0000003421 [Portugal Laurel(2)], NBNSYS0000003424 [Himalayan Cotoneaster(3)], NBNSYS0000003430 [Hawthorn(3)], NBNSYS0000003434 [Cockspurthorn], NBNSYS0000003436 [Medlar], NBNSYS0000003438 [Rowan(4)], NBNSYS0000003442 [Swedish Whitebeam(2)], NBNSYS0000003448 [Common Whitebeam(4)], NBNSYS0000003460 [Wild Service-tree], NBNSYS0000003463(3), NBNSYS0000003473 [White Stonecrop(3)], NBNSYS0000003477 [Biting Stonecrop(4)], NBNSYS0000003488 [Navelwort(3)], NBNSYS0000003498 [Rue-leaved Saxifrage(4)], NBNSYS0000003513 [Red Currant(2)], NBNSYS0000003515 [Black Currant], NBNSYS0000003518 [Gooseberry(2)], NBNSYS0000003524 [Purple-loosestrife(2)], NBNSYS0000003531 [Spurge-laurel(3)], NBNSYS0000003536 [Great Willowherb(2)], NBNSYS0000003546 [Broad-leaved Willowherb(2)], NBNSYS0000003567 [Square-stalked Willowherb(2)], NBNSYS0000003604 [Enchanter's-nightshade(3)], NBNSYS0000003626 [Dogwood(3)], NBNSYS0000003628 [Cornelian-cherry], NBNSYS0000003634 [Sanicle], NBNSYS0000003638 [Rough Chervil], NBNSYS0000003641 [Cow Parsley(3)], NBNSYS0000003646 [Upright Hedge-parsley(2)], NBNSYS0000003652 [Alexanders(4)], NBNSYS0000003655 [Hemlock(3)], NBNSYS0000003662 [Honewort], NBNSYS0000003663 [Wild Celery(3)], NBNSYS0000003681 [Pignut(3)], NBNSYS0000003682 [Burnet-saxifrage(3)], NBNSYS0000003684 [Ground-elder(2)], NBNSYS0000003690 [Corky-fruited Water-dropwort], NBNSYS0000003693 [Hemlock Water-dropwort(3)], NBNSYS0000003696 [Fool's Parsley(2)], NBNSYS0000003699 [Pepper-saxifrage], NBNSYS0000003703 [Wild Angelica(2)], NBNSYS0000003709 [Wild Parsnip], NBNSYS0000003710 [Hogweed(3)], NBNSYS0000003721 [Dog's Mercury(3)], NBNSYS0000003722 [Annual Mercury(3)], NBNSYS0000003725 [Caper Spurge(2)], NBNSYS0000003732 [Sun Spurge(2)], NBNSYS0000003733 [Petty Spurge(2)], NBNSYS0000003741 [Wood Spurge(3)], NBNSYS0000003743(3), NBNSYS0000003745 [Equal-leaved Knotgrass(2)], NBNSYS0000003753 [Redshank], NBNSYS0000003774 [Sheep's Sorrel(3)], NBNSYS0000003778 [Common Sorrel(4)], NBNSYS0000003789 [Curled Dock(3)], NBNSYS0000003791 [Broad-leaved Dock(3)], NBNSYS0000003795 [Fiddle Dock(3)], NBNSYS0000003796 [Wood Dock(3)], NBNSYS0000003797 [Clustered Dock], NBNSYS0000003804 [Pellitory-of-the-wall(3)], NBNSYS0000003805 [Mind-your-own-business(2)], NBNSYS0000003807 [Common Nettle(4)], NBNSYS0000003809 [Hop(3)], NBNSYS0000003827 [Silver Birch(3)], NBNSYS0000003829 [Downy Birch], NBNSYS0000003836 [Grey Alder], NBNSYS0000003838 [Hornbeam(2)], NBNSYS0000003839 [Hazel(2)], NBNSYS0000003840 [Beech(3)], NBNSYS0000003843 [Turkey Oak(2)], NBNSYS0000003844 [Evergreen Oak(3)], NBNSYS0000003845 [Pedunculate Oak(2)], NBNSYS0000003849 [White Poplar], NBNSYS0000003866 [Osier], NBNSYS0000003868 [Goat Willow(2)], NBNSYS0000003871 [Common Sallow(2)], NBNSYS0000003873 [Rusty Willow], NBNSYS0000003899 [Strawberry-tree], NBNSYS0000003926 [Cowslip], NBNSYS0000003933 [Sowbread], NBNSYS0000003934 [Yellow Pimpernel(3)], NBNSYS0000003935 [Creeping-Jenny(2)], NBNSYS0000003938 [Dotted Loosestrife(2)], NBNSYS0000003949 [Ash(3)], NBNSYS0000003950 [Lilac(3)], NBNSYS0000003951 [Wild Privet(3)], NBNSYS0000003952 [Garden Privet(2)], NBNSYS0000003954 [Greater Periwinkle(2)], NBNSYS0000003984 [Common Comfrey], NBNSYS0000003989 [White Comfrey], NBNSYS0000003994 [Borage], NBNSYS0000004012 [Field Forget-me-not(2)], NBNSYS0000004013 [Changing Forget-me-not], NBNSYS0000004014 [Early Forget-me-not(3)], NBNSYS0000004016 [Common Gromwell(2)], NBNSYS0000004020 [Purple Viper's-bugloss], NBNSYS0000004022 [Field Bindweed], NBNSYS0000004037 [Bittersweet(2)], NBNSYS0000004039 [Black Nightshade], NBNSYS0000004042 [Potato], NBNSYS0000004046 [Great Mullein(3)], NBNSYS0000004060 [Snapdragon(3)], NBNSYS0000004078 [Common Figwort(2)], NBNSYS0000004079 [Water Figwort(2)], NBNSYS0000004094 [Foxglove], NBNSYS0000004096 [Brooklime], NBNSYS0000004103 [Wood Speedwell], NBNSYS0000004104 [Germander Speedwell(3)], NBNSYS0000004105 [Spiked Speedwell(5)], NBNSYS0000004112 [Thyme-leaved Speedwell(2)], NBNSYS0000004115 [Wall Speedwell(4)], NBNSYS0000004120 [Ivy-leaved Speedwell(3)], NBNSYS0000004125 [Green Field-speedwell], NBNSYS0000004135 [Yellow-rattle(2)], NBNSYS0000004155 [Common Eyebright], NBNSYS0000004164 [Red Bartsia(3)], NBNSYS0000004169 [Toothwort(4)], NBNSYS0000004180 [Ivy Broomrape(4)], NBNSYS0000004191 [Vervain(3)], NBNSYS0000004198 [Water Mint], NBNSYS0000004206 [Gypsywort(2)], NBNSYS0000004207 [Wild Marjoram(3)], NBNSYS0000004208 [Large Garden(2)], NBNSYS0000004216 [Basil Thyme(4)], NBNSYS0000004217 [Wild Basil(2)], NBNSYS0000004218 [Balm(2)], NBNSYS0000004222 [Wild Clary(3)], NBNSYS0000004225 [Selfheal(3)], NBNSYS0000004236 [Hedge Woundwort(3)], NBNSYS0000004238 [Black Horehound(2)], NBNSYS0000004240 [Henbit Dead-nettle(2)], NBNSYS0000004243 [Red Dead-nettle(3)], NBNSYS0000004244 [White Dead-nettle(3)], NBNSYS0000004257 [Ground-ivy(2)], NBNSYS0000004267 [Wood Sage(3)], NBNSYS0000004269 [Bugle(2)], NBNSYS0000004273 [Greater Plantain(3)], NBNSYS0000004274 [Hoary Plantain(3)], NBNSYS0000004275 [Ribwort Plantain(3)], NBNSYS0000004276 [Sea Plantain(3)], NBNSYS0000004277 [Buck's-horn Plantain(3)], NBNSYS0000004284 [Creeping Bellflower], NBNSYS0000004288 [Harebell(3)], NBNSYS0000004292 [Canterbury-bells], NBNSYS0000004300 [Field Madder(3)], NBNSYS0000004304 [Crosswort], NBNSYS0000004309 [Lady's Bedstraw(2)], NBNSYS0000004319 [Cleavers(4)], NBNSYS0000004322 [Wild Madder(3)], NBNSYS0000004324 [Elder(3)], NBNSYS0000004326 [Wayfaring-tree(4)], NBNSYS0000004327 [Laurustinus(3)], NBNSYS0000004328 [Guelder-rose(2)], NBNSYS0000004333 [Honeysuckle(3)], NBNSYS0000004343 [Common Valerian(2)], NBNSYS0000004345 [Marsh Valerian], NBNSYS0000004346 [Red Valerian(4)], NBNSYS0000004350 [Small Scabious(4)], NBNSYS0000004352 [Devil's-bit Scabious(2)], NBNSYS0000004356 [Beggarticks], NBNSYS0000004358 [Gallant Soldier], NBNSYS0000004367 [Oxford Ragwort(4)], NBNSYS0000004371 [Groundsel(4)], NBNSYS0000004377 [Narrow-leaved Ragwort], NBNSYS0000004384 [Leopard's-bane(2)], NBNSYS0000004386 [Coltsfoot], NBNSYS0000004392 [Pot Marigold], NBNSYS0000004397 [Ploughman's-spikenard(3)], NBNSYS0000004401 [Common Fleabane], NBNSYS0000004417 [Goldenrod(2)], NBNSYS0000004418 [Canadian Goldenrod], NBNSYS0000004440 [Mexican Fleabane(2)], NBNSYS0000004445 [Daisy(3)], NBNSYS0000004446 [Hemp-agrimony(3)], NBNSYS0000004449 [Corn Chamomile], NBNSYS0000004451 [Yarrow(3)], NBNSYS0000004462 [Pineappleweed(3)], NBNSYS0000004464 [Oxeye Daisy(4)], NBNSYS0000004467 [Tansy(3)], NBNSYS0000004469 [Mugwort(3)], NBNSYS0000004478 [Carline Thistle(3)], NBNSYS0000004480 [Greater Burdock], NBNSYS0000004486 [Musk Thistle], NBNSYS0000004490 [Spear Thistle(4)], NBNSYS0000004492 [Creeping Thistle(3)], NBNSYS0000004494 [Dwarf Thistle], NBNSYS0000004501 [Greater Knapweed(3)], NBNSYS0000004503 [Cornflower], NBNSYS0000004513 [Saw-wort], NBNSYS0000004514 [Chicory], NBNSYS0000004515 [Nipplewort(2)], NBNSYS0000004518 [Cat's-ear(4)], NBNSYS0000004523 [Rough Hawkbit(4)], NBNSYS0000004524 [Lesser Hawkbit(2)], NBNSYS0000004526 [Hawkweed Oxtongue(3)], NBNSYS0000004527 [Goat's-beard(2)], NBNSYS0000004534 [Prickly Lettuce(3)], NBNSYS0000004535 [Great Lettuce(3)], NBNSYS0000004539 [Wall Lettuce(3)], NBNSYS0000004542 [Perennial Sow-thistle(2)], NBNSYS0000004543 [Smooth Sow-thistle(4)], NBNSYS0000004544 [Prickly Sow-thistle(3)], NBNSYS0000004548 [Common Blue-sow-thistle(3)], NBNSYS0000004572 [Beaked Hawk's-beard(3)], NBNSYS0000004575 [Rough Hawk's-beard], NBNSYS0000004576 [Smooth Hawk's-beard(3)], NBNSYS0000004580 [Horse-chestnut(3)], NBNSYS0000004587 [Annual Knawel], NBNSYS0000004619 [Bay(3)], NBNSYS0000004629 [Scots Pine], NBNSYS0000004638 [Yew(3)], NBNSYS0000004639 [New Zealand Pigmyweed], NBNSYS0000004640 [Male-fern(3)], NBNSYS0000004649 [Least Duckweed(2)], NBNSYS0000004651 [Garden Grape-hyacinth(2)], NBNSYS0000004652(2), NBNSYS0000004655 [Annual Pearlwort], NBNSYS0000004667 [Common Millet], NBNSYS0000004683 [Thyme-leaved Sandwort(3)], NBNSYS0000004689 [Soft-brome(2)], NBNSYS0000004711 [Franchet's Cotoneaster(2)], NBNSYS0000004741 [Hybrid Yellow Bedstraw], NBNSYS0000004752 [Garden Candytuft(2)], NBNSYS0000004760, NBNSYS0000004761 [Garden Lobelia], NBNSYS0000004790, NBNSYS0000005450 [French Bean], NBNSYS0000011916 [Red Oak], NBNSYS0000013902(2), NBNSYS0000013952 [Elephant-ears], NBNSYS0000014001 [Long-headed Poppy], NBNSYS0000014093 [Common Vetch(3)], NBNSYS0000014122 [Broad Bean], NBNSYS0000014243 [Garden Tickseed], NBNSYS0000014362 [Wild Carrot(2)], NBNSYS0000014463(2), NBNSYS0000014648 [Perennial Pigweed], NBNSYS0000014838, NBNSYS0000014976 [Johnson-grass], NBNSYS0000031110 [Common Fiddleneck], NBNSYS0000033459 [Cape-jewels], NBNSYS0000033486 [Scorpion Weed], NBNSYS0000033488 [Trailing Bellflower(4)], NBNSYS0000033576 [Love-in-a-mist], NBNSYS0000033609 [Rosemary], NBNSYS0000033983 [Stern's Cotoneaster(2)], NBNSYS0000034299 [Nasturtium], NBNSYS0000034355 [Argentinian Vervain], NBNSYS0000037346 [Sunflower], NBNSYS0000042601(3), NBNSYS0000042602, NBNSYS0000042604(3), NBNSYS0000042610, NBNSYS0000101088, NBNSYS0000141425 [Honey Garlic(3)], NBNSYS0000141953 [Parsley-piert(3)], NBNSYS0000142464 [Rusty-Back Fern(4)], NBNSYS0000142466 [Hart's-Tongue(3)], NBNSYS0000142939 [Betony], NBNSYS0000146953 [Argentine Fleabane], NBNSYS0000146954 [Canadian Fleabane(3)], NBNSYS0000146958 [Guernsey Fleabane(2)], NBNSYS0000149679 [Toad Rush(2)], NBNSYS0000153184 [Yellow-Juiced Poppy], NBNSYS0000156911 [Broad-leaved Whitebeam(4)], NBNSYS0000158561 [Sea Arrowgrass], NBNSYS0000161533 [Waterer's Cotoneaster(2)], NBNSYS0000161752 [Apple-mint], NBNSYS0000161802 [London Plane], NBNSYS0000161821 [Grey Poplar(2)], NBNSYS0000161876 [Hybrid Oak], NBNSYS0000161965, NBNSYS0000161986 [Weeping Willow], NBNSYS0100001604 [Slender Parsley-piert(2)], NBNSYS0100003073(3), NBNSYS0100003621 [Toad Rush agg.(2)], NBNSYS0200002808 [Blue Passionflower], NHMSYS0000344590, NHMSYS0000344612 [Sheep's-fescue(4)], NHMSYS0000345661 [Sweet-briar], NHMSYS0000345903 [Common Vetch], NHMSYS0000352601 [Sand Sedge], NHMSYS0000455480 [Knotgrass(2)], NHMSYS0000455575, NHMSYS0000455693 [Brown Bent], NHMSYS0000455700 [Tree-of-heaven], NHMSYS0000455754 [Garlic Mustard(3)], NHMSYS0000455770 [Italian Alder], NHMSYS0000455771 [Alder(2)], NHMSYS0000455991 [Parsley Piert(3)], NHMSYS0000456009 [Garden Arabis(2)], NHMSYS0000456029 [Lesser / Wood Burdock(2)], NHMSYS0000456046 [Slender Sandwort], NHMSYS0000456077 [Thrift], NHMSYS0000456095 [False Oat-grass(2)], NHMSYS0000456214(3), NHMSYS0000456325 [Hedge Bindweed(2)], NHMSYS0000456330 [Large Bindweed], NHMSYS0000456377 [Downy Oat], NHMSYS0000456405 [American Winter-cress(2)], NHMSYS0000456406 [Winter-cress(2)], NHMSYS0000456502 [Yellow-wort(3)], NHMSYS0000456587 [False-brome(3)], NHMSYS0000456605 [Black Mustard], NHMSYS0000456650 [Upright Brome(3)], NHMSYS0000456655 [Hairy-brome], NHMSYS0000456713 [Butterfly-bush(3)], NHMSYS0000456767 [Adria Bellflower(3)], NHMSYS0000456781 [Shepherd's-purse(3)], NHMSYS0000456837 [Spring-sedge], NHMSYS0000456846 [Grey Sedge(2)], NHMSYS0000456850 [Glaucous Sedge(3)], NHMSYS0000456863 [Dwarf Sedge(5)], NHMSYS0000456886 [Pendulous Sedge(3)], NHMSYS0000456896 [Spiked Sedge], NHMSYS0000456899 [Wood-sedge(3)], NHMSYS0000456980 [Sea Fern-grass], NHMSYS0000456981 [Fern-grass(3)], NHMSYS0000457033 [Common Centaury(2)], NHMSYS0000457382 [Common Calamint(3)], NHMSYS0000457558 [Purple-flowered Cotoneaster], NHMSYS0000457582 [Tree Cotoneaster], NHMSYS0000457587 [Wall Cotoneaster(2)], NHMSYS0000457600 [Entire-leaved Cotoneaster], NHMSYS0000457671 [Midland Hawthorn], NHMSYS0000457765 [Lawson Cypress], NHMSYS0000457806 [Ivy-leaved Toadflax(3)], NHMSYS0000457901 [Common Spotted-orchid(2)], NHMSYS0000458048 [Tufted Hair-grass(3)], NHMSYS0000458179(2), NHMSYS0000458183 [Narrow Buckler-fern], NHMSYS0000458187 [Broad Buckler-fern(3)], NHMSYS0000458258 [Cockspur], NHMSYS0000458335 [Sea Couch(3)], NHMSYS0000458346 [Common Couch], NHMSYS0000458397 [American Willowherb(3)], NHMSYS0000458402 [Short-fruited Willowherb], NHMSYS0000458403 [Hoary Willowherb(2)], NHMSYS0000458574 [Musk Stork's-bill(2)], NHMSYS0000458644 [Eyebright(2)], NHMSYS0000458682 [an Eyebright], NHMSYS0000458783 [Sheep's Fescue agg.(4)], NHMSYS0000458868 [Fennel(3)], NHMSYS0000458958 [Shaggy Soldier], NHMSYS0000458960 [Hedge Bedstraw(3)], NHMSYS0000459041 [Little-robin(4)], NHMSYS0000459043 [Hedgerow Crane's-bill(2)], NHMSYS0000459090 [Reed Sweet-grass], NHMSYS0000459250 [Atlantic Ivy(3)], NHMSYS0000459266 [Common Rock-rose(5)], NHMSYS0000459324 [Hawkweed(3)], NHMSYS0000459718 [Hoary Mustard(2)], NHMSYS0000459759 [Hutchinsia(4)], NHMSYS0000459860 [Square-stalked St John's-wort], NHMSYS0000459961 [Walnut], NHMSYS0000460024 [Field Scabious(2)], NHMSYS0000460038 [Crested Hair-grass(2)], NHMSYS0000460056 [Laburnham], NHMSYS0000460126 [European Larch], NHMSYS0000460178 [Two-flowered Everlasting-pea], NHMSYS0000460318 [Himalayan Honeysuckle], NHMSYS0000460386 [Purple Toadflax(3)], NHMSYS0000460387 [Pale Toadflax], NHMSYS0000460394 [Common Toadflax(2)], NHMSYS0000460399 [Pale Flax(2)], NHMSYS0000460450 [Japanese Honeysuckle(2)], NHMSYS0000460452 [Wilson's Honeysuckle(2)], NHMSYS0000460501 [Great Wood-rush], NHMSYS0000460563 [Virginia Stock], NHMSYS0000460629 [Spotted Medick(3)], NHMSYS0000460822 [Wood Forget-me-not(3)], NHMSYS0000460847 [daffodils(2)], NHMSYS0000461024 [Timothy], NHMSYS0000461107 [Yellow Water-lily(2)], NHMSYS0000461145 [Evening Primrose], NHMSYS0000461148 [Large-flowered Evening-primrose], NHMSYS0000461214 [Common Reed(2)], NHMSYS0000461270 [Fox-and-cubs(2)], NHMSYS0000461278, NHMSYS0000461280 [Mouse-ear-hawkweed(3)], NHMSYS0000461294 [Bee Orchid(4)], NHMSYS0000461485 [Atlas Poppy], NHMSYS0000461503 [Hard-grass], NHMSYS0000461565 [Green Alkanet(3)], NHMSYS0000461604 [Pale Persicaria], NHMSYS0000461628 [Winter Heliotrope(3)], NHMSYS0000461640 [Rock Stonecrop(4)], NHMSYS0000461642 [Garden Parsley(3)], NHMSYS0000461716 [Austrian Pine(3)], NHMSYS0000461810 [Smooth Meadow-grass(2)], NHMSYS0000461838 [Angular Solomon's-seal(2)], NHMSYS0000461936 [Annual Beard-grass], NHMSYS0000461949 [Soft Shield-fern(3)], NHMSYS0000462067 [Primrose(2)], NHMSYS0000462136 [Common Saltmarsh-grass(3)], NHMSYS0000462184 [Firethorn], NHMSYS0000462217 [Sessile Oak(2)], NHMSYS0000462335 [Japanese Knotweed(3)], NHMSYS0000462339(2), NHMSYS0000462445 [Field-rose], NHMSYS0000462451(2), NHMSYS0000462477 [Japanese Rose], NHMSYS0000462687 [Slender Spined Bramble], NHMSYS0000463048 [Fringed Pearlwort], NHMSYS0000463050 [Sea Pearlwort], NHMSYS0000463273 [Tall Fescue(3)], NHMSYS0000463274 [Giant Fescue(3)], NHMSYS0000463485 [Green Bristle-grass], NHMSYS0000463572 [White Campion], NHMSYS0000463794 [English Whitebeam(4)], NHMSYS0000463797 [Bristol Whitebeam(5)], NHMSYS0000463798 [Orange Whitebeam(4)], NHMSYS0000463799 [Devon Whitebeam], NHMSYS0000463801 [Round-leaved Whitebeam(6)], NHMSYS0000463813 [Grey-leaved Whitebeam(3)], NHMSYS0000463819 [Wilmott's Whitebeam(4)], NHMSYS0000463855 [Common Cord-grass(2)], NHMSYS0000463881 [Greater Sea-spurrey], NHMSYS0000463932 [Autumn Lady's-tresses(2)], NHMSYS0000463934 [Greater Duckweed], NHMSYS0000464009 [Common Chickweed(4)], NHMSYS0000464011 [Lesser Chickweed(2)], NHMSYS0000464104 [Snowberry(3)], NHMSYS0000464153 [Feverfew(3)], NHMSYS0000464161 [Dandelion(4)], NHMSYS0000464365 [Fringecups], NHMSYS0000464446 [Wild Thyme(3)], NHMSYS0000464454 [Small-leaved Lime(4)], NHMSYS0000464493 [Knotted Hedge-parsley], NHMSYS0000464564 [Hop Trefoil(3)], NHMSYS0000464606 [Scentless Mayweed(2)], NHMSYS0000464618 [Yellow Oat-grass(3)], NHMSYS0000464695 [Western Gorse], NHMSYS0000464701 [Wych Elm(3)], NHMSYS0000464707(3), NHMSYS0000464763 [Keeled-fruited Cornsalad(3)], NHMSYS0000464816 [Slender Speedwell(3)], NHMSYS0000464821(2), NHMSYS0000464822(2), NHMSYS0000464828 [Common Field-speedwell(2)], NHMSYS0000464829 [Grey Field-speedwell], NHMSYS0000464896 [Early Dog-violet(3)], NHMSYS0000464897 [Common Dog-violet(2)], NHMSYS0000464947 [Rat's-tail Fescue(2)], NHMSYS0000494763(4), NHMSYS0000523323(3), NHMSYS0000523330(2), NHMSYS0000530464 [Nightingale(2)], NHMSYS0000840823 [Giant Blackberry(2)], NHMSYS0000841039 [Parsley-leaved Bramble], NHMSYS0001688303 [Marsh Tit(3)], NHMSYS0001754367 [Townsend's Cord-grass], NHMSYS0001754392 [Russian Comfrey(2)], NHMSYS0001754398 [Montbretia], NHMSYS0001754450 [Lime(2)], NHMSYS0001754477 [Hybrid Black-poplar], NHMSYS0001754558, NHMSYS0001754629 [Garden Pansy(2)], NHMSYS0001754657 [Highclere Holly], NHMSYS0001754674(2), NHMSYS0001754691 [Garden Solomon's-seal(2)], NHMSYS0001754714, NHMSYS0001754773 [Lucombe Oak], NHMSYS0001754823 [Forsythia], NHMSYS0020110588 [White's Whitebeam(4)], NHMSYS0020823761 [Swine-cress], NHMSYS0020823763 [Sea-Milkwort], NHMSYS0021005429 [Common Twayblade(2)], NHMSYS0021118812(3), NHMSYS0021118848, NHMSYS0021118903(2), NHMSYS0021118909(3), NHMSYS0021118915(2), NHMSYS0021126192 [Blue Fleabane(2)], NHMSYS0021126306 [Yellow-flowered Strawberry(3)], NHMSYS0021126374 [Autumn Hawkbit(2)], NHMSYS0021127653 [Salad Burnet(2)], NHMSYS0021232322 [Common Knapweed(3)], NHMSYS0021240654(2), NHMSYS0100001010 [Rosebay Willowherb(3)], NHMSYS0100001374 [Broad-leaved Oleaster], NHMSYS0100001603 [Lesser Celandine(3)], NHMSYS0100001725 [Corsican Hellebore], NHMSYS0100001729 [Bristly Oxtongue(3)], NHMSYS0100001785 [Bluebell(3)], NHMSYS0100001930 [Lesser Swine-cress(4)], NHMSYS0100002587 [Spring Cinquefoil(6)], NHMSYS0100002986 [Corn Parsley(2)]`"
**ST57S**,"`NBNSYS0000000027 [Lapwing], NBNSYS0000002022 [Field Horsetail], NBNSYS0000002031 [Bracken], NBNSYS0000002041 [Black Spleenwort(3)], NBNSYS0000002046 [Maidenhair Spleenwort(3)], NBNSYS0000002050 [Wall-rue(4)], NBNSYS0000002086 [Southern Polypody(2)], NBNSYS0000002088 [Intermediate Polypody(2)], NBNSYS0000002161 [Lily-of-the-valley], NBNSYS0000002183 [Autumn Squill], NBNSYS0000002185 [Bluebell(3)], NBNSYS0000002195 [Round-headed Leek(6)], NBNSYS0000002196 [Wild Onion(4)], NBNSYS0000002197 [Field Garlic(5)], NBNSYS0000002198 [Keeled Garlic(5)], NBNSYS0000002200 [Rosy Garlic], NBNSYS0000002203 [Three-cornered Garlic(2)], NBNSYS0000002205 [Ramsons(2)], NBNSYS0000002211 [Slender Rush], NBNSYS0000002220 [Hard Rush(2)], NBNSYS0000002221 [Soft-rush], NBNSYS0000002246 [Field Wood-rush(2)], NBNSYS0000002253 [Snowdrop], NBNSYS0000002268 [Stinking Iris(2)], NBNSYS0000002269 [Yellow Iris(2)], NBNSYS0000002282 [Black Bryony(2)], NBNSYS0000002351 [Lords-and-Ladies(4)], NBNSYS0000002442 [Hairy Sedge(2)], NBNSYS0000002444 [Pill Sedge(2)], NBNSYS0000002449 [Fingered Sedge(4)], NBNSYS0000002467 [False Fox-sedge(2)], NBNSYS0000002500 [Heath-grass(3)], NBNSYS0000002527 [Perennial Rye-grass(3)], NBNSYS0000002544 [Annual Meadow-grass(3)], NBNSYS0000002550 [Wood Meadow-grass], NBNSYS0000002553 [Flattened Meadow-grass], NBNSYS0000002554(2), NBNSYS0000002556 [Spreading Meadow-grass], NBNSYS0000002557 [Rough Meadow-grass(2)], NBNSYS0000002561 [Cock's-foot(2)], NBNSYS0000002563 [Crested Dog's-tail(2)], NBNSYS0000002565 [Quaking-grass(2)], NBNSYS0000002568 [Wood Melick(4)], NBNSYS0000002575 [Barren Brome(2)], NBNSYS0000002576 [Compact Brome(5)], NBNSYS0000002594 [Bearded Couch(2)], NBNSYS0000002600 [Wall Barley(3)], NBNSYS0000002612 [Wild-oat], NBNSYS0000002619 [Yorkshire-fog(2)], NBNSYS0000002638 [Common Bent(2)], NBNSYS0000002640 [Creeping Bent(2)], NBNSYS0000002643 [Water Bent], NBNSYS0000002648 [Nit-grass(4)], NBNSYS0000002650 [Smaller Cat's-tail(2)], NBNSYS0000002667 [Sweet Vernal-grass(2)], NBNSYS0000002670 [Canary-grass], NBNSYS0000002689 [Bread Wheat], NBNSYS0000002693 [Stinking Hellebore], NBNSYS0000002700 [Wood Anemone], NBNSYS0000002704 [Traveller's-joy(4)], NBNSYS0000002708 [Meadow Buttercup(2)], NBNSYS0000002709 [Creeping Buttercup(2)], NBNSYS0000002710 [Bulbous Buttercup(2)], NBNSYS0000002716 [Goldilocks Buttercup], NBNSYS0000002742 [Columbine(3)], NBNSYS0000002746 [Lesser Meadow-rue(3)], NBNSYS0000002756 [Oregon-grape], NBNSYS0000002764 [Common Poppy], NBNSYS0000002769 [Opium Poppy(2)], NBNSYS0000002775 [Greater Celandine], NBNSYS0000002776 [Californian Poppy], NBNSYS0000002781 [Yellow Corydalis(3)], NBNSYS0000002793 [Common Fumitory(2)], NBNSYS0000002801 [Rape], NBNSYS0000002808 [Charlock(2)], NBNSYS0000002811 [Annual Wall-rocket(2)], NBNSYS0000002812 [Perennial Wall-rocket(2)], NBNSYS0000002814 [Garden Rocket], NBNSYS0000002820 [Garden Radish], NBNSYS0000002824 [Bastard Cabbage], NBNSYS0000002854 [Danish Scurvygrass(2)], NBNSYS0000002855 [English Scurvygrass(2)], NBNSYS0000002872 [Cuckooflower], NBNSYS0000002875 [Wavy Bitter-cress], NBNSYS0000002876 [Hairy Bitter-cress(3)], NBNSYS0000002889 [Hairy Rock-cress(2)], NBNSYS0000002891 [Bristol Rock-cress(6)], NBNSYS0000002897 [Marsh Yellow-cress], NBNSYS0000002904 [Wallflower(3)], NBNSYS0000002906 [Hedge Mustard(2)], NBNSYS0000002910 [Tall Rocket], NBNSYS0000002913 [Thale Cress], NBNSYS0000002918 [Honesty(2)], NBNSYS0000002919 [Weld], NBNSYS0000002924 [Sweet Violet(2)], NBNSYS0000002926 [Hairy Violet(2)], NBNSYS0000002934 [Heath Dog-violet(2)], NBNSYS0000002947 [Field Pansy], NBNSYS0000002949 [Common Milkwort], NBNSYS0000002953 [Tutsan], NBNSYS0000002956 [Rose-of-Sharon], NBNSYS0000002957 [Perforate St John's-wort(2)], NBNSYS0000002966 [Slender St John's-wort], NBNSYS0000002967 [Hairy St John's-wort(3)], NBNSYS0000002968 [Pale St John's-wort(3)], NBNSYS0000002993 [Sweet-William Catchfly], NBNSYS0000002998 [Red Campion], NBNSYS0000003006 [Deptford Pink], NBNSYS0000003022 [Common Mouse-ear(2)], NBNSYS0000003023 [Sticky Mouse-ear(3)], NBNSYS0000003025 [Sea Mouse-ear(2)], NBNSYS0000003026 [Dwarf Mouse-ear(5)], NBNSYS0000003027 [Little Mouse-ear], NBNSYS0000003044 [Procumbent Pearlwort(3)], NBNSYS0000003059(2), NBNSYS0000003073 [Four-leaved Allseed], NBNSYS0000003091(2), NBNSYS0000003111 [Common Orache], NBNSYS0000003127 [Large-leaved Lime], NBNSYS0000003130 [Musk-mallow], NBNSYS0000003131 [Common Mallow(2)], NBNSYS0000003141 [Hollyhock], NBNSYS0000003143 [Flax(2)], NBNSYS0000003145 [Fairy Flax(3)], NBNSYS0000003147 [Meadow Crane's-bill], NBNSYS0000003151 [Knotted Crane's-bill], NBNSYS0000003153 [Bloody Crane's-bill(2)], NBNSYS0000003156 [Long-stalked Crane's-bill], NBNSYS0000003157 [Cut-leaved Crane's-bill(2)], NBNSYS0000003158 [Round-leaved Crane's-bill(4)], NBNSYS0000003159 [Dove's-foot Crane's-bill(2)], NBNSYS0000003160 [Small-flowered Crane's-bill], NBNSYS0000003161 [Shining Crane's-bill], NBNSYS0000003162 [Herb-Robert(4)], NBNSYS0000003176 [Procumbent Yellow-sorrel], NBNSYS0000003180 [Pink-sorrel], NBNSYS0000003191 [Sycamore(2)], NBNSYS0000003192 [Norway Maple(2)], NBNSYS0000003193 [Field Maple(3)], NBNSYS0000003194 [Holly(3)], NBNSYS0000003195 [Spindle(2)], NBNSYS0000003211 [Gorse(3)], NBNSYS0000003222 [Black Medick(2)], NBNSYS0000003231 [Red Clover(2)], NBNSYS0000003233 [Zigzag Clover], NBNSYS0000003239 [Knotted Clover], NBNSYS0000003240 [Rough Clover], NBNSYS0000003247 [White Clover(3)], NBNSYS0000003252 [Lesser Trefoil(3)], NBNSYS0000003253 [Slender Trefoil], NBNSYS0000003255 [Kidney Vetch(2)], NBNSYS0000003258 [Common Bird's-foot-trefoil(3)], NBNSYS0000003265 [False-acacia], NBNSYS0000003278 [Horseshoe Vetch(4)], NBNSYS0000003290 [Bush Vetch], NBNSYS0000003294 [Narrow-leaved Vetch], NBNSYS0000003299 [Grass Vetchling(2)], NBNSYS0000003301 [Meadow Vetchling], NBNSYS0000003303 [Narrow-leaved Everlasting-pea], NBNSYS0000003305 [Broad-leaved Everlasting-pea(3)], NBNSYS0000003315 [Dropwort(3)], NBNSYS0000003322 [Raspberry(2)], NBNSYS0000003328 [Bramble(2)], NBNSYS0000003339 [Barren Strawberry(4)], NBNSYS0000003341 [Silverweed(2)], NBNSYS0000003349 [Tormentil(3)], NBNSYS0000003354 [Creeping Cinquefoil(2)], NBNSYS0000003358 [Wild Strawberry(3)], NBNSYS0000003361 [Wood Avens(4)], NBNSYS0000003366 [Agrimony(2)], NBNSYS0000003400 [Short-styled Field-rose], NBNSYS0000003412 [Blackthorn(2)], NBNSYS0000003413 [Wild Plum], NBNSYS0000003416 [Cherry Plum(2)], NBNSYS0000003417 [Wild Cherry(2)], NBNSYS0000003420 [Cherry Laurel], NBNSYS0000003424 [Himalayan Cotoneaster(2)], NBNSYS0000003430 [Hawthorn(4)], NBNSYS0000003438 [Rowan(2)], NBNSYS0000003442 [Swedish Whitebeam], NBNSYS0000003448 [Common Whitebeam(3)], NBNSYS0000003460 [Wild Service-tree], NBNSYS0000003463(2), NBNSYS0000003477 [Biting Stonecrop(3)], NBNSYS0000003488 [Navelwort], NBNSYS0000003498 [Rue-leaved Saxifrage(5)], NBNSYS0000003524 [Purple-loosestrife], NBNSYS0000003531 [Spurge-laurel(2)], NBNSYS0000003536 [Great Willowherb(2)], NBNSYS0000003546 [Broad-leaved Willowherb(2)], NBNSYS0000003604 [Enchanter's-nightshade(3)], NBNSYS0000003624 [Mistletoe(3)], NBNSYS0000003626 [Dogwood(3)], NBNSYS0000003634 [Sanicle], NBNSYS0000003641 [Cow Parsley(3)], NBNSYS0000003646 [Upright Hedge-parsley(2)], NBNSYS0000003652 [Alexanders(4)], NBNSYS0000003655 [Hemlock(2)], NBNSYS0000003662 [Honewort(5)], NBNSYS0000003681 [Pignut(2)], NBNSYS0000003682 [Burnet-saxifrage(2)], NBNSYS0000003684 [Ground-elder(2)], NBNSYS0000003690 [Corky-fruited Water-dropwort], NBNSYS0000003693 [Hemlock Water-dropwort], NBNSYS0000003696 [Fool's Parsley(2)], NBNSYS0000003699 [Pepper-saxifrage], NBNSYS0000003710 [Hogweed(3)], NBNSYS0000003717 [White Bryony(3)], NBNSYS0000003721 [Dog's Mercury(3)], NBNSYS0000003722 [Annual Mercury(3)], NBNSYS0000003725 [Caper Spurge(2)], NBNSYS0000003732 [Sun Spurge(2)], NBNSYS0000003733 [Petty Spurge(2)], NBNSYS0000003741 [Wood Spurge(3)], NBNSYS0000003743(2), NBNSYS0000003745 [Equal-leaved Knotgrass], NBNSYS0000003753 [Redshank(2)], NBNSYS0000003761 [Russian-vine], NBNSYS0000003778 [Common Sorrel(2)], NBNSYS0000003789 [Curled Dock], NBNSYS0000003791 [Broad-leaved Dock(2)], NBNSYS0000003795 [Fiddle Dock(2)], NBNSYS0000003796 [Wood Dock(2)], NBNSYS0000003797 [Clustered Dock], NBNSYS0000003804 [Pellitory-of-the-wall(2)], NBNSYS0000003805 [Mind-your-own-business(2)], NBNSYS0000003807 [Common Nettle(3)], NBNSYS0000003809 [Hop], NBNSYS0000003827 [Silver Birch(4)], NBNSYS0000003838 [Hornbeam(3)], NBNSYS0000003839 [Hazel(4)], NBNSYS0000003840 [Beech(2)], NBNSYS0000003843 [Turkey Oak(2)], NBNSYS0000003844 [Evergreen Oak(3)], NBNSYS0000003845 [Pedunculate Oak(2)], NBNSYS0000003868 [Goat Willow], NBNSYS0000003871 [Common Sallow], NBNSYS0000003909 [Bell Heather(2)], NBNSYS0000003926 [Cowslip(2)], NBNSYS0000003933 [Sowbread], NBNSYS0000003949 [Ash(4)], NBNSYS0000003951 [Wild Privet(4)], NBNSYS0000003952 [Garden Privet(2)], NBNSYS0000003954 [Greater Periwinkle], NBNSYS0000003994 [Borage(2)], NBNSYS0000004012 [Field Forget-me-not(2)], NBNSYS0000004014 [Early Forget-me-not(3)], NBNSYS0000004020 [Purple Viper's-bugloss], NBNSYS0000004022 [Field Bindweed], NBNSYS0000004037 [Bittersweet], NBNSYS0000004039 [Black Nightshade], NBNSYS0000004044 [Thorn-apple], NBNSYS0000004046 [Great Mullein(4)], NBNSYS0000004060 [Snapdragon(3)], NBNSYS0000004075 [Sharp-leaved Fluellen], NBNSYS0000004079 [Water Figwort(2)], NBNSYS0000004093 [Fairy Foxglove(2)], NBNSYS0000004094 [Foxglove], NBNSYS0000004104 [Germander Speedwell(3)], NBNSYS0000004105 [Spiked Speedwell], NBNSYS0000004112 [Thyme-leaved Speedwell(2)], NBNSYS0000004115 [Wall Speedwell(2)], NBNSYS0000004120 [Ivy-leaved Speedwell(3)], NBNSYS0000004125 [Green Field-speedwell], NBNSYS0000004135 [Yellow-rattle(2)], NBNSYS0000004158 [Chalk Eyebright(2)], NBNSYS0000004164 [Red Bartsia(3)], NBNSYS0000004180 [Ivy Broomrape(4)], NBNSYS0000004191 [Vervain(4)], NBNSYS0000004198 [Water Mint], NBNSYS0000004207 [Wild Marjoram(4)], NBNSYS0000004216 [Basil Thyme(5)], NBNSYS0000004217 [Wild Basil(3)], NBNSYS0000004218 [Balm], NBNSYS0000004222 [Wild Clary(2)], NBNSYS0000004225 [Selfheal(3)], NBNSYS0000004234 [Marsh Woundwort], NBNSYS0000004236 [Hedge Woundwort(2)], NBNSYS0000004238 [Black Horehound(2)], NBNSYS0000004243 [Red Dead-nettle(2)], NBNSYS0000004244 [White Dead-nettle(2)], NBNSYS0000004257 [Ground-ivy(2)], NBNSYS0000004263 [Somerset Skullcap], NBNSYS0000004267 [Wood Sage(4)], NBNSYS0000004269 [Bugle], NBNSYS0000004273 [Greater Plantain(2)], NBNSYS0000004274 [Hoary Plantain(4)], NBNSYS0000004275 [Ribwort Plantain(4)], NBNSYS0000004276 [Sea Plantain], NBNSYS0000004277 [Buck's-horn Plantain(3)], NBNSYS0000004288 [Harebell(3)], NBNSYS0000004300 [Field Madder(3)], NBNSYS0000004306 [Woodruff], NBNSYS0000004309 [Lady's Bedstraw(4)], NBNSYS0000004310 [Heath Bedstraw], NBNSYS0000004319 [Cleavers(2)], NBNSYS0000004322 [Wild Madder(4)], NBNSYS0000004324 [Elder(2)], NBNSYS0000004326 [Wayfaring-tree(3)], NBNSYS0000004328 [Guelder-rose], NBNSYS0000004333 [Honeysuckle(2)], NBNSYS0000004343 [Common Valerian], NBNSYS0000004346 [Red Valerian(4)], NBNSYS0000004350 [Small Scabious(4)], NBNSYS0000004367 [Oxford Ragwort(2)], NBNSYS0000004369 [Heath Groundsel], NBNSYS0000004370 [Sticky Groundsel(2)], NBNSYS0000004371 [Groundsel(2)], NBNSYS0000004386 [Coltsfoot], NBNSYS0000004392 [Pot Marigold], NBNSYS0000004394 [Elecampane], NBNSYS0000004397 [Ploughman's-spikenard(4)], NBNSYS0000004401 [Common Fleabane(2)], NBNSYS0000004414 [Pearly Everlasting], NBNSYS0000004417 [Goldenrod(3)], NBNSYS0000004419 [Early Goldenrod], NBNSYS0000004440 [Mexican Fleabane], NBNSYS0000004445 [Daisy(3)], NBNSYS0000004446 [Hemp-agrimony(3)], NBNSYS0000004451 [Yarrow(2)], NBNSYS0000004462 [Pineappleweed(2)], NBNSYS0000004464 [Oxeye Daisy(2)], NBNSYS0000004467 [Tansy], NBNSYS0000004469 [Mugwort(2)], NBNSYS0000004478 [Carline Thistle(2)], NBNSYS0000004480 [Greater Burdock(2)], NBNSYS0000004486 [Musk Thistle(3)], NBNSYS0000004490 [Spear Thistle(2)], NBNSYS0000004492 [Creeping Thistle(2)], NBNSYS0000004494 [Dwarf Thistle(3)], NBNSYS0000004503 [Cornflower], NBNSYS0000004514 [Chicory], NBNSYS0000004515 [Nipplewort(2)], NBNSYS0000004518 [Cat's-ear(2)], NBNSYS0000004523 [Rough Hawkbit(3)], NBNSYS0000004524 [Lesser Hawkbit(3)], NBNSYS0000004526 [Hawkweed Oxtongue(3)], NBNSYS0000004527 [Goat's-beard(3)], NBNSYS0000004534 [Prickly Lettuce(2)], NBNSYS0000004535 [Great Lettuce(2)], NBNSYS0000004539 [Wall Lettuce(4)], NBNSYS0000004542 [Perennial Sow-thistle(2)], NBNSYS0000004543 [Smooth Sow-thistle(2)], NBNSYS0000004544 [Prickly Sow-thistle(2)], NBNSYS0000004548 [Common Blue-sow-thistle], NBNSYS0000004572 [Beaked Hawk's-beard(3)], NBNSYS0000004576 [Smooth Hawk's-beard(2)], NBNSYS0000004580 [Horse-chestnut(2)], NBNSYS0000004619 [Bay], NBNSYS0000004629 [Scots Pine(3)], NBNSYS0000004638 [Yew(4)], NBNSYS0000004640 [Male-fern(3)], NBNSYS0000004651 [Garden Grape-hyacinth], NBNSYS0000004652(2), NBNSYS0000004667 [Common Millet], NBNSYS0000004683 [Thyme-leaved Sandwort(2)], NBNSYS0000004689 [Soft-brome(2)], NBNSYS0000004692 [Hemp], NBNSYS0000004711 [Franchet's Cotoneaster], NBNSYS0000004752 [Garden Candytuft(2)], NBNSYS0000004790, NBNSYS0000004986 [Garden Tulip], NBNSYS0000005471 [Spotted Spurge], NBNSYS0000008319 [2-spot Ladybird], NBNSYS0000013902, NBNSYS0000014023 [Tomatillo], NBNSYS0000014093 [Common Vetch(2)], NBNSYS0000014122 [Broad Bean], NBNSYS0000014161 [Mexican Aster], NBNSYS0000014362 [Wild Carrot(2)], NBNSYS0000014838, NBNSYS0000014906 [Large-flowered Tomatillo], NBNSYS0000033486 [Scorpion Weed], NBNSYS0000033488 [Trailing Bellflower(2)], NBNSYS0000033576 [Love-in-a-mist], NBNSYS0000034355 [Argentinian Vervain], NBNSYS0000034382 [Bullate Cotoneaster], NBNSYS0000037346 [Sunflower], NBNSYS0000039859 [Common Stonewort], NBNSYS0000042601(3), NBNSYS0000042602(2), NBNSYS0000042604(3), NBNSYS0000141953 [Parsley-piert], NBNSYS0000142464 [Rusty-Back Fern(4)], NBNSYS0000142466 [Hart's-Tongue(3)], NBNSYS0000142939 [Betony(3)], NBNSYS0000146954 [Canadian Fleabane(3)], NBNSYS0000146958 [Guernsey Fleabane(2)], NBNSYS0000156911 [Broad-leaved Whitebeam(3)], NBNSYS0000161459, NBNSYS0000161662 [Siberian Wallflower], NBNSYS0000161707 [Tall Tutsan], NBNSYS0000161725 [Shasta Daisy], NBNSYS0000161876 [Hybrid Oak], NBNSYS0000161965, NBNSYS0100003073, NBNSYS0100003376 [Algerian Ivy], NHMSYS0000344612 [Sheep's-fescue(3)], NHMSYS0000345661 [Sweet-briar], NHMSYS0000345903 [Common Vetch], NHMSYS0000455480 [Knotgrass(2)], NHMSYS0000455693 [Brown Bent], NHMSYS0000455754 [Garlic Mustard(2)], NHMSYS0000455760 [Few-flowered Garlic], NHMSYS0000455771 [Alder], NHMSYS0000455779 [Black-grass], NHMSYS0000455893 [Green-winged Orchid], NHMSYS0000455991 [Parsley Piert], NHMSYS0000456023 [Monkey-puzzle(2)], NHMSYS0000456029 [Lesser / Wood Burdock(2)], NHMSYS0000456046 [Slender Sandwort], NHMSYS0000456077 [Thrift], NHMSYS0000456095 [False Oat-grass(2)], NHMSYS0000456214(3), NHMSYS0000456325 [Hedge Bindweed(2)], NHMSYS0000456330 [Large Bindweed(2)], NHMSYS0000456377 [Downy Oat(2)], NHMSYS0000456502 [Yellow-wort(3)], NHMSYS0000456587 [False-brome(4)], NHMSYS0000456605 [Black Mustard], NHMSYS0000456650 [Upright Brome(3)], NHMSYS0000456713 [Butterfly-bush(2)], NHMSYS0000456767 [Adria Bellflower(2)], NHMSYS0000456781 [Shepherd's-purse(2)], NHMSYS0000456837 [Spring-sedge(3)], NHMSYS0000456846 [Grey Sedge], NHMSYS0000456847 [Many-leaved Sedge], NHMSYS0000456850 [Glaucous Sedge(3)], NHMSYS0000456863 [Dwarf Sedge(6)], NHMSYS0000456886 [Pendulous Sedge(2)], NHMSYS0000456896 [Spiked Sedge], NHMSYS0000456898 [Thin-spiked Wood-sedge], NHMSYS0000456899 [Wood-sedge(3)], NHMSYS0000456969 [Sweet Chestnut(2)], NHMSYS0000456981 [Fern-grass(2)], NHMSYS0000457033 [Common Centaury(3)], NHMSYS0000457262 [Fig-leaved Goosefoot], NHMSYS0000457382 [Common Calamint(2)], NHMSYS0000457526 [Pampas-grass], NHMSYS0000457587 [Wall Cotoneaster(3)], NHMSYS0000457600 [Entire-leaved Cotoneaster(2)], NHMSYS0000457806 [Ivy-leaved Toadflax(3)], NHMSYS0000457901 [Common Spotted-orchid(3)], NHMSYS0000457949 [Southern Marsh-orchid], NHMSYS0000458187 [Broad Buckler-fern(2)], NHMSYS0000458258 [Cockspur], NHMSYS0000458335 [Sea Couch], NHMSYS0000458346 [Common Couch(2)], NHMSYS0000458397 [American Willowherb(2)], NHMSYS0000458402 [Short-fruited Willowherb], NHMSYS0000458403 [Hoary Willowherb(2)], NHMSYS0000458574 [Musk Stork's-bill], NHMSYS0000458644 [Eyebright(2)], NHMSYS0000458682 [an Eyebright], NHMSYS0000458715 [Black-bindweed], NHMSYS0000458783 [Sheep's Fescue agg.(3)], NHMSYS0000458868 [Fennel(3)], NHMSYS0000458911 [Common Ramping-fumitory], NHMSYS0000458960 [Hedge Bedstraw(2)], NHMSYS0000459043 [Hedgerow Crane's-bill], NHMSYS0000459250 [Atlantic Ivy(2)], NHMSYS0000459266 [Common Rock-rose(4)], NHMSYS0000459324 [Hawkweed(3)], NHMSYS0000459718 [Hoary Mustard], NHMSYS0000459754 [Meadow Barley], NHMSYS0000459759 [Hutchinsia(5)], NHMSYS0000459860 [Square-stalked St John's-wort], NHMSYS0000459903 [Turkish Iris], NHMSYS0000459961 [Walnut(2)], NHMSYS0000460024 [Field Scabious(3)], NHMSYS0000460038 [Crested Hair-grass(3)], NHMSYS0000460248 [Field Pepperwort], NHMSYS0000460318 [Himalayan Honeysuckle], NHMSYS0000460386 [Purple Toadflax(3)], NHMSYS0000460394 [Common Toadflax], NHMSYS0000460399 [Pale Flax], NHMSYS0000460452 [Wilson's Honeysuckle], NHMSYS0000460629 [Spotted Medick(2)], NHMSYS0000460822 [Wood Forget-me-not(2)], NHMSYS0000460847 [daffodils(3)], NHMSYS0000460998 [Apple-of-Peru], NHMSYS0000461024 [Timothy], NHMSYS0000461145 [Evening Primrose], NHMSYS0000461270 [Fox-and-cubs], NHMSYS0000461280 [Mouse-ear-hawkweed(4)], NHMSYS0000461294 [Bee Orchid(3)], NHMSYS0000461381 [Common Broomrape], NHMSYS0000461565 [Green Alkanet(2)], NHMSYS0000461604 [Pale Persicaria], NHMSYS0000461628 [Winter Heliotrope(4)], NHMSYS0000461640 [Rock Stonecrop], NHMSYS0000461716 [Austrian Pine(3)], NHMSYS0000461734 [Bhutan Pine], NHMSYS0000461810 [Smooth Meadow-grass], NHMSYS0000461832 [Heath Milkwort(2)], NHMSYS0000461838 [Angular Solomon's-seal(2)], NHMSYS0000461949 [Soft Shield-fern(3)], NHMSYS0000462067 [Primrose], NHMSYS0000462136 [Common Saltmarsh-grass], NHMSYS0000462184 [Firethorn], NHMSYS0000462217 [Sessile Oak(2)], NHMSYS0000462335 [Japanese Knotweed(2)], NHMSYS0000462445 [Field-rose(2)], NHMSYS0000462451(3), NHMSYS0000462468 [Small-flowered Sweet-briar], NHMSYS0000462483 [Burnet Rose], NHMSYS0000463048 [Fringed Pearlwort(2)], NHMSYS0000463273 [Tall Fescue], NHMSYS0000463274 [Giant Fescue], NHMSYS0000463563 [Rose-of-heaven], NHMSYS0000463572 [White Campion], NHMSYS0000463584 [Bladder Campion], NHMSYS0000463605 [Milk Thistle], NHMSYS0000463794 [English Whitebeam(2)], NHMSYS0000463797 [Bristol Whitebeam(5)], NHMSYS0000463798 [Orange Whitebeam(3)], NHMSYS0000463801 [Round-leaved Whitebeam(3)], NHMSYS0000463813 [Grey-leaved Whitebeam(4)], NHMSYS0000463819 [Wilmott's Whitebeam(6)], NHMSYS0000463855 [Common Cord-grass(2)], NHMSYS0000463932 [Autumn Lady's-tresses], NHMSYS0000464009 [Common Chickweed(3)], NHMSYS0000464104 [Snowberry(2)], NHMSYS0000464109 [Rough Comfrey], NHMSYS0000464153 [Feverfew(2)], NHMSYS0000464161 [Dandelion(4)], NHMSYS0000464365 [Fringecups], NHMSYS0000464446 [Wild Thyme(3)], NHMSYS0000464454 [Small-leaved Lime(4)], NHMSYS0000464564 [Hop Trefoil], NHMSYS0000464606 [Scentless Mayweed], NHMSYS0000464618 [Yellow Oat-grass(4)], NHMSYS0000464695 [Western Gorse(2)], NHMSYS0000464701 [Wych Elm(2)], NHMSYS0000464707(3), NHMSYS0000464763 [Keeled-fruited Cornsalad(2)], NHMSYS0000464816 [Slender Speedwell(2)], NHMSYS0000464821(2), NHMSYS0000464822(3), NHMSYS0000464828 [Common Field-speedwell(2)], NHMSYS0000464829 [Grey Field-speedwell(2)], NHMSYS0000464896 [Early Dog-violet(3)], NHMSYS0000464897 [Common Dog-violet(3)], NHMSYS0000464947 [Rat's-tail Fescue], NHMSYS0000465168 [Hybrid Fescue], NHMSYS0000494763(2), NHMSYS0000523323(2), NHMSYS0000530242 [Nightjar], NHMSYS0000712592 [Harlequin Ladybird], NHMSYS0000840823 [Giant Blackberry(2)], NHMSYS0000841039 [Parsley-leaved Bramble], NHMSYS0001754310, NHMSYS0001754392 [Russian Comfrey], NHMSYS0001754398 [Montbretia(2)], NHMSYS0001754450 [Lime(3)], NHMSYS0001754539 [Lesser Soft-brome], NHMSYS0001754592 [Primrose-peerless], NHMSYS0001754629 [Garden Pansy(2)], NHMSYS0001754646, NHMSYS0001754657 [Highclere Holly], NHMSYS0001754674, NHMSYS0001754822 [Druce's Crane's-bill], NHMSYS0020110588 [White's Whitebeam(5)], NHMSYS0020823761 [Swine-cress(2)], NHMSYS0021005429 [Common Twayblade], NHMSYS0021118812(2), NHMSYS0021118909(3), NHMSYS0021118915(2), NHMSYS0021123603, NHMSYS0021126192 [Blue Fleabane], NHMSYS0021126306 [Yellow-flowered Strawberry(2)], NHMSYS0021126374 [Autumn Hawkbit(2)], NHMSYS0021127653 [Salad Burnet(2)], NHMSYS0021128571 [Scented Mayweed], NHMSYS0021232322 [Common Knapweed(3)], NHMSYS0021240654, NHMSYS0100000832 [Yellow Oxeye], NHMSYS0100001010 [Rosebay Willowherb(2)], NHMSYS0100001111 [Fringed Cotoneaster], NHMSYS0100001603 [Lesser Celandine(2)], NHMSYS0100001725 [Corsican Hellebore], NHMSYS0100001729 [Bristly Oxtongue(2)], NHMSYS0100001785 [Bluebell(2)], NHMSYS0100001930 [Lesser Swine-cress(3)], NHMSYS0100002292 [Welsh Poppy], NHMSYS0100002587 [Spring Cinquefoil(5)]`"
**ST57T**,"`NBNSYS0000002046 [Maidenhair Spleenwort], NBNSYS0000002050 [Wall-rue(2)], NBNSYS0000002054 [Lady-fern], NBNSYS0000002185 [Bluebell(2)], NBNSYS0000002195 [Round-headed Leek], NBNSYS0000002196 [Wild Onion(2)], NBNSYS0000002198 [Keeled Garlic], NBNSYS0000002200 [Rosy Garlic(2)], NBNSYS0000002203 [Three-cornered Garlic(2)], NBNSYS0000002205 [Ramsons(2)], NBNSYS0000002220 [Hard Rush], NBNSYS0000002221 [Soft-rush], NBNSYS0000002246 [Field Wood-rush], NBNSYS0000002253 [Snowdrop(2)], NBNSYS0000002268 [Stinking Iris], NBNSYS0000002269 [Yellow Iris], NBNSYS0000002282 [Black Bryony], NBNSYS0000002351 [Lords-and-Ladies(2)], NBNSYS0000002527 [Perennial Rye-grass(2)], NBNSYS0000002533 [Squirreltail Fescue], NBNSYS0000002538 [Reflexed Saltmarsh-Grass], NBNSYS0000002544 [Annual Meadow-grass(2)], NBNSYS0000002550 [Wood Meadow-grass], NBNSYS0000002554(2), NBNSYS0000002556 [Spreading Meadow-grass], NBNSYS0000002557 [Rough Meadow-grass(2)], NBNSYS0000002561 [Cock's-foot(2)], NBNSYS0000002563 [Crested Dog's-tail(2)], NBNSYS0000002567 [Greater Quaking-grass], NBNSYS0000002568 [Wood Melick], NBNSYS0000002569 [Mountain Melick], NBNSYS0000002575 [Barren Brome(2)], NBNSYS0000002594 [Bearded Couch], NBNSYS0000002600 [Wall Barley(2)], NBNSYS0000002619 [Yorkshire-fog], NBNSYS0000002638 [Common Bent], NBNSYS0000002640 [Creeping Bent(2)], NBNSYS0000002643 [Water Bent], NBNSYS0000002650 [Smaller Cat's-tail], NBNSYS0000002656 [Meadow Foxtail(2)], NBNSYS0000002667 [Sweet Vernal-grass], NBNSYS0000002669 [Reed Canary-grass], NBNSYS0000002689 [Bread Wheat], NBNSYS0000002693 [Stinking Hellebore], NBNSYS0000002694 [Green Hellebore(3)], NBNSYS0000002700 [Wood Anemone], NBNSYS0000002704 [Traveller's-joy(2)], NBNSYS0000002708 [Meadow Buttercup(2)], NBNSYS0000002709 [Creeping Buttercup(2)], NBNSYS0000002710 [Bulbous Buttercup(2)], NBNSYS0000002721 [Celery-leaved Buttercup], NBNSYS0000002742 [Columbine], NBNSYS0000002764 [Common Poppy], NBNSYS0000002769 [Opium Poppy], NBNSYS0000002781 [Yellow Corydalis(2)], NBNSYS0000002811 [Annual Wall-rocket], NBNSYS0000002854 [Danish Scurvygrass], NBNSYS0000002875 [Wavy Bitter-cress(2)], NBNSYS0000002876 [Hairy Bitter-cress(2)], NBNSYS0000002891 [Bristol Rock-cress], NBNSYS0000002906 [Hedge Mustard(2)], NBNSYS0000002913 [Thale Cress(2)], NBNSYS0000002917 [Aubretia], NBNSYS0000002953 [Tutsan], NBNSYS0000002955 [Stinking Tutsan], NBNSYS0000002957 [Perforate St John's-wort], NBNSYS0000002998 [Red Campion], NBNSYS0000003022 [Common Mouse-ear], NBNSYS0000003023 [Sticky Mouse-ear(2)], NBNSYS0000003044 [Procumbent Pearlwort(2)], NBNSYS0000003059, NBNSYS0000003091, NBNSYS0000003112 [Spear-leaved Orache], NBNSYS0000003130 [Musk-mallow], NBNSYS0000003131 [Common Mallow], NBNSYS0000003141 [Hollyhock], NBNSYS0000003147 [Meadow Crane's-bill], NBNSYS0000003157 [Cut-leaved Crane's-bill], NBNSYS0000003159 [Dove's-foot Crane's-bill(2)], NBNSYS0000003161 [Shining Crane's-bill], NBNSYS0000003162 [Herb-Robert(2)], NBNSYS0000003180 [Pink-sorrel], NBNSYS0000003189 [Himalayan Balsam], NBNSYS0000003191 [Sycamore(2)], NBNSYS0000003192 [Norway Maple(2)], NBNSYS0000003193 [Field Maple(2)], NBNSYS0000003194 [Holly(2)], NBNSYS0000003195 [Spindle(2)], NBNSYS0000003197 [Box], NBNSYS0000003211 [Gorse], NBNSYS0000003222 [Black Medick(2)], NBNSYS0000003231 [Red Clover(2)], NBNSYS0000003247 [White Clover(2)], NBNSYS0000003252 [Lesser Trefoil(2)], NBNSYS0000003258 [Common Bird's-foot-trefoil], NBNSYS0000003269 [Wild Liquorice], NBNSYS0000003283 [Tufted Vetch], NBNSYS0000003290 [Bush Vetch], NBNSYS0000003301 [Meadow Vetchling], NBNSYS0000003303 [Narrow-leaved Everlasting-pea], NBNSYS0000003328 [Bramble(2)], NBNSYS0000003339 [Barren Strawberry(2)], NBNSYS0000003354 [Creeping Cinquefoil(2)], NBNSYS0000003358 [Wild Strawberry], NBNSYS0000003361 [Wood Avens(2)], NBNSYS0000003383 [Garden Lady's-mantle], NBNSYS0000003412 [Blackthorn(2)], NBNSYS0000003413 [Wild Plum], NBNSYS0000003416 [Cherry Plum], NBNSYS0000003417 [Wild Cherry(2)], NBNSYS0000003420 [Cherry Laurel(2)], NBNSYS0000003430 [Hawthorn(2)], NBNSYS0000003438 [Rowan], NBNSYS0000003448 [Common Whitebeam], NBNSYS0000003460 [Wild Service-tree], NBNSYS0000003498 [Rue-leaved Saxifrage], NBNSYS0000003513 [Red Currant], NBNSYS0000003531 [Spurge-laurel], NBNSYS0000003536 [Great Willowherb], NBNSYS0000003546 [Broad-leaved Willowherb(2)], NBNSYS0000003604 [Enchanter's-nightshade(2)], NBNSYS0000003624 [Mistletoe(3)], NBNSYS0000003626 [Dogwood(2)], NBNSYS0000003634 [Sanicle], NBNSYS0000003641 [Cow Parsley(2)], NBNSYS0000003652 [Alexanders], NBNSYS0000003681 [Pignut], NBNSYS0000003682 [Burnet-saxifrage], NBNSYS0000003684 [Ground-elder(2)], NBNSYS0000003693 [Hemlock Water-dropwort], NBNSYS0000003710 [Hogweed(2)], NBNSYS0000003721 [Dog's Mercury(2)], NBNSYS0000003722 [Annual Mercury(2)], NBNSYS0000003725 [Caper Spurge], NBNSYS0000003732 [Sun Spurge(2)], NBNSYS0000003733 [Petty Spurge(2)], NBNSYS0000003741 [Wood Spurge(2)], NBNSYS0000003743(2), NBNSYS0000003745 [Equal-leaved Knotgrass], NBNSYS0000003753 [Redshank], NBNSYS0000003778 [Common Sorrel(2)], NBNSYS0000003789 [Curled Dock(2)], NBNSYS0000003791 [Broad-leaved Dock(2)], NBNSYS0000003795 [Fiddle Dock(2)], NBNSYS0000003796 [Wood Dock(2)], NBNSYS0000003804 [Pellitory-of-the-wall(2)], NBNSYS0000003805 [Mind-your-own-business], NBNSYS0000003806 [Small Nettle], NBNSYS0000003807 [Common Nettle(2)], NBNSYS0000003827 [Silver Birch], NBNSYS0000003839 [Hazel(2)], NBNSYS0000003840 [Beech(2)], NBNSYS0000003844 [Evergreen Oak(2)], NBNSYS0000003845 [Pedunculate Oak(2)], NBNSYS0000003868 [Goat Willow], NBNSYS0000003926 [Cowslip], NBNSYS0000003933 [Sowbread(2)], NBNSYS0000003935 [Creeping-Jenny(2)], NBNSYS0000003949 [Ash(2)], NBNSYS0000003951 [Wild Privet(2)], NBNSYS0000003953 [Lesser Periwinkle], NBNSYS0000003954 [Greater Periwinkle], NBNSYS0000003994 [Borage], NBNSYS0000004012 [Field Forget-me-not(2)], NBNSYS0000004022 [Field Bindweed(2)], NBNSYS0000004037 [Bittersweet], NBNSYS0000004060 [Snapdragon], NBNSYS0000004078 [Common Figwort], NBNSYS0000004079 [Water Figwort], NBNSYS0000004103 [Wood Speedwell(2)], NBNSYS0000004104 [Germander Speedwell(2)], NBNSYS0000004115 [Wall Speedwell], NBNSYS0000004120 [Ivy-leaved Speedwell(2)], NBNSYS0000004135 [Yellow-rattle], NBNSYS0000004180 [Ivy Broomrape], NBNSYS0000004218 [Balm], NBNSYS0000004225 [Selfheal(2)], NBNSYS0000004236 [Hedge Woundwort(2)], NBNSYS0000004240 [Henbit Dead-nettle], NBNSYS0000004243 [Red Dead-nettle(2)], NBNSYS0000004244 [White Dead-nettle(2)], NBNSYS0000004257 [Ground-ivy], NBNSYS0000004273 [Greater Plantain(2)], NBNSYS0000004274 [Hoary Plantain(2)], NBNSYS0000004275 [Ribwort Plantain(2)], NBNSYS0000004300 [Field Madder(2)], NBNSYS0000004309 [Lady's Bedstraw], NBNSYS0000004319 [Cleavers(2)], NBNSYS0000004324 [Elder(2)], NBNSYS0000004346 [Red Valerian(2)], NBNSYS0000004371 [Groundsel], NBNSYS0000004418 [Canadian Goldenrod], NBNSYS0000004440 [Mexican Fleabane(2)], NBNSYS0000004445 [Daisy(2)], NBNSYS0000004446 [Hemp-agrimony], NBNSYS0000004451 [Yarrow(2)], NBNSYS0000004462 [Pineappleweed], NBNSYS0000004464 [Oxeye Daisy], NBNSYS0000004469 [Mugwort], NBNSYS0000004490 [Spear Thistle(2)], NBNSYS0000004491 [Marsh Thistle], NBNSYS0000004492 [Creeping Thistle(2)], NBNSYS0000004494 [Dwarf Thistle], NBNSYS0000004515 [Nipplewort(2)], NBNSYS0000004518 [Cat's-ear(2)], NBNSYS0000004524 [Lesser Hawkbit], NBNSYS0000004534 [Prickly Lettuce(2)], NBNSYS0000004539 [Wall Lettuce(2)], NBNSYS0000004543 [Smooth Sow-thistle(2)], NBNSYS0000004544 [Prickly Sow-thistle(2)], NBNSYS0000004548 [Common Blue-sow-thistle], NBNSYS0000004572 [Beaked Hawk's-beard(2)], NBNSYS0000004576 [Smooth Hawk's-beard], NBNSYS0000004580 [Horse-chestnut(2)], NBNSYS0000004629 [Scots Pine(2)], NBNSYS0000004638 [Yew(2)], NBNSYS0000004640 [Male-fern(2)], NBNSYS0000004652, NBNSYS0000004683 [Thyme-leaved Sandwort], NBNSYS0000004689 [Soft-brome], NBNSYS0000014093 [Common Vetch(2)], NBNSYS0000014362 [Wild Carrot], NBNSYS0000014838, NBNSYS0000033488 [Trailing Bellflower(2)], NBNSYS0000034355 [Argentinian Vervain], NBNSYS0000042601(2), NBNSYS0000042604, NBNSYS0000042610, NBNSYS0000141953 [Parsley-piert], NBNSYS0000142464 [Rusty-Back Fern(2)], NBNSYS0000142466 [Hart's-Tongue(2)], NBNSYS0000146954 [Canadian Fleabane], NBNSYS0000161415 [Japanese Anemone], NBNSYS0000161965, NBNSYS0100002001 [Fern-leaved Beggarticks], NHMSYS0000344590, NHMSYS0000344612 [Sheep's-fescue], NHMSYS0000345555 [Black-poplar], NHMSYS0000455480 [Knotgrass(2)], NHMSYS0000455754 [Garlic Mustard(2)], NHMSYS0000455771 [Alder(2)], NHMSYS0000455991 [Parsley Piert], NHMSYS0000456029 [Lesser / Wood Burdock], NHMSYS0000456083 [Horse-radish(2)], NHMSYS0000456095 [False Oat-grass(2)], NHMSYS0000456118 [Italian Lords-and-Ladies], NHMSYS0000456214, NHMSYS0000456325 [Hedge Bindweed(2)], NHMSYS0000456330 [Large Bindweed], NHMSYS0000456587 [False-brome(2)], NHMSYS0000456650 [Upright Brome(2)], NHMSYS0000456713 [Butterfly-bush(2)], NHMSYS0000456767 [Adria Bellflower], NHMSYS0000456781 [Shepherd's-purse(2)], NHMSYS0000456886 [Pendulous Sedge(2)], NHMSYS0000456898 [Thin-spiked Wood-sedge(2)], NHMSYS0000456899 [Wood-sedge(2)], NHMSYS0000456981 [Fern-grass], NHMSYS0000457587 [Wall Cotoneaster(2)], NHMSYS0000457765 [Lawson Cypress], NHMSYS0000457806 [Ivy-leaved Toadflax(2)], NHMSYS0000457949 [Southern Marsh-orchid], NHMSYS0000458187 [Broad Buckler-fern(2)], NHMSYS0000458397 [American Willowherb], NHMSYS0000458403 [Hoary Willowherb(2)], NHMSYS0000458783 [Sheep's Fescue agg.], NHMSYS0000458960 [Hedge Bedstraw], NHMSYS0000459043 [Hedgerow Crane's-bill], NHMSYS0000459250 [Atlantic Ivy], NHMSYS0000459860 [Square-stalked St John's-wort], NHMSYS0000460024 [Field Scabious], NHMSYS0000460038 [Crested Hair-grass], NHMSYS0000460386 [Purple Toadflax(2)], NHMSYS0000460452 [Wilson's Honeysuckle(2)], NHMSYS0000460822 [Wood Forget-me-not], NHMSYS0000460847 [daffodils(2)], NHMSYS0000461024 [Timothy], NHMSYS0000461145 [Evening Primrose], NHMSYS0000461148 [Large-flowered Evening-primrose], NHMSYS0000461270 [Fox-and-cubs], NHMSYS0000461381 [Common Broomrape], NHMSYS0000461485 [Atlas Poppy], NHMSYS0000461565 [Green Alkanet(2)], NHMSYS0000461628 [Winter Heliotrope], NHMSYS0000461716 [Austrian Pine], NHMSYS0000461810 [Smooth Meadow-grass(2)], NHMSYS0000461949 [Soft Shield-fern(2)], NHMSYS0000462067 [Primrose], NHMSYS0000462184 [Firethorn], NHMSYS0000462335 [Japanese Knotweed], NHMSYS0000462445 [Field-rose], NHMSYS0000462451, NHMSYS0000463274 [Giant Fescue], NHMSYS0000464009 [Common Chickweed(2)], NHMSYS0000464104 [Snowberry], NHMSYS0000464161 [Dandelion(2)], NHMSYS0000464446 [Wild Thyme], NHMSYS0000464493 [Knotted Hedge-parsley(2)], NHMSYS0000464701 [Wych Elm(2)], NHMSYS0000464707(3), NHMSYS0000464763 [Keeled-fruited Cornsalad(2)], NHMSYS0000464816 [Slender Speedwell], NHMSYS0000464821, NHMSYS0000464822, NHMSYS0000464828 [Common Field-speedwell(2)], NHMSYS0000464829 [Grey Field-speedwell], NHMSYS0000464896 [Early Dog-violet], NHMSYS0000464897 [Common Dog-violet], NHMSYS0000464947 [Rat's-tail Fescue], NHMSYS0000523323(2), NHMSYS0000712592 [Harlequin Ladybird], NHMSYS0000840823 [Giant Blackberry(2)], NHMSYS0001754477 [Hybrid Black-poplar(2)], NHMSYS0001754674, NHMSYS0020704589, NHMSYS0021118903, NHMSYS0021118909(2), NHMSYS0021118915, NHMSYS0021126374 [Autumn Hawkbit], NHMSYS0021127653 [Salad Burnet], NHMSYS0021232322 [Common Knapweed(2)], NHMSYS0100001010 [Rosebay Willowherb], NHMSYS0100001603 [Lesser Celandine(2)], NHMSYS0100001729 [Bristly Oxtongue], NHMSYS0100001785 [Bluebell(2)], NHMSYS0100001930 [Lesser Swine-cress], NHMSYS0100002292 [Welsh Poppy], NHMSYS0100002969 [Ragged-Robin]`"
**ST57U**,"`NBNSYS0000002022 [Field Horsetail], NBNSYS0000002031 [Bracken(2)], NBNSYS0000002041 [Black Spleenwort(2)], NBNSYS0000002046 [Maidenhair Spleenwort(2)], NBNSYS0000002050 [Wall-rue(2)], NBNSYS0000002054 [Lady-fern], NBNSYS0000002097 [Adder's-tongue], NBNSYS0000002101 [Water-plantain], NBNSYS0000002126 [Broad-leaved Pondweed], NBNSYS0000002170 [Butcher's-broom(2)], NBNSYS0000002185 [Bluebell(4)], NBNSYS0000002196 [Wild Onion(4)], NBNSYS0000002197 [Field Garlic], NBNSYS0000002203 [Three-cornered Garlic(2)], NBNSYS0000002205 [Ramsons(3)], NBNSYS0000002220 [Hard Rush(3)], NBNSYS0000002221 [Soft-rush], NBNSYS0000002230 [Sharp-flowered Rush], NBNSYS0000002239 [Hairy Wood-rush], NBNSYS0000002246 [Field Wood-rush(3)], NBNSYS0000002253 [Snowdrop(2)], NBNSYS0000002269 [Yellow Iris(3)], NBNSYS0000002282 [Black Bryony(2)], NBNSYS0000002351 [Lords-and-Ladies(4)], NBNSYS0000002358 [Common Duckweed], NBNSYS0000002369 [Bulrush], NBNSYS0000002430 [Greater Pond-sedge], NBNSYS0000002467 [False Fox-sedge], NBNSYS0000002483 [Remote Sedge], NBNSYS0000002527 [Perennial Rye-grass(3)], NBNSYS0000002533 [Squirreltail Fescue(2)], NBNSYS0000002544 [Annual Meadow-grass(3)], NBNSYS0000002554, NBNSYS0000002557 [Rough Meadow-grass(2)], NBNSYS0000002561 [Cock's-foot(4)], NBNSYS0000002563 [Crested Dog's-tail(2)], NBNSYS0000002568 [Wood Melick(2)], NBNSYS0000002575 [Barren Brome(2)], NBNSYS0000002600 [Wall Barley(2)], NBNSYS0000002619 [Yorkshire-fog(2)], NBNSYS0000002620 [Creeping Soft-grass], NBNSYS0000002630 [Wood Small-reed(2)], NBNSYS0000002638 [Common Bent(2)], NBNSYS0000002640 [Creeping Bent(3)], NBNSYS0000002650 [Smaller Cat's-tail], NBNSYS0000002656 [Meadow Foxtail(3)], NBNSYS0000002657 [Marsh Foxtail], NBNSYS0000002663 [Wood Millet(2)], NBNSYS0000002667 [Sweet Vernal-grass(4)], NBNSYS0000002691 [Marsh-marigold], NBNSYS0000002700 [Wood Anemone(2)], NBNSYS0000002704 [Traveller's-joy(3)], NBNSYS0000002708 [Meadow Buttercup(3)], NBNSYS0000002709 [Creeping Buttercup(4)], NBNSYS0000002710 [Bulbous Buttercup(3)], NBNSYS0000002716 [Goldilocks Buttercup(2)], NBNSYS0000002727 [Thread-leaved Water-crowfoot], NBNSYS0000002742 [Columbine], NBNSYS0000002764 [Common Poppy(2)], NBNSYS0000002769 [Opium Poppy], NBNSYS0000002775 [Greater Celandine], NBNSYS0000002781 [Yellow Corydalis(2)], NBNSYS0000002793 [Common Fumitory], NBNSYS0000002808 [Charlock], NBNSYS0000002811 [Annual Wall-rocket], NBNSYS0000002812 [Perennial Wall-rocket], NBNSYS0000002837 [Hoary Cress], NBNSYS0000002841 [Field Penny-cress], NBNSYS0000002854 [Danish Scurvygrass], NBNSYS0000002872 [Cuckooflower(3)], NBNSYS0000002875 [Wavy Bitter-cress(2)], NBNSYS0000002876 [Hairy Bitter-cress(4)], NBNSYS0000002906 [Hedge Mustard(3)], NBNSYS0000002913 [Thale Cress(2)], NBNSYS0000002918 [Honesty], NBNSYS0000002924 [Sweet Violet(2)], NBNSYS0000002926 [Hairy Violet], NBNSYS0000002957 [Perforate St John's-wort], NBNSYS0000002967 [Hairy St John's-wort], NBNSYS0000002998 [Red Campion(2)], NBNSYS0000003018 [Snow-in-summer], NBNSYS0000003022 [Common Mouse-ear(4)], NBNSYS0000003023 [Sticky Mouse-ear(2)], NBNSYS0000003037 [Lesser Stitchwort], NBNSYS0000003044 [Procumbent Pearlwort(3)], NBNSYS0000003091(2), NBNSYS0000003111 [Common Orache], NBNSYS0000003112 [Spear-leaved Orache(2)], NBNSYS0000003131 [Common Mallow(2)], NBNSYS0000003157 [Cut-leaved Crane's-bill(4)], NBNSYS0000003158 [Round-leaved Crane's-bill(2)], NBNSYS0000003159 [Dove's-foot Crane's-bill(3)], NBNSYS0000003161 [Shining Crane's-bill], NBNSYS0000003162 [Herb-Robert(3)], NBNSYS0000003175 [Wood-sorrel(2)], NBNSYS0000003189 [Himalayan Balsam], NBNSYS0000003191 [Sycamore(3)], NBNSYS0000003192 [Norway Maple(3)], NBNSYS0000003193 [Field Maple(3)], NBNSYS0000003194 [Holly(3)], NBNSYS0000003195 [Spindle(3)], NBNSYS0000003197 [Box(3)], NBNSYS0000003206 [Dyer's Greenweed], NBNSYS0000003211 [Gorse], NBNSYS0000003214 [Broom], NBNSYS0000003222 [Black Medick(3)], NBNSYS0000003231 [Red Clover(4)], NBNSYS0000003233 [Zigzag Clover], NBNSYS0000003247 [White Clover(4)], NBNSYS0000003252 [Lesser Trefoil(2)], NBNSYS0000003258 [Common Bird's-foot-trefoil(3)], NBNSYS0000003260 [Greater Bird's-foot-trefoil], NBNSYS0000003265 [False-acacia], NBNSYS0000003283 [Tufted Vetch], NBNSYS0000003290 [Bush Vetch(3)], NBNSYS0000003301 [Meadow Vetchling(3)], NBNSYS0000003316 [Meadowsweet(2)], NBNSYS0000003322 [Raspberry(2)], NBNSYS0000003328 [Bramble(2)], NBNSYS0000003339 [Barren Strawberry], NBNSYS0000003341 [Silverweed(2)], NBNSYS0000003354 [Creeping Cinquefoil(4)], NBNSYS0000003361 [Wood Avens(3)], NBNSYS0000003366 [Agrimony], NBNSYS0000003412 [Blackthorn(3)], NBNSYS0000003413 [Wild Plum], NBNSYS0000003417 [Wild Cherry(2)], NBNSYS0000003420 [Cherry Laurel(3)], NBNSYS0000003421 [Portugal Laurel], NBNSYS0000003430 [Hawthorn(4)], NBNSYS0000003438 [Rowan(2)], NBNSYS0000003448 [Common Whitebeam], NBNSYS0000003463, NBNSYS0000003473 [White Stonecrop], NBNSYS0000003477 [Biting Stonecrop], NBNSYS0000003488 [Navelwort(2)], NBNSYS0000003513 [Red Currant], NBNSYS0000003518 [Gooseberry(3)], NBNSYS0000003531 [Spurge-laurel], NBNSYS0000003536 [Great Willowherb(3)], NBNSYS0000003546 [Broad-leaved Willowherb(2)], NBNSYS0000003604 [Enchanter's-nightshade(2)], NBNSYS0000003624 [Mistletoe(4)], NBNSYS0000003626 [Dogwood(2)], NBNSYS0000003634 [Sanicle(2)], NBNSYS0000003641 [Cow Parsley(4)], NBNSYS0000003646 [Upright Hedge-parsley(2)], NBNSYS0000003655 [Hemlock], NBNSYS0000003681 [Pignut(3)], NBNSYS0000003684 [Ground-elder], NBNSYS0000003693 [Hemlock Water-dropwort(3)], NBNSYS0000003696 [Fool's Parsley], NBNSYS0000003703 [Wild Angelica], NBNSYS0000003710 [Hogweed(4)], NBNSYS0000003717 [White Bryony], NBNSYS0000003721 [Dog's Mercury(3)], NBNSYS0000003722 [Annual Mercury], NBNSYS0000003733 [Petty Spurge(3)], NBNSYS0000003740 [Cypress Spurge], NBNSYS0000003741 [Wood Spurge(2)], NBNSYS0000003743(3), NBNSYS0000003745 [Equal-leaved Knotgrass], NBNSYS0000003753 [Redshank], NBNSYS0000003778 [Common Sorrel(4)], NBNSYS0000003789 [Curled Dock(3)], NBNSYS0000003791 [Broad-leaved Dock(4)], NBNSYS0000003796 [Wood Dock(2)], NBNSYS0000003797 [Clustered Dock], NBNSYS0000003804 [Pellitory-of-the-wall(2)], NBNSYS0000003805 [Mind-your-own-business(2)], NBNSYS0000003807 [Common Nettle(4)], NBNSYS0000003827 [Silver Birch(3)], NBNSYS0000003838 [Hornbeam], NBNSYS0000003839 [Hazel(3)], NBNSYS0000003840 [Beech(3)], NBNSYS0000003843 [Turkey Oak], NBNSYS0000003844 [Evergreen Oak(3)], NBNSYS0000003845 [Pedunculate Oak(4)], NBNSYS0000003859 [White Willow], NBNSYS0000003868 [Goat Willow(2)], NBNSYS0000003888 [Rhododendron(2)], NBNSYS0000003926 [Cowslip(2)], NBNSYS0000003949 [Ash(4)], NBNSYS0000003950 [Lilac], NBNSYS0000003951 [Wild Privet(3)], NBNSYS0000003953 [Lesser Periwinkle(3)], NBNSYS0000003954 [Greater Periwinkle], NBNSYS0000003989 [White Comfrey], NBNSYS0000004012 [Field Forget-me-not(2)], NBNSYS0000004022 [Field Bindweed(2)], NBNSYS0000004037 [Bittersweet(3)], NBNSYS0000004046 [Great Mullein(2)], NBNSYS0000004052 [Dark Mullein], NBNSYS0000004078 [Common Figwort(2)], NBNSYS0000004096 [Brooklime], NBNSYS0000004103 [Wood Speedwell(2)], NBNSYS0000004104 [Germander Speedwell(2)], NBNSYS0000004112 [Thyme-leaved Speedwell], NBNSYS0000004115 [Wall Speedwell(2)], NBNSYS0000004120 [Ivy-leaved Speedwell(3)], NBNSYS0000004135 [Yellow-rattle(2)], NBNSYS0000004170 [Purple Toothwort], NBNSYS0000004180 [Ivy Broomrape(2)], NBNSYS0000004225 [Selfheal(4)], NBNSYS0000004236 [Hedge Woundwort(3)], NBNSYS0000004238 [Black Horehound], NBNSYS0000004240 [Henbit Dead-nettle], NBNSYS0000004243 [Red Dead-nettle(2)], NBNSYS0000004244 [White Dead-nettle(4)], NBNSYS0000004257 [Ground-ivy(3)], NBNSYS0000004267 [Wood Sage(2)], NBNSYS0000004269 [Bugle(2)], NBNSYS0000004273 [Greater Plantain(3)], NBNSYS0000004275 [Ribwort Plantain(4)], NBNSYS0000004277 [Buck's-horn Plantain], NBNSYS0000004300 [Field Madder(2)], NBNSYS0000004309 [Lady's Bedstraw(2)], NBNSYS0000004319 [Cleavers(4)], NBNSYS0000004322 [Wild Madder], NBNSYS0000004324 [Elder(4)], NBNSYS0000004326 [Wayfaring-tree(3)], NBNSYS0000004328 [Guelder-rose], NBNSYS0000004333 [Honeysuckle(2)], NBNSYS0000004336 [Moschatel], NBNSYS0000004346 [Red Valerian(3)], NBNSYS0000004367 [Oxford Ragwort(2)], NBNSYS0000004371 [Groundsel(4)], NBNSYS0000004386 [Coltsfoot(2)], NBNSYS0000004445 [Daisy(4)], NBNSYS0000004451 [Yarrow(3)], NBNSYS0000004464 [Oxeye Daisy(3)], NBNSYS0000004469 [Mugwort], NBNSYS0000004490 [Spear Thistle(3)], NBNSYS0000004491 [Marsh Thistle], NBNSYS0000004492 [Creeping Thistle(4)], NBNSYS0000004515 [Nipplewort(3)], NBNSYS0000004518 [Cat's-ear(3)], NBNSYS0000004523 [Rough Hawkbit], NBNSYS0000004524 [Lesser Hawkbit], NBNSYS0000004527 [Goat's-beard], NBNSYS0000004534 [Prickly Lettuce(2)], NBNSYS0000004539 [Wall Lettuce(2)], NBNSYS0000004542 [Perennial Sow-thistle], NBNSYS0000004543 [Smooth Sow-thistle(3)], NBNSYS0000004544 [Prickly Sow-thistle(2)], NBNSYS0000004548 [Common Blue-sow-thistle], NBNSYS0000004572 [Beaked Hawk's-beard(2)], NBNSYS0000004576 [Smooth Hawk's-beard(3)], NBNSYS0000004580 [Horse-chestnut(3)], NBNSYS0000004629 [Scots Pine(2)], NBNSYS0000004638 [Yew(3)], NBNSYS0000004640 [Male-fern(3)], NBNSYS0000004651 [Garden Grape-hyacinth], NBNSYS0000004652(2), NBNSYS0000004655 [Annual Pearlwort], NBNSYS0000004689 [Soft-brome(2)], NBNSYS0000004760, NBNSYS0000004849 [Silver Maple], NBNSYS0000014093 [Common Vetch(3)], NBNSYS0000014362 [Wild Carrot(4)], NBNSYS0000014838(2), NBNSYS0000033576 [Love-in-a-mist], NBNSYS0000042601, NBNSYS0000042602, NBNSYS0000141953 [Parsley-piert(2)], NBNSYS0000142464 [Rusty-Back Fern(2)], NBNSYS0000142466 [Hart's-Tongue(3)], NBNSYS0000146954 [Canadian Fleabane], NBNSYS0000153184 [Yellow-Juiced Poppy], NBNSYS0000161802 [London Plane], NBNSYS0000161821 [Grey Poplar], NBNSYS0000161965, NBNSYS0200002808 [Blue Passionflower], NHMSYS0000344612 [Sheep's-fescue(2)], NHMSYS0000345903 [Common Vetch], NHMSYS0000455480 [Knotgrass(2)], NHMSYS0000455754 [Garlic Mustard(4)], NHMSYS0000455893 [Green-winged Orchid], NHMSYS0000455991 [Parsley Piert(2)], NHMSYS0000456023 [Monkey-puzzle], NHMSYS0000456029 [Lesser / Wood Burdock], NHMSYS0000456095 [False Oat-grass(2)], NHMSYS0000456214(2), NHMSYS0000456325 [Hedge Bindweed(3)], NHMSYS0000456330 [Large Bindweed], NHMSYS0000456587 [False-brome(3)], NHMSYS0000456605 [Black Mustard], NHMSYS0000456650 [Upright Brome(2)], NHMSYS0000456655 [Hairy-brome], NHMSYS0000456713 [Butterfly-bush(3)], NHMSYS0000456781 [Shepherd's-purse(3)], NHMSYS0000456846 [Grey Sedge(2)], NHMSYS0000456847 [Many-leaved Sedge], NHMSYS0000456850 [Glaucous Sedge], NHMSYS0000456886 [Pendulous Sedge(3)], NHMSYS0000456896 [Spiked Sedge], NHMSYS0000456898 [Thin-spiked Wood-sedge], NHMSYS0000456899 [Wood-sedge(3)], NHMSYS0000456969 [Sweet Chestnut(2)], NHMSYS0000456981 [Fern-grass], NHMSYS0000457033 [Common Centaury], NHMSYS0000457587 [Wall Cotoneaster], NHMSYS0000457600 [Entire-leaved Cotoneaster], NHMSYS0000457806 [Ivy-leaved Toadflax(3)], NHMSYS0000458048 [Tufted Hair-grass(3)], NHMSYS0000458187 [Broad Buckler-fern(3)], NHMSYS0000458325 [Canadian Waterweed], NHMSYS0000458346 [Common Couch(3)], NHMSYS0000458397 [American Willowherb], NHMSYS0000458403 [Hoary Willowherb(2)], NHMSYS0000458626 [Evergreen Spindle], NHMSYS0000458715 [Black-bindweed], NHMSYS0000458783 [Sheep's Fescue agg.(2)], NHMSYS0000458960 [Hedge Bedstraw], NHMSYS0000459043 [Hedgerow Crane's-bill], NHMSYS0000459250 [Atlantic Ivy], NHMSYS0000459324 [Hawkweed], NHMSYS0000459718 [Hoary Mustard], NHMSYS0000459754 [Meadow Barley], NHMSYS0000459860 [Square-stalked St John's-wort], NHMSYS0000459961 [Walnut], NHMSYS0000460024 [Field Scabious], NHMSYS0000460248 [Field Pepperwort], NHMSYS0000460318 [Himalayan Honeysuckle], NHMSYS0000460386 [Purple Toadflax], NHMSYS0000460452 [Wilson's Honeysuckle(2)], NHMSYS0000460822 [Wood Forget-me-not(2)], NHMSYS0000460847 [daffodils(3)], NHMSYS0000461024 [Timothy], NHMSYS0000461145 [Evening Primrose], NHMSYS0000461148 [Large-flowered Evening-primrose], NHMSYS0000461280 [Mouse-ear-hawkweed], NHMSYS0000461294 [Bee Orchid], NHMSYS0000461565 [Green Alkanet(2)], NHMSYS0000461597 [Amphibious Bistort(2)], NHMSYS0000461628 [Winter Heliotrope], NHMSYS0000461810 [Smooth Meadow-grass], NHMSYS0000461949 [Soft Shield-fern(3)], NHMSYS0000462067 [Primrose(2)], NHMSYS0000462184 [Firethorn], NHMSYS0000462217 [Sessile Oak], NHMSYS0000462335 [Japanese Knotweed], NHMSYS0000462445 [Field-rose], NHMSYS0000462451(3), NHMSYS0000463048 [Fringed Pearlwort], NHMSYS0000463273 [Tall Fescue], NHMSYS0000463274 [Giant Fescue], NHMSYS0000463276 [Meadow Fescue], NHMSYS0000463457 [Wellingtonia], NHMSYS0000463813 [Grey-leaved Whitebeam], NHMSYS0000464009 [Common Chickweed(4)], NHMSYS0000464104 [Snowberry], NHMSYS0000464161 [Dandelion(3)], NHMSYS0000464618 [Yellow Oat-grass], NHMSYS0000464701 [Wych Elm(2)], NHMSYS0000464707(4), NHMSYS0000464763 [Keeled-fruited Cornsalad(2)], NHMSYS0000464816 [Slender Speedwell(2)], NHMSYS0000464821, NHMSYS0000464822(2), NHMSYS0000464828 [Common Field-speedwell(3)], NHMSYS0000464829 [Grey Field-speedwell], NHMSYS0000464896 [Early Dog-violet], NHMSYS0000464897 [Common Dog-violet], NHMSYS0000523323(3), NHMSYS0000530498 [Spotted Flycatcher(3)], NHMSYS0000530578 [Firecrest], NHMSYS0000840823 [Giant Blackberry(2)], NHMSYS0001688303 [Marsh Tit(3)], NHMSYS0001754392 [Russian Comfrey], NHMSYS0001754450 [Lime(3)], NHMSYS0001754674, NHMSYS0021118909(4), NHMSYS0021118915(2), NHMSYS0021126374 [Autumn Hawkbit(2)], NHMSYS0021232322 [Common Knapweed(3)], NHMSYS0021240654, NHMSYS0021240659, NHMSYS0100001010 [Rosebay Willowherb(3)], NHMSYS0100001491 [Smooth Tare], NHMSYS0100001603 [Lesser Celandine(4)], NHMSYS0100001729 [Bristly Oxtongue(2)], NHMSYS0100001785 [Bluebell(3)], NHMSYS0100001930 [Lesser Swine-cress(2)], NHMSYS0100002896 [Glory-of-the-snow]`"
**ST57V**,"`NBNSYS0000002022 [Field Horsetail], NBNSYS0000002046 [Maidenhair Spleenwort], NBNSYS0000002050 [Wall-rue(2)], NBNSYS0000002101 [Water-plantain], NBNSYS0000002167 [Garden Asparagus], NBNSYS0000002185 [Bluebell], NBNSYS0000002196 [Wild Onion(2)], NBNSYS0000002200 [Rosy Garlic], NBNSYS0000002203 [Three-cornered Garlic], NBNSYS0000002205 [Ramsons], NBNSYS0000002220 [Hard Rush(2)], NBNSYS0000002253 [Snowdrop], NBNSYS0000002268 [Stinking Iris], NBNSYS0000002269 [Yellow Iris(2)], NBNSYS0000002282 [Black Bryony], NBNSYS0000002351 [Lords-and-Ladies(2)], NBNSYS0000002361 [Branched Bur-reed], NBNSYS0000002483 [Remote Sedge], NBNSYS0000002527 [Perennial Rye-grass(2)], NBNSYS0000002533 [Squirreltail Fescue], NBNSYS0000002544 [Annual Meadow-grass(2)], NBNSYS0000002554, NBNSYS0000002557 [Rough Meadow-grass], NBNSYS0000002561 [Cock's-foot(2)], NBNSYS0000002563 [Crested Dog's-tail], NBNSYS0000002565 [Quaking-grass], NBNSYS0000002575 [Barren Brome(2)], NBNSYS0000002594 [Bearded Couch], NBNSYS0000002600 [Wall Barley], NBNSYS0000002619 [Yorkshire-fog], NBNSYS0000002640 [Creeping Bent], NBNSYS0000002643 [Water Bent], NBNSYS0000002650 [Smaller Cat's-tail], NBNSYS0000002656 [Meadow Foxtail], NBNSYS0000002657 [Marsh Foxtail], NBNSYS0000002667 [Sweet Vernal-grass], NBNSYS0000002669 [Reed Canary-grass], NBNSYS0000002670 [Canary-grass], NBNSYS0000002689 [Bread Wheat], NBNSYS0000002704 [Traveller's-joy], NBNSYS0000002708 [Meadow Buttercup], NBNSYS0000002709 [Creeping Buttercup(2)], NBNSYS0000002710 [Bulbous Buttercup], NBNSYS0000002721 [Celery-leaved Buttercup], NBNSYS0000002742 [Columbine], NBNSYS0000002746 [Lesser Meadow-rue], NBNSYS0000002764 [Common Poppy], NBNSYS0000002769 [Opium Poppy], NBNSYS0000002781 [Yellow Corydalis(2)], NBNSYS0000002801 [Rape], NBNSYS0000002808 [Charlock(2)], NBNSYS0000002812 [Perennial Wall-rocket(2)], NBNSYS0000002813 [White Rocket], NBNSYS0000002837 [Hoary Cress(2)], NBNSYS0000002855 [English Scurvygrass], NBNSYS0000002861 [Sweet Alison], NBNSYS0000002875 [Wavy Bitter-cress], NBNSYS0000002876 [Hairy Bitter-cress(2)], NBNSYS0000002893 [Watercress], NBNSYS0000002906 [Hedge Mustard], NBNSYS0000002913 [Thale Cress], NBNSYS0000002918 [Honesty], NBNSYS0000002919 [Weld], NBNSYS0000002955 [Stinking Tutsan], NBNSYS0000002957 [Perforate St John's-wort], NBNSYS0000002998 [Red Campion], NBNSYS0000003022 [Common Mouse-ear], NBNSYS0000003023 [Sticky Mouse-ear(2)], NBNSYS0000003044 [Procumbent Pearlwort(2)], NBNSYS0000003072 [Lesser Sea-spurrey], NBNSYS0000003091, NBNSYS0000003111 [Common Orache], NBNSYS0000003130 [Musk-mallow], NBNSYS0000003131 [Common Mallow], NBNSYS0000003145 [Fairy Flax], NBNSYS0000003147 [Meadow Crane's-bill], NBNSYS0000003157 [Cut-leaved Crane's-bill(2)], NBNSYS0000003158 [Round-leaved Crane's-bill], NBNSYS0000003159 [Dove's-foot Crane's-bill], NBNSYS0000003160 [Small-flowered Crane's-bill], NBNSYS0000003162 [Herb-Robert(2)], NBNSYS0000003176 [Procumbent Yellow-sorrel], NBNSYS0000003191 [Sycamore(2)], NBNSYS0000003192 [Norway Maple], NBNSYS0000003193 [Field Maple(2)], NBNSYS0000003194 [Holly(2)], NBNSYS0000003195 [Spindle], NBNSYS0000003215 [Common Restharrow], NBNSYS0000003222 [Black Medick], NBNSYS0000003226 [Tall Melilot], NBNSYS0000003231 [Red Clover], NBNSYS0000003247 [White Clover(2)], NBNSYS0000003252 [Lesser Trefoil], NBNSYS0000003258 [Common Bird's-foot-trefoil], NBNSYS0000003283 [Tufted Vetch], NBNSYS0000003290 [Bush Vetch], NBNSYS0000003294 [Narrow-leaved Vetch], NBNSYS0000003298 [Yellow Vetchling], NBNSYS0000003299 [Grass Vetchling], NBNSYS0000003301 [Meadow Vetchling], NBNSYS0000003303 [Narrow-leaved Everlasting-pea], NBNSYS0000003305 [Broad-leaved Everlasting-pea], NBNSYS0000003322 [Raspberry], NBNSYS0000003328 [Bramble(2)], NBNSYS0000003341 [Silverweed], NBNSYS0000003354 [Creeping Cinquefoil(2)], NBNSYS0000003361 [Wood Avens(2)], NBNSYS0000003366 [Agrimony], NBNSYS0000003412 [Blackthorn(2)], NBNSYS0000003413 [Wild Plum], NBNSYS0000003417 [Wild Cherry], NBNSYS0000003430 [Hawthorn(2)], NBNSYS0000003438 [Rowan], NBNSYS0000003463, NBNSYS0000003513 [Red Currant], NBNSYS0000003518 [Gooseberry], NBNSYS0000003524 [Purple-loosestrife], NBNSYS0000003536 [Great Willowherb(2)], NBNSYS0000003546 [Broad-leaved Willowherb], NBNSYS0000003567 [Square-stalked Willowherb], NBNSYS0000003604 [Enchanter's-nightshade], NBNSYS0000003626 [Dogwood], NBNSYS0000003641 [Cow Parsley(2)], NBNSYS0000003652 [Alexanders], NBNSYS0000003655 [Hemlock], NBNSYS0000003682 [Burnet-saxifrage], NBNSYS0000003684 [Ground-elder], NBNSYS0000003690 [Corky-fruited Water-dropwort], NBNSYS0000003693 [Hemlock Water-dropwort(2)], NBNSYS0000003696 [Fool's Parsley], NBNSYS0000003703 [Wild Angelica], NBNSYS0000003710 [Hogweed(2)], NBNSYS0000003717 [White Bryony], NBNSYS0000003722 [Annual Mercury(2)], NBNSYS0000003732 [Sun Spurge], NBNSYS0000003733 [Petty Spurge(2)], NBNSYS0000003743, NBNSYS0000003745 [Equal-leaved Knotgrass], NBNSYS0000003753 [Redshank], NBNSYS0000003761 [Russian-vine], NBNSYS0000003778 [Common Sorrel], NBNSYS0000003789 [Curled Dock(2)], NBNSYS0000003791 [Broad-leaved Dock(2)], NBNSYS0000003795 [Fiddle Dock], NBNSYS0000003796 [Wood Dock], NBNSYS0000003797 [Clustered Dock], NBNSYS0000003804 [Pellitory-of-the-wall], NBNSYS0000003805 [Mind-your-own-business], NBNSYS0000003807 [Common Nettle(2)], NBNSYS0000003827 [Silver Birch], NBNSYS0000003829 [Downy Birch], NBNSYS0000003838 [Hornbeam], NBNSYS0000003839 [Hazel(2)], NBNSYS0000003845 [Pedunculate Oak], NBNSYS0000003859 [White Willow], NBNSYS0000003868 [Goat Willow], NBNSYS0000003871 [Common Sallow], NBNSYS0000003873 [Rusty Willow], NBNSYS0000003926 [Cowslip], NBNSYS0000003949 [Ash(2)], NBNSYS0000003950 [Lilac], NBNSYS0000003951 [Wild Privet(2)], NBNSYS0000003952 [Garden Privet], NBNSYS0000003984 [Common Comfrey], NBNSYS0000004012 [Field Forget-me-not], NBNSYS0000004022 [Field Bindweed], NBNSYS0000004037 [Bittersweet], NBNSYS0000004039 [Black Nightshade], NBNSYS0000004044 [Thorn-apple], NBNSYS0000004046 [Great Mullein], NBNSYS0000004060 [Snapdragon], NBNSYS0000004079 [Water Figwort], NBNSYS0000004096 [Brooklime], NBNSYS0000004104 [Germander Speedwell], NBNSYS0000004112 [Thyme-leaved Speedwell], NBNSYS0000004115 [Wall Speedwell(2)], NBNSYS0000004120 [Ivy-leaved Speedwell(2)], NBNSYS0000004164 [Red Bartsia], NBNSYS0000004191 [Vervain], NBNSYS0000004203 [Spear Mint], NBNSYS0000004225 [Selfheal], NBNSYS0000004236 [Hedge Woundwort(2)], NBNSYS0000004243 [Red Dead-nettle(2)], NBNSYS0000004244 [White Dead-nettle(2)], NBNSYS0000004257 [Ground-ivy(2)], NBNSYS0000004273 [Greater Plantain(2)], NBNSYS0000004274 [Hoary Plantain], NBNSYS0000004275 [Ribwort Plantain(2)], NBNSYS0000004276 [Sea Plantain], NBNSYS0000004300 [Field Madder], NBNSYS0000004309 [Lady's Bedstraw], NBNSYS0000004319 [Cleavers(2)], NBNSYS0000004324 [Elder(2)], NBNSYS0000004326 [Wayfaring-tree], NBNSYS0000004328 [Guelder-rose(2)], NBNSYS0000004333 [Honeysuckle], NBNSYS0000004346 [Red Valerian(2)], NBNSYS0000004352 [Devil's-bit Scabious(2)], NBNSYS0000004367 [Oxford Ragwort], NBNSYS0000004371 [Groundsel(2)], NBNSYS0000004386 [Coltsfoot], NBNSYS0000004418 [Canadian Goldenrod], NBNSYS0000004419 [Early Goldenrod], NBNSYS0000004440 [Mexican Fleabane], NBNSYS0000004445 [Daisy(2)], NBNSYS0000004446 [Hemp-agrimony], NBNSYS0000004451 [Yarrow(2)], NBNSYS0000004453 [Sneezewort], NBNSYS0000004462 [Pineappleweed], NBNSYS0000004464 [Oxeye Daisy], NBNSYS0000004469 [Mugwort], NBNSYS0000004480 [Greater Burdock], NBNSYS0000004490 [Spear Thistle(2)], NBNSYS0000004492 [Creeping Thistle(2)], NBNSYS0000004501 [Greater Knapweed], NBNSYS0000004515 [Nipplewort(2)], NBNSYS0000004518 [Cat's-ear], NBNSYS0000004527 [Goat's-beard], NBNSYS0000004534 [Prickly Lettuce], NBNSYS0000004535 [Great Lettuce(2)], NBNSYS0000004539 [Wall Lettuce], NBNSYS0000004543 [Smooth Sow-thistle(2)], NBNSYS0000004544 [Prickly Sow-thistle], NBNSYS0000004572 [Beaked Hawk's-beard], NBNSYS0000004576 [Smooth Hawk's-beard], NBNSYS0000004580 [Horse-chestnut], NBNSYS0000004640 [Male-fern], NBNSYS0000004651 [Garden Grape-hyacinth], NBNSYS0000004652, NBNSYS0000004667 [Common Millet], NBNSYS0000004689 [Soft-brome], NBNSYS0000006984, NBNSYS0000014001 [Long-headed Poppy], NBNSYS0000014093 [Common Vetch(2)], NBNSYS0000014362 [Wild Carrot], NBNSYS0000014838, NBNSYS0000033488 [Trailing Bellflower(2)], NBNSYS0000033576 [Love-in-a-mist], NBNSYS0000033983 [Stern's Cotoneaster], NBNSYS0000034355 [Argentinian Vervain], NBNSYS0000037346 [Sunflower], NBNSYS0000042601, NBNSYS0000042604, NBNSYS0000042610, NBNSYS0000142464 [Rusty-Back Fern], NBNSYS0000142466 [Hart's-Tongue(2)], NBNSYS0000146954 [Canadian Fleabane], NBNSYS0000146958 [Guernsey Fleabane], NBNSYS0000153184 [Yellow-Juiced Poppy], NBNSYS0000161965, NBNSYS0000162136, NHMSYS0000345903 [Common Vetch], NHMSYS0000455480 [Knotgrass], NHMSYS0000455754 [Garlic Mustard(2)], NHMSYS0000455770 [Italian Alder], NHMSYS0000455991 [Parsley Piert], NHMSYS0000456029 [Lesser / Wood Burdock(2)], NHMSYS0000456083 [Horse-radish], NHMSYS0000456095 [False Oat-grass], NHMSYS0000456214, NHMSYS0000456325 [Hedge Bindweed], NHMSYS0000456330 [Large Bindweed], NHMSYS0000456587 [False-brome], NHMSYS0000456605 [Black Mustard], NHMSYS0000456650 [Upright Brome], NHMSYS0000456713 [Butterfly-bush(2)], NHMSYS0000456767 [Adria Bellflower(2)], NHMSYS0000456781 [Shepherd's-purse(2)], NHMSYS0000456846 [Grey Sedge], NHMSYS0000456850 [Glaucous Sedge], NHMSYS0000456886 [Pendulous Sedge], NHMSYS0000456899 [Wood-sedge], NHMSYS0000456969 [Sweet Chestnut], NHMSYS0000456981 [Fern-grass], NHMSYS0000457587 [Wall Cotoneaster], NHMSYS0000457774 [Yellow Dodder], NHMSYS0000457806 [Ivy-leaved Toadflax(2)], NHMSYS0000457901 [Common Spotted-orchid], NHMSYS0000458179, NHMSYS0000458258 [Cockspur], NHMSYS0000458346 [Common Couch], NHMSYS0000458397 [American Willowherb], NHMSYS0000458402 [Short-fruited Willowherb], NHMSYS0000458403 [Hoary Willowherb], NHMSYS0000458715 [Black-bindweed], NHMSYS0000458868 [Fennel], NHMSYS0000458960 [Hedge Bedstraw], NHMSYS0000459043 [Hedgerow Crane's-bill(2)], NHMSYS0000459250 [Atlantic Ivy], NHMSYS0000459324 [Hawkweed], NHMSYS0000459718 [Hoary Mustard], NHMSYS0000459754 [Meadow Barley], NHMSYS0000459860 [Square-stalked St John's-wort], NHMSYS0000460024 [Field Scabious], NHMSYS0000460248 [Field Pepperwort], NHMSYS0000460386 [Purple Toadflax(2)], NHMSYS0000460450 [Japanese Honeysuckle], NHMSYS0000460452 [Wilson's Honeysuckle], NHMSYS0000460629 [Spotted Medick(2)], NHMSYS0000460847 [daffodils], NHMSYS0000460933 [Water Cress], NHMSYS0000461024 [Timothy], NHMSYS0000461145 [Evening Primrose], NHMSYS0000461270 [Fox-and-cubs], NHMSYS0000461280 [Mouse-ear-hawkweed], NHMSYS0000461294 [Bee Orchid], NHMSYS0000461527 [Virginia-creeper], NHMSYS0000461565 [Green Alkanet(2)], NHMSYS0000461597 [Amphibious Bistort], NHMSYS0000461810 [Smooth Meadow-grass], NHMSYS0000461949 [Soft Shield-fern], NHMSYS0000462335 [Japanese Knotweed], NHMSYS0000462451, NHMSYS0000463048 [Fringed Pearlwort], NHMSYS0000463273 [Tall Fescue], NHMSYS0000464009 [Common Chickweed(2)], NHMSYS0000464104 [Snowberry], NHMSYS0000464153 [Feverfew], NHMSYS0000464161 [Dandelion(3)], NHMSYS0000464606 [Scentless Mayweed], NHMSYS0000464618 [Yellow Oat-grass], NHMSYS0000464707(2), NHMSYS0000464828 [Common Field-speedwell(2)], NHMSYS0000464829 [Grey Field-speedwell], NHMSYS0000464897 [Common Dog-violet], NHMSYS0000464947 [Rat's-tail Fescue], NHMSYS0000523323, NHMSYS0000840823 [Giant Blackberry], NHMSYS0001754313 [Hybrid Balsam-poplar], NHMSYS0001754450 [Lime], NHMSYS0001754477 [Hybrid Black-poplar], NHMSYS0001754629 [Garden Pansy], NHMSYS0001754674, NHMSYS0001754812 [Tobacco], NHMSYS0001754822 [Druce's Crane's-bill], NHMSYS0020704125, NHMSYS0021109852, NHMSYS0021118903, NHMSYS0021118909(2), NHMSYS0021118915, NHMSYS0021126272 [Tree-mallow(2)], NHMSYS0021126374 [Autumn Hawkbit], NHMSYS0021127653 [Salad Burnet], NHMSYS0021128571 [Scented Mayweed], NHMSYS0021232322 [Common Knapweed(2)], NHMSYS0021240654, NHMSYS0100001010 [Rosebay Willowherb(2)], NHMSYS0100001491 [Smooth Tare], NHMSYS0100001603 [Lesser Celandine(2)], NHMSYS0100001729 [Bristly Oxtongue(2)], NHMSYS0100001930 [Lesser Swine-cress]`"
**ST57W**,"`NBNSYS0000000027 [Lapwing], NBNSYS0000002022 [Field Horsetail], NBNSYS0000002031 [Bracken(3)], NBNSYS0000002034 [Maidenhair Fern], NBNSYS0000002041 [Black Spleenwort(3)], NBNSYS0000002046 [Maidenhair Spleenwort(3)], NBNSYS0000002050 [Wall-rue(3)], NBNSYS0000002054 [Lady-fern], NBNSYS0000002087 [Polypody], NBNSYS0000002088 [Intermediate Polypody(2)], NBNSYS0000002185 [Bluebell], NBNSYS0000002196 [Wild Onion(3)], NBNSYS0000002203 [Three-cornered Garlic], NBNSYS0000002205 [Ramsons(2)], NBNSYS0000002220 [Hard Rush], NBNSYS0000002221 [Soft-rush], NBNSYS0000002234 [Bulbous Rush], NBNSYS0000002246 [Field Wood-rush(2)], NBNSYS0000002253 [Snowdrop], NBNSYS0000002268 [Stinking Iris], NBNSYS0000002269 [Yellow Iris(2)], NBNSYS0000002270 [Bearded Iris], NBNSYS0000002282 [Black Bryony], NBNSYS0000002351 [Lords-and-Ladies(2)], NBNSYS0000002381 [Sea Club-rush], NBNSYS0000002403 [Galingale], NBNSYS0000002467 [False Fox-sedge], NBNSYS0000002527 [Perennial Rye-grass(3)], NBNSYS0000002533 [Squirreltail Fescue], NBNSYS0000002544 [Annual Meadow-grass(3)], NBNSYS0000002545 [Early Meadow-grass], NBNSYS0000002553 [Flattened Meadow-grass], NBNSYS0000002554, NBNSYS0000002555 [Narrow-leaved Meadow-grass], NBNSYS0000002557 [Rough Meadow-grass(2)], NBNSYS0000002561 [Cock's-foot(2)], NBNSYS0000002563 [Crested Dog's-tail], NBNSYS0000002575 [Barren Brome(2)], NBNSYS0000002577 [Great Brome], NBNSYS0000002600 [Wall Barley(2)], NBNSYS0000002619 [Yorkshire-fog(2)], NBNSYS0000002640 [Creeping Bent(2)], NBNSYS0000002643 [Water Bent(2)], NBNSYS0000002650 [Smaller Cat's-tail], NBNSYS0000002656 [Meadow Foxtail], NBNSYS0000002667 [Sweet Vernal-grass(2)], NBNSYS0000002689 [Bread Wheat], NBNSYS0000002691 [Marsh-marigold], NBNSYS0000002693 [Stinking Hellebore], NBNSYS0000002704 [Traveller's-joy(2)], NBNSYS0000002708 [Meadow Buttercup(2)], NBNSYS0000002709 [Creeping Buttercup(3)], NBNSYS0000002710 [Bulbous Buttercup(3)], NBNSYS0000002717 [Greater Spearwort], NBNSYS0000002721 [Celery-leaved Buttercup], NBNSYS0000002742 [Columbine], NBNSYS0000002764 [Common Poppy], NBNSYS0000002769 [Opium Poppy(2)], NBNSYS0000002776 [Californian Poppy], NBNSYS0000002781 [Yellow Corydalis(3)], NBNSYS0000002785 [Tall Ramping-fumitory], NBNSYS0000002793 [Common Fumitory], NBNSYS0000002801 [Rape], NBNSYS0000002802 [Turnip], NBNSYS0000002808 [Charlock(2)], NBNSYS0000002811 [Annual Wall-rocket(3)], NBNSYS0000002812 [Perennial Wall-rocket(4)], NBNSYS0000002854 [Danish Scurvygrass], NBNSYS0000002855 [English Scurvygrass(2)], NBNSYS0000002861 [Sweet Alison], NBNSYS0000002872 [Cuckooflower], NBNSYS0000002875 [Wavy Bitter-cress], NBNSYS0000002876 [Hairy Bitter-cress(3)], NBNSYS0000002897 [Marsh Yellow-cress], NBNSYS0000002904 [Wallflower(2)], NBNSYS0000002906 [Hedge Mustard(4)], NBNSYS0000002909 [Eastern Rocket(3)], NBNSYS0000002910 [Tall Rocket], NBNSYS0000002913 [Thale Cress(3)], NBNSYS0000002918 [Honesty(2)], NBNSYS0000002919 [Weld], NBNSYS0000002953 [Tutsan], NBNSYS0000002957 [Perforate St John's-wort(2)], NBNSYS0000002998 [Red Campion], NBNSYS0000003004 [Corncockle], NBNSYS0000003022 [Common Mouse-ear(2)], NBNSYS0000003023 [Sticky Mouse-ear(3)], NBNSYS0000003044 [Procumbent Pearlwort(2)], NBNSYS0000003059, NBNSYS0000003074 [Blinks], NBNSYS0000003079 [Springbeauty], NBNSYS0000003091, NBNSYS0000003111 [Common Orache], NBNSYS0000003112 [Spear-leaved Orache], NBNSYS0000003130 [Musk-mallow], NBNSYS0000003131 [Common Mallow(2)], NBNSYS0000003133 [Dwarf Mallow], NBNSYS0000003141 [Hollyhock], NBNSYS0000003157 [Cut-leaved Crane's-bill], NBNSYS0000003158 [Round-leaved Crane's-bill], NBNSYS0000003159 [Dove's-foot Crane's-bill(2)], NBNSYS0000003160 [Small-flowered Crane's-bill(2)], NBNSYS0000003161 [Shining Crane's-bill(2)], NBNSYS0000003162 [Herb-Robert(3)], NBNSYS0000003176 [Procumbent Yellow-sorrel], NBNSYS0000003178 [Upright Yellow-sorrel], NBNSYS0000003185 [Pale Pink-sorrel], NBNSYS0000003187 [Orange Balsam], NBNSYS0000003189 [Himalayan Balsam(2)], NBNSYS0000003191 [Sycamore(3)], NBNSYS0000003192 [Norway Maple(2)], NBNSYS0000003193 [Field Maple(2)], NBNSYS0000003194 [Holly(2)], NBNSYS0000003214 [Broom], NBNSYS0000003222 [Black Medick(2)], NBNSYS0000003226 [Tall Melilot], NBNSYS0000003231 [Red Clover(2)], NBNSYS0000003247 [White Clover(3)], NBNSYS0000003252 [Lesser Trefoil(2)], NBNSYS0000003258 [Common Bird's-foot-trefoil], NBNSYS0000003265 [False-acacia], NBNSYS0000003290 [Bush Vetch], NBNSYS0000003301 [Meadow Vetchling], NBNSYS0000003305 [Broad-leaved Everlasting-pea], NBNSYS0000003322 [Raspberry], NBNSYS0000003328 [Bramble(2)], NBNSYS0000003341 [Silverweed], NBNSYS0000003354 [Creeping Cinquefoil(2)], NBNSYS0000003358 [Wild Strawberry], NBNSYS0000003361 [Wood Avens(2)], NBNSYS0000003383 [Garden Lady's-mantle(2)], NBNSYS0000003413 [Wild Plum], NBNSYS0000003417 [Wild Cherry(2)], NBNSYS0000003420 [Cherry Laurel], NBNSYS0000003421 [Portugal Laurel], NBNSYS0000003430 [Hawthorn(2)], NBNSYS0000003438 [Rowan(2)], NBNSYS0000003463, NBNSYS0000003473 [White Stonecrop(2)], NBNSYS0000003477 [Biting Stonecrop(3)], NBNSYS0000003498 [Rue-leaved Saxifrage(2)], NBNSYS0000003513 [Red Currant], NBNSYS0000003524 [Purple-loosestrife(2)], NBNSYS0000003536 [Great Willowherb(2)], NBNSYS0000003546 [Broad-leaved Willowherb(2)], NBNSYS0000003567 [Square-stalked Willowherb], NBNSYS0000003604 [Enchanter's-nightshade], NBNSYS0000003627 [Red-osier Dogwood], NBNSYS0000003638 [Rough Chervil], NBNSYS0000003641 [Cow Parsley(2)], NBNSYS0000003646 [Upright Hedge-parsley], NBNSYS0000003652 [Alexanders(2)], NBNSYS0000003655 [Hemlock(2)], NBNSYS0000003663 [Wild Celery(2)], NBNSYS0000003673 [Stone Parsley], NBNSYS0000003675 [Bullwort], NBNSYS0000003681 [Pignut(2)], NBNSYS0000003684 [Ground-elder(2)], NBNSYS0000003693 [Hemlock Water-dropwort(3)], NBNSYS0000003696 [Fool's Parsley(2)], NBNSYS0000003703 [Wild Angelica], NBNSYS0000003710 [Hogweed(2)], NBNSYS0000003722 [Annual Mercury(3)], NBNSYS0000003725 [Caper Spurge], NBNSYS0000003730 [Broad-leaved Spurge], NBNSYS0000003732 [Sun Spurge(3)], NBNSYS0000003733 [Petty Spurge(3)], NBNSYS0000003743(2), NBNSYS0000003745 [Equal-leaved Knotgrass(2)], NBNSYS0000003753 [Redshank(2)], NBNSYS0000003778 [Common Sorrel(2)], NBNSYS0000003789 [Curled Dock(3)], NBNSYS0000003791 [Broad-leaved Dock(2)], NBNSYS0000003796 [Wood Dock(2)], NBNSYS0000003797 [Clustered Dock], NBNSYS0000003804 [Pellitory-of-the-wall(2)], NBNSYS0000003805 [Mind-your-own-business(2)], NBNSYS0000003807 [Common Nettle(2)], NBNSYS0000003809 [Hop], NBNSYS0000003823 [Fig(3)], NBNSYS0000003827 [Silver Birch(2)], NBNSYS0000003836 [Grey Alder], NBNSYS0000003839 [Hazel(2)], NBNSYS0000003840 [Beech], NBNSYS0000003843 [Turkey Oak], NBNSYS0000003844 [Evergreen Oak], NBNSYS0000003845 [Pedunculate Oak(3)], NBNSYS0000003859 [White Willow], NBNSYS0000003868 [Goat Willow], NBNSYS0000003926 [Cowslip], NBNSYS0000003949 [Ash(2)], NBNSYS0000003950 [Lilac], NBNSYS0000003951 [Wild Privet], NBNSYS0000003952 [Garden Privet], NBNSYS0000003954 [Greater Periwinkle], NBNSYS0000003989 [White Comfrey(2)], NBNSYS0000004012 [Field Forget-me-not(2)], NBNSYS0000004019 [Viper's-bugloss], NBNSYS0000004020 [Purple Viper's-bugloss], NBNSYS0000004037 [Bittersweet], NBNSYS0000004039 [Black Nightshade], NBNSYS0000004046 [Great Mullein(2)], NBNSYS0000004055 [Twiggy Mullein], NBNSYS0000004060 [Snapdragon(2)], NBNSYS0000004072 [Small Toadflax(2)], NBNSYS0000004079 [Water Figwort(2)], NBNSYS0000004104 [Germander Speedwell(2)], NBNSYS0000004112 [Thyme-leaved Speedwell(3)], NBNSYS0000004115 [Wall Speedwell(2)], NBNSYS0000004120 [Ivy-leaved Speedwell(3)], NBNSYS0000004180 [Ivy Broomrape(3)], NBNSYS0000004191 [Vervain], NBNSYS0000004198 [Water Mint], NBNSYS0000004203 [Spear Mint], NBNSYS0000004206 [Gypsywort(3)], NBNSYS0000004218 [Balm], NBNSYS0000004225 [Selfheal(2)], NBNSYS0000004231 [Field Woundwort], NBNSYS0000004236 [Hedge Woundwort], NBNSYS0000004238 [Black Horehound(2)], NBNSYS0000004240 [Henbit Dead-nettle(2)], NBNSYS0000004243 [Red Dead-nettle(2)], NBNSYS0000004244 [White Dead-nettle(2)], NBNSYS0000004257 [Ground-ivy(2)], NBNSYS0000004269 [Bugle], NBNSYS0000004273 [Greater Plantain(2)], NBNSYS0000004275 [Ribwort Plantain(3)], NBNSYS0000004276 [Sea Plantain(2)], NBNSYS0000004277 [Buck's-horn Plantain(2)], NBNSYS0000004300 [Field Madder(2)], NBNSYS0000004319 [Cleavers(2)], NBNSYS0000004321 [Wall Bedstraw], NBNSYS0000004324 [Elder(2)], NBNSYS0000004327 [Laurustinus], NBNSYS0000004328 [Guelder-rose], NBNSYS0000004331 [Fly Honeysuckle], NBNSYS0000004346 [Red Valerian(2)], NBNSYS0000004355 [Trifid Bur-marigold], NBNSYS0000004356 [Beggarticks], NBNSYS0000004367 [Oxford Ragwort(3)], NBNSYS0000004370 [Sticky Groundsel(2)], NBNSYS0000004371 [Groundsel(2)], NBNSYS0000004386 [Coltsfoot(2)], NBNSYS0000004393 [Field Marigold], NBNSYS0000004418 [Canadian Goldenrod], NBNSYS0000004440 [Mexican Fleabane(2)], NBNSYS0000004445 [Daisy(3)], NBNSYS0000004446 [Hemp-agrimony(2)], NBNSYS0000004451 [Yarrow(3)], NBNSYS0000004462 [Pineappleweed(2)], NBNSYS0000004464 [Oxeye Daisy(2)], NBNSYS0000004469 [Mugwort(3)], NBNSYS0000004490 [Spear Thistle(2)], NBNSYS0000004492 [Creeping Thistle(2)], NBNSYS0000004503 [Cornflower(2)], NBNSYS0000004515 [Nipplewort(2)], NBNSYS0000004518 [Cat's-ear(3)], NBNSYS0000004527 [Goat's-beard], NBNSYS0000004534 [Prickly Lettuce(3)], NBNSYS0000004535 [Great Lettuce(3)], NBNSYS0000004539 [Wall Lettuce(2)], NBNSYS0000004542 [Perennial Sow-thistle], NBNSYS0000004543 [Smooth Sow-thistle(2)], NBNSYS0000004544 [Prickly Sow-thistle(2)], NBNSYS0000004572 [Beaked Hawk's-beard(2)], NBNSYS0000004576 [Smooth Hawk's-beard(2)], NBNSYS0000004580 [Horse-chestnut(2)], NBNSYS0000004638 [Yew], NBNSYS0000004640 [Male-fern(3)], NBNSYS0000004651 [Garden Grape-hyacinth(2)], NBNSYS0000004652, NBNSYS0000004655 [Annual Pearlwort], NBNSYS0000004667 [Common Millet], NBNSYS0000004683 [Thyme-leaved Sandwort], NBNSYS0000004689 [Soft-brome(2)], NBNSYS0000004711 [Franchet's Cotoneaster], NBNSYS0000004753 [Perennial Candytuft(2)], NBNSYS0000004790, NBNSYS0000005495 [Mediterranean Spurge], NBNSYS0000007052, NBNSYS0000014093 [Common Vetch(2)], NBNSYS0000014362 [Wild Carrot(2)], NBNSYS0000014463(2), NBNSYS0000014838, NBNSYS0000033488 [Trailing Bellflower(2)], NBNSYS0000034355 [Argentinian Vervain], NBNSYS0000042601(2), NBNSYS0000042604(2), NBNSYS0000101088, NBNSYS0000141953 [Parsley-piert(2)], NBNSYS0000142464 [Rusty-Back Fern(3)], NBNSYS0000142466 [Hart's-Tongue(3)], NBNSYS0000146954 [Canadian Fleabane(3)], NBNSYS0000146958 [Guernsey Fleabane(2)], NBNSYS0000149679 [Toad Rush], NBNSYS0000153184 [Yellow-Juiced Poppy(2)], NBNSYS0000157227 [Water Chickweed], NBNSYS0000161725 [Shasta Daisy], NBNSYS0000161748 [Bushy Mint], NBNSYS0000161965, NBNSYS0100001604 [Slender Parsley-piert], NBNSYS0100002001 [Fern-leaved Beggarticks], NBNSYS0100003073, NBNSYS0100003621 [Toad Rush agg.], NBNSYS0200002365, NHMSYS0000345661 [Sweet-briar], NHMSYS0000455480 [Knotgrass(2)], NHMSYS0000455754 [Garlic Mustard(2)], NHMSYS0000455770 [Italian Alder], NHMSYS0000455771 [Alder(3)], NHMSYS0000455779 [Black-grass], NHMSYS0000455991 [Parsley Piert(2)], NHMSYS0000456029 [Lesser / Wood Burdock], NHMSYS0000456046 [Slender Sandwort], NHMSYS0000456095 [False Oat-grass(2)], NHMSYS0000456214(3), NHMSYS0000456324 [Hairy Bindweed], NHMSYS0000456325 [Hedge Bindweed(2)], NHMSYS0000456330 [Large Bindweed], NHMSYS0000456377 [Downy Oat], NHMSYS0000456405 [American Winter-cress], NHMSYS0000456587 [False-brome(2)], NHMSYS0000456605 [Black Mustard], NHMSYS0000456713 [Butterfly-bush(3)], NHMSYS0000456767 [Adria Bellflower(3)], NHMSYS0000456781 [Shepherd's-purse(2)], NHMSYS0000456846 [Grey Sedge(2)], NHMSYS0000456886 [Pendulous Sedge(3)], NHMSYS0000456899 [Wood-sedge], NHMSYS0000456981 [Fern-grass(2)], NHMSYS0000457262 [Fig-leaved Goosefoot], NHMSYS0000457587 [Wall Cotoneaster(2)], NHMSYS0000457601 [Late Cotoneaster], NHMSYS0000457806 [Ivy-leaved Toadflax(3)], NHMSYS0000458258 [Cockspur(2)], NHMSYS0000458335 [Sea Couch(2)], NHMSYS0000458346 [Common Couch], NHMSYS0000458397 [American Willowherb], NHMSYS0000458402 [Short-fruited Willowherb], NHMSYS0000458403 [Hoary Willowherb(2)], NHMSYS0000458501 [African Love-grass], NHMSYS0000458574 [Musk Stork's-bill(3)], NHMSYS0000458632, NHMSYS0000458715 [Black-bindweed], NHMSYS0000458868 [Fennel(2)], NHMSYS0000458958 [Shaggy Soldier], NHMSYS0000458960 [Hedge Bedstraw(2)], NHMSYS0000459043 [Hedgerow Crane's-bill], NHMSYS0000459088 [Floating Sweet-grass], NHMSYS0000459250 [Atlantic Ivy(2)], NHMSYS0000459324 [Hawkweed(2)], NHMSYS0000459718 [Hoary Mustard], NHMSYS0000460386 [Purple Toadflax(2)], NHMSYS0000460394 [Common Toadflax], NHMSYS0000460452 [Wilson's Honeysuckle], NHMSYS0000460453 [Box-leaved Honeysuckle], NHMSYS0000460510 [Teaplant], NHMSYS0000460629 [Spotted Medick(2)], NHMSYS0000460662 [White Melilot], NHMSYS0000460822 [Wood Forget-me-not], NHMSYS0000460847 [daffodils], NHMSYS0000461024 [Timothy], NHMSYS0000461107 [Yellow Water-lily], NHMSYS0000461214 [Common Reed], NHMSYS0000461423 [Least Yellow-sorrel], NHMSYS0000461565 [Green Alkanet(2)], NHMSYS0000461601 [Pink-headed Persicaria], NHMSYS0000461604 [Pale Persicaria], NHMSYS0000461628 [Winter Heliotrope(2)], NHMSYS0000461642 [Garden Parsley(2)], NHMSYS0000461725 [Monterey Pine], NHMSYS0000461810 [Smooth Meadow-grass], NHMSYS0000461936 [Annual Beard-grass(3)], NHMSYS0000462136 [Common Saltmarsh-grass], NHMSYS0000462138 [Stiff Saltmarsh-grass], NHMSYS0000462335 [Japanese Knotweed(2)], NHMSYS0000462451(2), NHMSYS0000463048 [Fringed Pearlwort(2)], NHMSYS0000463050 [Sea Pearlwort], NHMSYS0000463485 [Green Bristle-grass], NHMSYS0000463572 [White Campion], NHMSYS0000463584 [Bladder Campion], NHMSYS0000463798 [Orange Whitebeam], NHMSYS0000463881 [Greater Sea-spurrey], NHMSYS0000464009 [Common Chickweed(3)], NHMSYS0000464011 [Lesser Chickweed], NHMSYS0000464104 [Snowberry], NHMSYS0000464153 [Feverfew(2)], NHMSYS0000464161 [Dandelion(3)], NHMSYS0000464493 [Knotted Hedge-parsley(2)], NHMSYS0000464564 [Hop Trefoil], NHMSYS0000464606 [Scentless Mayweed(2)], NHMSYS0000464618 [Yellow Oat-grass], NHMSYS0000464707, NHMSYS0000464763 [Keeled-fruited Cornsalad(2)], NHMSYS0000464767 [Broad-fruited Cornsalad], NHMSYS0000464816 [Slender Speedwell(3)], NHMSYS0000464821(2), NHMSYS0000464822(3), NHMSYS0000464828 [Common Field-speedwell(2)], NHMSYS0000464829 [Grey Field-speedwell], NHMSYS0000464863 [Cultivated Vetch], NHMSYS0000464947 [Rat's-tail Fescue], NHMSYS0000494763(2), NHMSYS0000523323(2), NHMSYS0000840823 [Giant Blackberry], NHMSYS0001754398 [Montbretia(2)], NHMSYS0001754450 [Lime(2)], NHMSYS0001754576 [Hybrid Coralberry], NHMSYS0001754652 [Petunia], NHMSYS0001754674, NHMSYS0001754714, NHMSYS0001754823 [Forsythia], NHMSYS0020110561 [Corn Marigold(2)], NHMSYS0020110575 [Argentine Needle-grass], NHMSYS0020823761 [Swine-cress(2)], NHMSYS0021109852, NHMSYS0021118909(2), NHMSYS0021118915(2), NHMSYS0021126306 [Yellow-flowered Strawberry(2)], NHMSYS0021126374 [Autumn Hawkbit], NHMSYS0021127626 [Fodder Burnet], NHMSYS0021128571 [Scented Mayweed], NHMSYS0021232322 [Common Knapweed], NHMSYS0021240654(2), NHMSYS0100001010 [Rosebay Willowherb(3)], NHMSYS0100001501 [Balkan Spurge], NHMSYS0100001603 [Lesser Celandine(3)], NHMSYS0100001729 [Bristly Oxtongue(2)], NHMSYS0100001785 [Bluebell(2)], NHMSYS0100001930 [Lesser Swine-cress], NHMSYS0100003006 [Tomato]`"
**ST57X**,"`NBNSYS0000000027 [Lapwing], NBNSYS0000002025 [Great Horsetail(2)], NBNSYS0000002031 [Bracken(2)], NBNSYS0000002041 [Black Spleenwort], NBNSYS0000002046 [Maidenhair Spleenwort(3)], NBNSYS0000002050 [Wall-rue(4)], NBNSYS0000002088 [Intermediate Polypody], NBNSYS0000002164 [Solomon's-seal], NBNSYS0000002196 [Wild Onion(4)], NBNSYS0000002200 [Rosy Garlic], NBNSYS0000002203 [Three-cornered Garlic], NBNSYS0000002205 [Ramsons], NBNSYS0000002268 [Stinking Iris], NBNSYS0000002351 [Lords-and-Ladies(3)], NBNSYS0000002442 [Hairy Sedge], NBNSYS0000002483 [Remote Sedge], NBNSYS0000002527 [Perennial Rye-grass(4)], NBNSYS0000002533 [Squirreltail Fescue], NBNSYS0000002544 [Annual Meadow-grass(4)], NBNSYS0000002554(2), NBNSYS0000002556 [Spreading Meadow-grass], NBNSYS0000002557 [Rough Meadow-grass(3)], NBNSYS0000002561 [Cock's-foot(4)], NBNSYS0000002563 [Crested Dog's-tail], NBNSYS0000002567 [Greater Quaking-grass], NBNSYS0000002575 [Barren Brome(4)], NBNSYS0000002594 [Bearded Couch], NBNSYS0000002600 [Wall Barley(4)], NBNSYS0000002612 [Wild-oat], NBNSYS0000002619 [Yorkshire-fog(3)], NBNSYS0000002638 [Common Bent], NBNSYS0000002640 [Creeping Bent(4)], NBNSYS0000002643 [Water Bent], NBNSYS0000002656 [Meadow Foxtail(3)], NBNSYS0000002657 [Marsh Foxtail], NBNSYS0000002667 [Sweet Vernal-grass], NBNSYS0000002684 [Hairy Finger-grass], NBNSYS0000002689 [Bread Wheat], NBNSYS0000002704 [Traveller's-joy(3)], NBNSYS0000002708 [Meadow Buttercup(3)], NBNSYS0000002709 [Creeping Buttercup(4)], NBNSYS0000002710 [Bulbous Buttercup(3)], NBNSYS0000002742 [Columbine], NBNSYS0000002764 [Common Poppy(2)], NBNSYS0000002769 [Opium Poppy(3)], NBNSYS0000002775 [Greater Celandine], NBNSYS0000002776 [Californian Poppy], NBNSYS0000002781 [Yellow Corydalis(4)], NBNSYS0000002808 [Charlock], NBNSYS0000002809 [White Mustard], NBNSYS0000002811 [Annual Wall-rocket], NBNSYS0000002812 [Perennial Wall-rocket], NBNSYS0000002824 [Bastard Cabbage], NBNSYS0000002828 [Garden Cress], NBNSYS0000002831 [Narrow-leaved Pepperwort], NBNSYS0000002832 [Least Pepperwort], NBNSYS0000002837 [Hoary Cress], NBNSYS0000002841 [Field Penny-cress], NBNSYS0000002854 [Danish Scurvygrass], NBNSYS0000002861 [Sweet Alison], NBNSYS0000002872 [Cuckooflower], NBNSYS0000002875 [Wavy Bitter-cress], NBNSYS0000002876 [Hairy Bitter-cress(4)], NBNSYS0000002904 [Wallflower], NBNSYS0000002906 [Hedge Mustard(3)], NBNSYS0000002909 [Eastern Rocket], NBNSYS0000002913 [Thale Cress(2)], NBNSYS0000002944 [Wild Pansy], NBNSYS0000002957 [Perforate St John's-wort(2)], NBNSYS0000003015 [Soapwort], NBNSYS0000003018 [Snow-in-summer], NBNSYS0000003022 [Common Mouse-ear], NBNSYS0000003023 [Sticky Mouse-ear(2)], NBNSYS0000003044 [Procumbent Pearlwort(4)], NBNSYS0000003073 [Four-leaved Allseed], NBNSYS0000003084 [Common Amaranth], NBNSYS0000003091, NBNSYS0000003111 [Common Orache(2)], NBNSYS0000003112 [Spear-leaved Orache], NBNSYS0000003130 [Musk-mallow], NBNSYS0000003131 [Common Mallow(2)], NBNSYS0000003141 [Hollyhock], NBNSYS0000003147 [Meadow Crane's-bill], NBNSYS0000003157 [Cut-leaved Crane's-bill(2)], NBNSYS0000003158 [Round-leaved Crane's-bill(3)], NBNSYS0000003159 [Dove's-foot Crane's-bill(2)], NBNSYS0000003161 [Shining Crane's-bill], NBNSYS0000003162 [Herb-Robert(4)], NBNSYS0000003176 [Procumbent Yellow-sorrel], NBNSYS0000003181 [Large-flowered Pink-sorrel], NBNSYS0000003185 [Pale Pink-sorrel], NBNSYS0000003189 [Himalayan Balsam(2)], NBNSYS0000003191 [Sycamore(4)], NBNSYS0000003192 [Norway Maple(2)], NBNSYS0000003193 [Field Maple], NBNSYS0000003194 [Holly(2)], NBNSYS0000003195 [Spindle(2)], NBNSYS0000003222 [Black Medick(3)], NBNSYS0000003231 [Red Clover(2)], NBNSYS0000003247 [White Clover(4)], NBNSYS0000003252 [Lesser Trefoil(3)], NBNSYS0000003258 [Common Bird's-foot-trefoil(2)], NBNSYS0000003290 [Bush Vetch], NBNSYS0000003301 [Meadow Vetchling(2)], NBNSYS0000003303 [Narrow-leaved Everlasting-pea], NBNSYS0000003305 [Broad-leaved Everlasting-pea(2)], NBNSYS0000003322 [Raspberry], NBNSYS0000003328 [Bramble(2)], NBNSYS0000003341 [Silverweed], NBNSYS0000003354 [Creeping Cinquefoil(4)], NBNSYS0000003358 [Wild Strawberry], NBNSYS0000003361 [Wood Avens(4)], NBNSYS0000003383 [Garden Lady's-mantle], NBNSYS0000003400 [Short-styled Field-rose], NBNSYS0000003412 [Blackthorn(2)], NBNSYS0000003413 [Wild Plum], NBNSYS0000003417 [Wild Cherry(2)], NBNSYS0000003424 [Himalayan Cotoneaster], NBNSYS0000003430 [Hawthorn(4)], NBNSYS0000003438 [Rowan(3)], NBNSYS0000003448 [Common Whitebeam], NBNSYS0000003463(3), NBNSYS0000003473 [White Stonecrop], NBNSYS0000003477 [Biting Stonecrop(2)], NBNSYS0000003518 [Gooseberry], NBNSYS0000003536 [Great Willowherb(3)], NBNSYS0000003546 [Broad-leaved Willowherb(3)], NBNSYS0000003567 [Square-stalked Willowherb(3)], NBNSYS0000003604 [Enchanter's-nightshade(4)], NBNSYS0000003626 [Dogwood(3)], NBNSYS0000003641 [Cow Parsley(4)], NBNSYS0000003652 [Alexanders(2)], NBNSYS0000003655 [Hemlock], NBNSYS0000003675 [Bullwort(2)], NBNSYS0000003682 [Burnet-saxifrage], NBNSYS0000003684 [Ground-elder(4)], NBNSYS0000003696 [Fool's Parsley(2)], NBNSYS0000003710 [Hogweed(4)], NBNSYS0000003721 [Dog's Mercury], NBNSYS0000003722 [Annual Mercury(4)], NBNSYS0000003725 [Caper Spurge], NBNSYS0000003729 [Sweet Spurge], NBNSYS0000003732 [Sun Spurge(2)], NBNSYS0000003733 [Petty Spurge(4)], NBNSYS0000003743(4), NBNSYS0000003745 [Equal-leaved Knotgrass], NBNSYS0000003753 [Redshank(2)], NBNSYS0000003767 [Buckwheat], NBNSYS0000003774 [Sheep's Sorrel], NBNSYS0000003778 [Common Sorrel(2)], NBNSYS0000003789 [Curled Dock(3)], NBNSYS0000003791 [Broad-leaved Dock(4)], NBNSYS0000003795 [Fiddle Dock], NBNSYS0000003796 [Wood Dock(2)], NBNSYS0000003804 [Pellitory-of-the-wall(3)], NBNSYS0000003805 [Mind-your-own-business(4)], NBNSYS0000003807 [Common Nettle(4)], NBNSYS0000003809 [Hop(2)], NBNSYS0000003823 [Fig], NBNSYS0000003827 [Silver Birch(2)], NBNSYS0000003839 [Hazel(4)], NBNSYS0000003840 [Beech], NBNSYS0000003843 [Turkey Oak(2)], NBNSYS0000003844 [Evergreen Oak(2)], NBNSYS0000003845 [Pedunculate Oak(3)], NBNSYS0000003849 [White Poplar], NBNSYS0000003851 [Aspen], NBNSYS0000003868 [Goat Willow], NBNSYS0000003871 [Common Sallow], NBNSYS0000003949 [Ash(4)], NBNSYS0000003950 [Lilac(2)], NBNSYS0000003951 [Wild Privet(2)], NBNSYS0000003954 [Greater Periwinkle], NBNSYS0000003984 [Common Comfrey], NBNSYS0000003989 [White Comfrey], NBNSYS0000003995 [Slender Borage], NBNSYS0000004012 [Field Forget-me-not(3)], NBNSYS0000004022 [Field Bindweed(3)], NBNSYS0000004037 [Bittersweet(2)], NBNSYS0000004046 [Great Mullein(2)], NBNSYS0000004054 [Moth Mullein(3)], NBNSYS0000004055 [Twiggy Mullein], NBNSYS0000004060 [Snapdragon(4)], NBNSYS0000004072 [Small Toadflax], NBNSYS0000004079 [Water Figwort(2)], NBNSYS0000004104 [Germander Speedwell(3)], NBNSYS0000004112 [Thyme-leaved Speedwell], NBNSYS0000004115 [Wall Speedwell(4)], NBNSYS0000004120 [Ivy-leaved Speedwell(4)], NBNSYS0000004180 [Ivy Broomrape], NBNSYS0000004191 [Vervain], NBNSYS0000004218 [Balm], NBNSYS0000004225 [Selfheal(3)], NBNSYS0000004234 [Marsh Woundwort], NBNSYS0000004236 [Hedge Woundwort(2)], NBNSYS0000004237 [Lamb's-ear], NBNSYS0000004238 [Black Horehound], NBNSYS0000004243 [Red Dead-nettle(3)], NBNSYS0000004244 [White Dead-nettle(3)], NBNSYS0000004257 [Ground-ivy], NBNSYS0000004273 [Greater Plantain(4)], NBNSYS0000004275 [Ribwort Plantain(4)], NBNSYS0000004277 [Buck's-horn Plantain], NBNSYS0000004300 [Field Madder], NBNSYS0000004313 [Marsh-bedstraw], NBNSYS0000004319 [Cleavers(4)], NBNSYS0000004321 [Wall Bedstraw], NBNSYS0000004324 [Elder(4)], NBNSYS0000004333 [Honeysuckle], NBNSYS0000004337 [Common Cornsalad], NBNSYS0000004346 [Red Valerian(4)], NBNSYS0000004367 [Oxford Ragwort(2)], NBNSYS0000004371 [Groundsel(4)], NBNSYS0000004386 [Coltsfoot(3)], NBNSYS0000004392 [Pot Marigold], NBNSYS0000004418 [Canadian Goldenrod], NBNSYS0000004440 [Mexican Fleabane(2)], NBNSYS0000004445 [Daisy(4)], NBNSYS0000004446 [Hemp-agrimony(2)], NBNSYS0000004451 [Yarrow(2)], NBNSYS0000004462 [Pineappleweed(3)], NBNSYS0000004464 [Oxeye Daisy], NBNSYS0000004469 [Mugwort(2)], NBNSYS0000004490 [Spear Thistle(4)], NBNSYS0000004491 [Marsh Thistle], NBNSYS0000004492 [Creeping Thistle(4)], NBNSYS0000004515 [Nipplewort(4)], NBNSYS0000004518 [Cat's-ear(2)], NBNSYS0000004523 [Rough Hawkbit], NBNSYS0000004527 [Goat's-beard], NBNSYS0000004531 [Salsify], NBNSYS0000004534 [Prickly Lettuce(4)], NBNSYS0000004535 [Great Lettuce], NBNSYS0000004539 [Wall Lettuce(4)], NBNSYS0000004542 [Perennial Sow-thistle(2)], NBNSYS0000004543 [Smooth Sow-thistle(4)], NBNSYS0000004544 [Prickly Sow-thistle(4)], NBNSYS0000004572 [Beaked Hawk's-beard(3)], NBNSYS0000004576 [Smooth Hawk's-beard(3)], NBNSYS0000004580 [Horse-chestnut], NBNSYS0000004619 [Bay], NBNSYS0000004638 [Yew(2)], NBNSYS0000004640 [Male-fern(4)], NBNSYS0000004651 [Garden Grape-hyacinth], NBNSYS0000004652(2), NBNSYS0000004655 [Annual Pearlwort], NBNSYS0000004667 [Common Millet], NBNSYS0000004689 [Soft-brome], NBNSYS0000014001 [Long-headed Poppy(2)], NBNSYS0000014093 [Common Vetch], NBNSYS0000014362 [Wild Carrot], NBNSYS0000033488 [Trailing Bellflower(2)], NBNSYS0000033576 [Love-in-a-mist], NBNSYS0000033796 [Kangaroo-apple], NBNSYS0000033986 [Shama Millet], NBNSYS0000034198 [Italian Eryngo], NBNSYS0000034299 [Nasturtium], NBNSYS0000042601, NBNSYS0000042604(2), NBNSYS0000141953 [Parsley-piert], NBNSYS0000142464 [Rusty-Back Fern(4)], NBNSYS0000142466 [Hart's-Tongue(4)], NBNSYS0000146954 [Canadian Fleabane(2)], NBNSYS0000146958 [Guernsey Fleabane], NBNSYS0000153184 [Yellow-Juiced Poppy(2)], NBNSYS0000156748 [Rose Campion], NBNSYS0000161415 [Japanese Anemone], NBNSYS0000161707 [Tall Tutsan], NBNSYS0100002637 [Vilmorin's Cotoneaster], NBNSYS0200002653, NBNSYS0200002808 [Blue Passionflower], NHMSYS0000455480 [Knotgrass(3)], NHMSYS0000455754 [Garlic Mustard(4)], NHMSYS0000455967 [Bur Chervil], NHMSYS0000455991 [Parsley Piert], NHMSYS0000456029 [Lesser / Wood Burdock], NHMSYS0000456083 [Horse-radish], NHMSYS0000456095 [False Oat-grass(4)], NHMSYS0000456214(3), NHMSYS0000456325 [Hedge Bindweed(3)], NHMSYS0000456330 [Large Bindweed(3)], NHMSYS0000456406 [Winter-cress], NHMSYS0000456587 [False-brome(3)], NHMSYS0000456605 [Black Mustard], NHMSYS0000456650 [Upright Brome(2)], NHMSYS0000456713 [Butterfly-bush(3)], NHMSYS0000456767 [Adria Bellflower(3)], NHMSYS0000456781 [Shepherd's-purse(4)], NHMSYS0000456846 [Grey Sedge], NHMSYS0000456850 [Glaucous Sedge], NHMSYS0000456886 [Pendulous Sedge(3)], NHMSYS0000456899 [Wood-sedge], NHMSYS0000456981 [Fern-grass(2)], NHMSYS0000457497 [Cabbage-palm], NHMSYS0000457587 [Wall Cotoneaster], NHMSYS0000457806 [Ivy-leaved Toadflax(4)], NHMSYS0000457901 [Common Spotted-orchid], NHMSYS0000458048 [Tufted Hair-grass], NHMSYS0000458258 [Cockspur], NHMSYS0000458346 [Common Couch(2)], NHMSYS0000458397 [American Willowherb(2)], NHMSYS0000458402 [Short-fruited Willowherb], NHMSYS0000458403 [Hoary Willowherb(3)], NHMSYS0000458405 [Pale Willowherb], NHMSYS0000458868 [Fennel(2)], NHMSYS0000458878 [Garden Strawberry(2)], NHMSYS0000458958 [Shaggy Soldier], NHMSYS0000458960 [Hedge Bedstraw], NHMSYS0000459250 [Atlantic Ivy], NHMSYS0000459324 [Hawkweed], NHMSYS0000459754 [Meadow Barley], NHMSYS0000459961 [Walnut], NHMSYS0000460056 [Laburnham], NHMSYS0000460318 [Himalayan Honeysuckle], NHMSYS0000460386 [Purple Toadflax(4)], NHMSYS0000460629 [Spotted Medick], NHMSYS0000460847 [daffodils], NHMSYS0000461024 [Timothy(2)], NHMSYS0000461145 [Evening Primrose], NHMSYS0000461148 [Large-flowered Evening-primrose], NHMSYS0000461270 [Fox-and-cubs], NHMSYS0000461280 [Mouse-ear-hawkweed(2)], NHMSYS0000461527 [Virginia-creeper], NHMSYS0000461565 [Green Alkanet(2)], NHMSYS0000461601 [Pink-headed Persicaria], NHMSYS0000461628 [Winter Heliotrope(3)], NHMSYS0000461810 [Smooth Meadow-grass(2)], NHMSYS0000462067 [Primrose(2)], NHMSYS0000462184 [Firethorn(2)], NHMSYS0000462335 [Japanese Knotweed(4)], NHMSYS0000462445 [Field-rose], NHMSYS0000462958 [Garden Sorrel], NHMSYS0000463048 [Fringed Pearlwort(3)], NHMSYS0000463273 [Tall Fescue], NHMSYS0000464009 [Common Chickweed(4)], NHMSYS0000464104 [Snowberry], NHMSYS0000464153 [Feverfew(2)], NHMSYS0000464161 [Dandelion(3)], NHMSYS0000464493 [Knotted Hedge-parsley], NHMSYS0000464606 [Scentless Mayweed], NHMSYS0000464618 [Yellow Oat-grass(2)], NHMSYS0000464707(4), NHMSYS0000464763 [Keeled-fruited Cornsalad(3)], NHMSYS0000464821(2), NHMSYS0000464822(2), NHMSYS0000464828 [Common Field-speedwell(3)], NHMSYS0000464829 [Grey Field-speedwell(2)], NHMSYS0000464897 [Common Dog-violet], NHMSYS0000494763, NHMSYS0000523323(3), NHMSYS0000530293 [Marsh Harrier], NHMSYS0000530444 [Grasshopper Warbler], NHMSYS0000712592 [Harlequin Ladybird], NHMSYS0000840823 [Giant Blackberry(2)], NHMSYS0001688303 [Marsh Tit(3)], NHMSYS0001754392 [Russian Comfrey], NHMSYS0001754477 [Hybrid Black-poplar], NHMSYS0001754576 [Hybrid Coralberry], NHMSYS0001754629 [Garden Pansy], NHMSYS0001754674, NHMSYS0001754807 [Hybrid Plume-poppy], NHMSYS0001754822 [Druce's Crane's-bill], NHMSYS0020110575 [Argentine Needle-grass], NHMSYS0020823761 [Swine-cress(2)], NHMSYS0021109852, NHMSYS0021118909(4), NHMSYS0021118915(3), NHMSYS0021126272 [Tree-mallow], NHMSYS0021126374 [Autumn Hawkbit(2)], NHMSYS0021232322 [Common Knapweed], NHMSYS0100001010 [Rosebay Willowherb(4)], NHMSYS0100001501 [Balkan Spurge], NHMSYS0100001603 [Lesser Celandine(3)], NHMSYS0100001729 [Bristly Oxtongue(3)], NHMSYS0100001785 [Bluebell(2)], NHMSYS0100001930 [Lesser Swine-cress(3)], NHMSYS0100002292 [Welsh Poppy(2)], NHMSYS0100002314 [Reflexed Stonecrop]`"
**ST57Y**,"`NBNSYS0000002022 [Field Horsetail(2)], NBNSYS0000002025 [Great Horsetail], NBNSYS0000002031 [Bracken], NBNSYS0000002046 [Maidenhair Spleenwort(2)], NBNSYS0000002050 [Wall-rue(3)], NBNSYS0000002108 [Flowering-rush], NBNSYS0000002185 [Bluebell], NBNSYS0000002196 [Wild Onion(3)], NBNSYS0000002200 [Rosy Garlic], NBNSYS0000002203 [Three-cornered Garlic], NBNSYS0000002205 [Ramsons(2)], NBNSYS0000002213 [Round-fruited Rush], NBNSYS0000002220 [Hard Rush], NBNSYS0000002268 [Stinking Iris], NBNSYS0000002269 [Yellow Iris(2)], NBNSYS0000002282 [Black Bryony(3)], NBNSYS0000002351 [Lords-and-Ladies], NBNSYS0000002358 [Common Duckweed], NBNSYS0000002361 [Branched Bur-reed], NBNSYS0000002369 [Bulrush], NBNSYS0000002386 [Common Club-rush], NBNSYS0000002527 [Perennial Rye-grass(3)], NBNSYS0000002533 [Squirreltail Fescue], NBNSYS0000002544 [Annual Meadow-grass(3)], NBNSYS0000002554(3), NBNSYS0000002557 [Rough Meadow-grass(2)], NBNSYS0000002561 [Cock's-foot(3)], NBNSYS0000002563 [Crested Dog's-tail(2)], NBNSYS0000002567 [Greater Quaking-grass], NBNSYS0000002568 [Wood Melick], NBNSYS0000002575 [Barren Brome(3)], NBNSYS0000002600 [Wall Barley(3)], NBNSYS0000002619 [Yorkshire-fog(2)], NBNSYS0000002638 [Common Bent], NBNSYS0000002640 [Creeping Bent(2)], NBNSYS0000002643 [Water Bent], NBNSYS0000002649 [Hare's-tail], NBNSYS0000002656 [Meadow Foxtail], NBNSYS0000002657 [Marsh Foxtail], NBNSYS0000002669 [Reed Canary-grass], NBNSYS0000002684 [Hairy Finger-grass], NBNSYS0000002700 [Wood Anemone], NBNSYS0000002704 [Traveller's-joy(3)], NBNSYS0000002708 [Meadow Buttercup(3)], NBNSYS0000002709 [Creeping Buttercup(3)], NBNSYS0000002710 [Bulbous Buttercup(3)], NBNSYS0000002716 [Goldilocks Buttercup], NBNSYS0000002742 [Columbine(3)], NBNSYS0000002757 [White Water-lily], NBNSYS0000002764 [Common Poppy], NBNSYS0000002769 [Opium Poppy], NBNSYS0000002775 [Greater Celandine], NBNSYS0000002781 [Yellow Corydalis(2)], NBNSYS0000002793 [Common Fumitory], NBNSYS0000002808 [Charlock(2)], NBNSYS0000002811 [Annual Wall-rocket], NBNSYS0000002837 [Hoary Cress], NBNSYS0000002841 [Field Penny-cress], NBNSYS0000002854 [Danish Scurvygrass], NBNSYS0000002872 [Cuckooflower], NBNSYS0000002876 [Hairy Bitter-cress(2)], NBNSYS0000002893 [Watercress], NBNSYS0000002898 [Great Yellow-cress(2)], NBNSYS0000002906 [Hedge Mustard(2)], NBNSYS0000002913 [Thale Cress], NBNSYS0000002919 [Weld], NBNSYS0000002947 [Field Pansy], NBNSYS0000002957 [Perforate St John's-wort(2)], NBNSYS0000002997 [Night-flowering Catchfly], NBNSYS0000002998 [Red Campion(2)], NBNSYS0000003018 [Snow-in-summer(3)], NBNSYS0000003022 [Common Mouse-ear], NBNSYS0000003023 [Sticky Mouse-ear], NBNSYS0000003044 [Procumbent Pearlwort(3)], NBNSYS0000003091(2), NBNSYS0000003111 [Common Orache], NBNSYS0000003112 [Spear-leaved Orache], NBNSYS0000003131 [Common Mallow], NBNSYS0000003157 [Cut-leaved Crane's-bill(2)], NBNSYS0000003158 [Round-leaved Crane's-bill(2)], NBNSYS0000003159 [Dove's-foot Crane's-bill(2)], NBNSYS0000003161 [Shining Crane's-bill(2)], NBNSYS0000003162 [Herb-Robert(2)], NBNSYS0000003176 [Procumbent Yellow-sorrel(2)], NBNSYS0000003178 [Upright Yellow-sorrel], NBNSYS0000003191 [Sycamore(3)], NBNSYS0000003192 [Norway Maple(2)], NBNSYS0000003193 [Field Maple(3)], NBNSYS0000003194 [Holly(3)], NBNSYS0000003195 [Spindle(3)], NBNSYS0000003197 [Box], NBNSYS0000003222 [Black Medick(3)], NBNSYS0000003226 [Tall Melilot], NBNSYS0000003231 [Red Clover(3)], NBNSYS0000003247 [White Clover(3)], NBNSYS0000003252 [Lesser Trefoil(3)], NBNSYS0000003258 [Common Bird's-foot-trefoil(2)], NBNSYS0000003290 [Bush Vetch(2)], NBNSYS0000003301 [Meadow Vetchling], NBNSYS0000003328 [Bramble(2)], NBNSYS0000003341 [Silverweed], NBNSYS0000003354 [Creeping Cinquefoil(3)], NBNSYS0000003361 [Wood Avens(3)], NBNSYS0000003412 [Blackthorn(3)], NBNSYS0000003430 [Hawthorn(3)], NBNSYS0000003448 [Common Whitebeam], NBNSYS0000003473 [White Stonecrop(2)], NBNSYS0000003477 [Biting Stonecrop], NBNSYS0000003524 [Purple-loosestrife], NBNSYS0000003536 [Great Willowherb(3)], NBNSYS0000003546 [Broad-leaved Willowherb(2)], NBNSYS0000003567 [Square-stalked Willowherb], NBNSYS0000003604 [Enchanter's-nightshade(3)], NBNSYS0000003624 [Mistletoe], NBNSYS0000003626 [Dogwood(2)], NBNSYS0000003641 [Cow Parsley(3)], NBNSYS0000003652 [Alexanders], NBNSYS0000003682 [Burnet-saxifrage], NBNSYS0000003684 [Ground-elder(2)], NBNSYS0000003696 [Fool's Parsley(2)], NBNSYS0000003710 [Hogweed(3)], NBNSYS0000003721 [Dog's Mercury(2)], NBNSYS0000003722 [Annual Mercury(3)], NBNSYS0000003725 [Caper Spurge], NBNSYS0000003730 [Broad-leaved Spurge], NBNSYS0000003732 [Sun Spurge(3)], NBNSYS0000003733 [Petty Spurge(3)], NBNSYS0000003734 [Dwarf Spurge], NBNSYS0000003743(3), NBNSYS0000003778 [Common Sorrel], NBNSYS0000003789 [Curled Dock(3)], NBNSYS0000003791 [Broad-leaved Dock(3)], NBNSYS0000003796 [Wood Dock(2)], NBNSYS0000003797 [Clustered Dock], NBNSYS0000003804 [Pellitory-of-the-wall(2)], NBNSYS0000003805 [Mind-your-own-business(2)], NBNSYS0000003807 [Common Nettle(3)], NBNSYS0000003809 [Hop], NBNSYS0000003839 [Hazel(3)], NBNSYS0000003844 [Evergreen Oak], NBNSYS0000003845 [Pedunculate Oak(3)], NBNSYS0000003868 [Goat Willow], NBNSYS0000003871 [Common Sallow], NBNSYS0000003926 [Cowslip], NBNSYS0000003933 [Sowbread], NBNSYS0000003949 [Ash(3)], NBNSYS0000003951 [Wild Privet], NBNSYS0000003952 [Garden Privet], NBNSYS0000003954 [Greater Periwinkle], NBNSYS0000003994 [Borage], NBNSYS0000004012 [Field Forget-me-not(2)], NBNSYS0000004020 [Purple Viper's-bugloss], NBNSYS0000004022 [Field Bindweed(3)], NBNSYS0000004037 [Bittersweet(2)], NBNSYS0000004046 [Great Mullein], NBNSYS0000004060 [Snapdragon], NBNSYS0000004072 [Small Toadflax], NBNSYS0000004078 [Common Figwort], NBNSYS0000004103 [Wood Speedwell], NBNSYS0000004104 [Germander Speedwell(3)], NBNSYS0000004115 [Wall Speedwell(3)], NBNSYS0000004120 [Ivy-leaved Speedwell(2)], NBNSYS0000004135 [Yellow-rattle], NBNSYS0000004198 [Water Mint(2)], NBNSYS0000004206 [Gypsywort], NBNSYS0000004218 [Balm], NBNSYS0000004225 [Selfheal(2)], NBNSYS0000004236 [Hedge Woundwort(3)], NBNSYS0000004240 [Henbit Dead-nettle(2)], NBNSYS0000004243 [Red Dead-nettle(3)], NBNSYS0000004244 [White Dead-nettle(2)], NBNSYS0000004257 [Ground-ivy(3)], NBNSYS0000004273 [Greater Plantain(3)], NBNSYS0000004274 [Hoary Plantain], NBNSYS0000004275 [Ribwort Plantain(3)], NBNSYS0000004300 [Field Madder(3)], NBNSYS0000004309 [Lady's Bedstraw(2)], NBNSYS0000004319 [Cleavers(3)], NBNSYS0000004324 [Elder(3)], NBNSYS0000004346 [Red Valerian(3)], NBNSYS0000004350 [Small Scabious], NBNSYS0000004367 [Oxford Ragwort], NBNSYS0000004371 [Groundsel(3)], NBNSYS0000004386 [Coltsfoot], NBNSYS0000004397 [Ploughman's-spikenard(2)], NBNSYS0000004401 [Common Fleabane], NBNSYS0000004440 [Mexican Fleabane], NBNSYS0000004445 [Daisy(3)], NBNSYS0000004446 [Hemp-agrimony], NBNSYS0000004451 [Yarrow(2)], NBNSYS0000004462 [Pineappleweed(2)], NBNSYS0000004464 [Oxeye Daisy(3)], NBNSYS0000004469 [Mugwort(2)], NBNSYS0000004490 [Spear Thistle(3)], NBNSYS0000004492 [Creeping Thistle(3)], NBNSYS0000004515 [Nipplewort(3)], NBNSYS0000004518 [Cat's-ear], NBNSYS0000004534 [Prickly Lettuce(3)], NBNSYS0000004539 [Wall Lettuce(2)], NBNSYS0000004542 [Perennial Sow-thistle(2)], NBNSYS0000004543 [Smooth Sow-thistle(3)], NBNSYS0000004544 [Prickly Sow-thistle(3)], NBNSYS0000004572 [Beaked Hawk's-beard(3)], NBNSYS0000004576 [Smooth Hawk's-beard(2)], NBNSYS0000004580 [Horse-chestnut(2)], NBNSYS0000004638 [Yew], NBNSYS0000004640 [Male-fern(3)], NBNSYS0000004652, NBNSYS0000004667 [Common Millet], NBNSYS0000004689 [Soft-brome], NBNSYS0000008330 [14-spot Ladybird], NBNSYS0000014001 [Long-headed Poppy], NBNSYS0000014093 [Common Vetch(3)], NBNSYS0000014362 [Wild Carrot(2)], NBNSYS0000033488 [Trailing Bellflower], NBNSYS0000034355 [Argentinian Vervain], NBNSYS0000142464 [Rusty-Back Fern], NBNSYS0000142466 [Hart's-Tongue(3)], NBNSYS0000146954 [Canadian Fleabane(2)], NBNSYS0000146958 [Guernsey Fleabane], NBNSYS0000153184 [Yellow-Juiced Poppy(2)], NBNSYS0000161802 [London Plane], NBNSYS0000161821 [Grey Poplar], NHMSYS0000344612 [Sheep's-fescue], NHMSYS0000455480 [Knotgrass(3)], NHMSYS0000455754 [Garlic Mustard(3)], NHMSYS0000455779 [Black-grass], NHMSYS0000456029 [Lesser / Wood Burdock], NHMSYS0000456095 [False Oat-grass(3)], NHMSYS0000456214, NHMSYS0000456325 [Hedge Bindweed(2)], NHMSYS0000456406 [Winter-cress], NHMSYS0000456587 [False-brome(2)], NHMSYS0000456650 [Upright Brome(2)], NHMSYS0000456713 [Butterfly-bush(3)], NHMSYS0000456767 [Adria Bellflower], NHMSYS0000456781 [Shepherd's-purse(3)], NHMSYS0000456850 [Glaucous Sedge], NHMSYS0000456886 [Pendulous Sedge(3)], NHMSYS0000456896 [Spiked Sedge], NHMSYS0000456898 [Thin-spiked Wood-sedge], NHMSYS0000456899 [Wood-sedge], NHMSYS0000456981 [Fern-grass], NHMSYS0000457262 [Fig-leaved Goosefoot(2)], NHMSYS0000457806 [Ivy-leaved Toadflax(2)], NHMSYS0000458260 [White Millet], NHMSYS0000458304 [Common Spike-rush], NHMSYS0000458346 [Common Couch], NHMSYS0000458397 [American Willowherb], NHMSYS0000458403 [Hoary Willowherb(2)], NHMSYS0000458405 [Pale Willowherb], NHMSYS0000458783 [Sheep's Fescue agg.], NHMSYS0000459043 [Hedgerow Crane's-bill], NHMSYS0000459088 [Floating Sweet-grass(2)], NHMSYS0000459090 [Reed Sweet-grass], NHMSYS0000460386 [Purple Toadflax(3)], NHMSYS0000460452 [Wilson's Honeysuckle], NHMSYS0000460663 [Ribbed Melilot], NHMSYS0000460933 [Water Cress], NHMSYS0000461024 [Timothy], NHMSYS0000461107 [Yellow Water-lily(2)], NHMSYS0000461145 [Evening Primrose], NHMSYS0000461148 [Large-flowered Evening-primrose], NHMSYS0000461214 [Common Reed(2)], NHMSYS0000461270 [Fox-and-cubs], NHMSYS0000461280 [Mouse-ear-hawkweed], NHMSYS0000461565 [Green Alkanet], NHMSYS0000461810 [Smooth Meadow-grass(3)], NHMSYS0000461949 [Soft Shield-fern], NHMSYS0000461971 [Black-poplar], NHMSYS0000462184 [Firethorn], NHMSYS0000462451(2), NHMSYS0000463273 [Tall Fescue], NHMSYS0000463485 [Green Bristle-grass(2)], NHMSYS0000464009 [Common Chickweed(3)], NHMSYS0000464104 [Snowberry], NHMSYS0000464153 [Feverfew(3)], NHMSYS0000464161 [Dandelion(3)], NHMSYS0000464606 [Scentless Mayweed], NHMSYS0000464701 [Wych Elm(2)], NHMSYS0000464707(3), NHMSYS0000464763 [Keeled-fruited Cornsalad], NHMSYS0000464816 [Slender Speedwell], NHMSYS0000464822, NHMSYS0000464828 [Common Field-speedwell(3)], NHMSYS0000464829 [Grey Field-speedwell(2)], NHMSYS0000464896 [Early Dog-violet], NHMSYS0000523323(2), NHMSYS0000840823 [Giant Blackberry], NHMSYS0001754392 [Russian Comfrey], NHMSYS0001754477 [Hybrid Black-poplar], NHMSYS0001754674, NHMSYS0020302076, NHMSYS0020823761 [Swine-cress(2)], NHMSYS0021118909(3), NHMSYS0021118915, NHMSYS0021126374 [Autumn Hawkbit], NHMSYS0021127653 [Salad Burnet], NHMSYS0021232322 [Common Knapweed(2)], NHMSYS0100001010 [Rosebay Willowherb], NHMSYS0100001603 [Lesser Celandine(3)], NHMSYS0100001729 [Bristly Oxtongue(3)], NHMSYS0100001930 [Lesser Swine-cress(3)]`"
**ST57Z**,"`NBNSYS0000002022 [Field Horsetail], NBNSYS0000002025 [Great Horsetail], NBNSYS0000002097 [Adder's-tongue], NBNSYS0000002185 [Bluebell], NBNSYS0000002196 [Wild Onion(2)], NBNSYS0000002203 [Three-cornered Garlic], NBNSYS0000002220 [Hard Rush(2)], NBNSYS0000002246 [Field Wood-rush], NBNSYS0000002268 [Stinking Iris], NBNSYS0000002282 [Black Bryony(2)], NBNSYS0000002351 [Lords-and-Ladies(2)], NBNSYS0000002442 [Hairy Sedge], NBNSYS0000002483 [Remote Sedge], NBNSYS0000002527 [Perennial Rye-grass(2)], NBNSYS0000002533 [Squirreltail Fescue], NBNSYS0000002544 [Annual Meadow-grass(2)], NBNSYS0000002554, NBNSYS0000002557 [Rough Meadow-grass], NBNSYS0000002561 [Cock's-foot(2)], NBNSYS0000002563 [Crested Dog's-tail(2)], NBNSYS0000002565 [Quaking-grass], NBNSYS0000002575 [Barren Brome], NBNSYS0000002619 [Yorkshire-fog], NBNSYS0000002638 [Common Bent(2)], NBNSYS0000002640 [Creeping Bent], NBNSYS0000002643 [Water Bent], NBNSYS0000002656 [Meadow Foxtail], NBNSYS0000002667 [Sweet Vernal-grass], NBNSYS0000002684 [Hairy Finger-grass], NBNSYS0000002704 [Traveller's-joy(2)], NBNSYS0000002708 [Meadow Buttercup], NBNSYS0000002709 [Creeping Buttercup(2)], NBNSYS0000002710 [Bulbous Buttercup(2)], NBNSYS0000002808 [Charlock], NBNSYS0000002872 [Cuckooflower], NBNSYS0000002875 [Wavy Bitter-cress], NBNSYS0000002876 [Hairy Bitter-cress(2)], NBNSYS0000002893 [Watercress], NBNSYS0000002906 [Hedge Mustard], NBNSYS0000002910 [Tall Rocket], NBNSYS0000002913 [Thale Cress], NBNSYS0000002957 [Perforate St John's-wort], NBNSYS0000002967 [Hairy St John's-wort], NBNSYS0000002998 [Red Campion], NBNSYS0000003022 [Common Mouse-ear(2)], NBNSYS0000003023 [Sticky Mouse-ear(2)], NBNSYS0000003044 [Procumbent Pearlwort], NBNSYS0000003059, NBNSYS0000003072 [Lesser Sea-spurrey], NBNSYS0000003084 [Common Amaranth], NBNSYS0000003091, NBNSYS0000003111 [Common Orache], NBNSYS0000003131 [Common Mallow], NBNSYS0000003157 [Cut-leaved Crane's-bill(2)], NBNSYS0000003159 [Dove's-foot Crane's-bill(2)], NBNSYS0000003162 [Herb-Robert(2)], NBNSYS0000003191 [Sycamore], NBNSYS0000003192 [Norway Maple], NBNSYS0000003193 [Field Maple(2)], NBNSYS0000003194 [Holly(2)], NBNSYS0000003195 [Spindle(2)], NBNSYS0000003206 [Dyer's Greenweed], NBNSYS0000003222 [Black Medick(2)], NBNSYS0000003226 [Tall Melilot], NBNSYS0000003231 [Red Clover(2)], NBNSYS0000003247 [White Clover(2)], NBNSYS0000003252 [Lesser Trefoil], NBNSYS0000003255 [Kidney Vetch], NBNSYS0000003258 [Common Bird's-foot-trefoil], NBNSYS0000003279 [Sainfoin(2)], NBNSYS0000003283 [Tufted Vetch], NBNSYS0000003290 [Bush Vetch(2)], NBNSYS0000003299 [Grass Vetchling(2)], NBNSYS0000003301 [Meadow Vetchling(2)], NBNSYS0000003316 [Meadowsweet], NBNSYS0000003328 [Bramble(2)], NBNSYS0000003341 [Silverweed], NBNSYS0000003354 [Creeping Cinquefoil(2)], NBNSYS0000003361 [Wood Avens(2)], NBNSYS0000003366 [Agrimony(2)], NBNSYS0000003412 [Blackthorn(2)], NBNSYS0000003430 [Hawthorn(2)], NBNSYS0000003442 [Swedish Whitebeam], NBNSYS0000003463(2), NBNSYS0000003477 [Biting Stonecrop], NBNSYS0000003513 [Red Currant], NBNSYS0000003515 [Black Currant], NBNSYS0000003536 [Great Willowherb], NBNSYS0000003546 [Broad-leaved Willowherb], NBNSYS0000003624 [Mistletoe(2)], NBNSYS0000003626 [Dogwood(2)], NBNSYS0000003641 [Cow Parsley(2)], NBNSYS0000003646 [Upright Hedge-parsley(2)], NBNSYS0000003652 [Alexanders], NBNSYS0000003655 [Hemlock], NBNSYS0000003673 [Stone Parsley(2)], NBNSYS0000003684 [Ground-elder], NBNSYS0000003699 [Pepper-saxifrage(2)], NBNSYS0000003710 [Hogweed(2)], NBNSYS0000003721 [Dog's Mercury(2)], NBNSYS0000003722 [Annual Mercury(2)], NBNSYS0000003733 [Petty Spurge(2)], NBNSYS0000003743, NBNSYS0000003778 [Common Sorrel(2)], NBNSYS0000003789 [Curled Dock], NBNSYS0000003791 [Broad-leaved Dock(2)], NBNSYS0000003796 [Wood Dock(2)], NBNSYS0000003807 [Common Nettle(2)], NBNSYS0000003827 [Silver Birch(2)], NBNSYS0000003839 [Hazel(2)], NBNSYS0000003844 [Evergreen Oak], NBNSYS0000003845 [Pedunculate Oak(2)], NBNSYS0000003926 [Cowslip], NBNSYS0000003935 [Creeping-Jenny], NBNSYS0000003949 [Ash(2)], NBNSYS0000004012 [Field Forget-me-not], NBNSYS0000004022 [Field Bindweed], NBNSYS0000004046 [Great Mullein], NBNSYS0000004078 [Common Figwort], NBNSYS0000004104 [Germander Speedwell], NBNSYS0000004112 [Thyme-leaved Speedwell], NBNSYS0000004120 [Ivy-leaved Speedwell], NBNSYS0000004164 [Red Bartsia], NBNSYS0000004225 [Selfheal(2)], NBNSYS0000004236 [Hedge Woundwort], NBNSYS0000004243 [Red Dead-nettle(2)], NBNSYS0000004244 [White Dead-nettle(2)], NBNSYS0000004257 [Ground-ivy(2)], NBNSYS0000004269 [Bugle], NBNSYS0000004273 [Greater Plantain], NBNSYS0000004274 [Hoary Plantain], NBNSYS0000004275 [Ribwort Plantain(2)], NBNSYS0000004300 [Field Madder(2)], NBNSYS0000004309 [Lady's Bedstraw], NBNSYS0000004319 [Cleavers(2)], NBNSYS0000004324 [Elder(2)], NBNSYS0000004333 [Honeysuckle], NBNSYS0000004337 [Common Cornsalad], NBNSYS0000004371 [Groundsel(2)], NBNSYS0000004386 [Coltsfoot], NBNSYS0000004401 [Common Fleabane], NBNSYS0000004445 [Daisy(2)], NBNSYS0000004446 [Hemp-agrimony], NBNSYS0000004451 [Yarrow(2)], NBNSYS0000004462 [Pineappleweed], NBNSYS0000004464 [Oxeye Daisy(2)], NBNSYS0000004469 [Mugwort], NBNSYS0000004490 [Spear Thistle(2)], NBNSYS0000004492 [Creeping Thistle(2)], NBNSYS0000004515 [Nipplewort(2)], NBNSYS0000004518 [Cat's-ear], NBNSYS0000004523 [Rough Hawkbit], NBNSYS0000004524 [Lesser Hawkbit], NBNSYS0000004527 [Goat's-beard], NBNSYS0000004534 [Prickly Lettuce], NBNSYS0000004539 [Wall Lettuce], NBNSYS0000004543 [Smooth Sow-thistle], NBNSYS0000004544 [Prickly Sow-thistle(2)], NBNSYS0000004572 [Beaked Hawk's-beard], NBNSYS0000004576 [Smooth Hawk's-beard], NBNSYS0000004580 [Horse-chestnut], NBNSYS0000004638 [Yew], NBNSYS0000004640 [Male-fern], NBNSYS0000004652, NBNSYS0000004683 [Thyme-leaved Sandwort], NBNSYS0000004689 [Soft-brome], NBNSYS0000013928 [Robin's-plantain], NBNSYS0000014093 [Common Vetch], NBNSYS0000014362 [Wild Carrot(2)], NBNSYS0000042601, NBNSYS0000042604, NBNSYS0000142466 [Hart's-Tongue], NBNSYS0000142939 [Betony], NBNSYS0000146954 [Canadian Fleabane], NBNSYS0200002808 [Blue Passionflower], NHMSYS0000345555 [Black-poplar], NHMSYS0000455480 [Knotgrass], NHMSYS0000455754 [Garlic Mustard(2)], NHMSYS0000456029 [Lesser / Wood Burdock], NHMSYS0000456046 [Slender Sandwort], NHMSYS0000456095 [False Oat-grass(2)], NHMSYS0000456325 [Hedge Bindweed], NHMSYS0000456587 [False-brome(2)], NHMSYS0000456650 [Upright Brome], NHMSYS0000456655 [Hairy-brome], NHMSYS0000456713 [Butterfly-bush(2)], NHMSYS0000456781 [Shepherd's-purse(2)], NHMSYS0000456850 [Glaucous Sedge], NHMSYS0000456886 [Pendulous Sedge(2)], NHMSYS0000456896 [Spiked Sedge], NHMSYS0000456981 [Fern-grass], NHMSYS0000457587 [Wall Cotoneaster], NHMSYS0000457806 [Ivy-leaved Toadflax(2)], NHMSYS0000458048 [Tufted Hair-grass], NHMSYS0000458187 [Broad Buckler-fern], NHMSYS0000458258 [Cockspur], NHMSYS0000458397 [American Willowherb], NHMSYS0000458403 [Hoary Willowherb], NHMSYS0000458960 [Hedge Bedstraw], NHMSYS0000459250 [Atlantic Ivy], NHMSYS0000459324 [Hawkweed], NHMSYS0000460024 [Field Scabious], NHMSYS0000460248 [Field Pepperwort], NHMSYS0000460386 [Purple Toadflax], NHMSYS0000461024 [Timothy], NHMSYS0000461280 [Mouse-ear-hawkweed], NHMSYS0000461294 [Bee Orchid], NHMSYS0000461810 [Smooth Meadow-grass], NHMSYS0000461949 [Soft Shield-fern], NHMSYS0000462445 [Field-rose(2)], NHMSYS0000462451, NHMSYS0000463273 [Tall Fescue(2)], NHMSYS0000463276 [Meadow Fescue], NHMSYS0000464009 [Common Chickweed(2)], NHMSYS0000464161 [Dandelion(2)], NHMSYS0000464707(2), NHMSYS0000464816 [Slender Speedwell], NHMSYS0000464828 [Common Field-speedwell], NHMSYS0000464829 [Grey Field-speedwell], NHMSYS0000464897 [Common Dog-violet], NHMSYS0000464947 [Rat's-tail Fescue], NHMSYS0000523323(2), NHMSYS0000530498 [Spotted Flycatcher(2)], NHMSYS0000840823 [Giant Blackberry], NHMSYS0021118909(2), NHMSYS0021126272 [Tree-mallow], NHMSYS0021127653 [Salad Burnet], NHMSYS0021232322 [Common Knapweed], NHMSYS0100001010 [Rosebay Willowherb(2)], NHMSYS0100001491 [Smooth Tare], NHMSYS0100001603 [Lesser Celandine], NHMSYS0100001729 [Bristly Oxtongue(2)]`"
**ST58007811**,`NBNSYS0000008324 [7-spot Ladybird]`
**ST58017110**,"`NBNSYS0000005616 [Beautiful Demoiselle], NBNSYS0000008319 [2-spot Ladybird], NHMSYS0020151686 [Rosemary Beetle]`"
**ST58017205**,`NHMSYS0000712592 [Harlequin Ladybird]`
**ST58017294**,`NBNSYS0100000414`
**ST58017300**,`NHMSYS0000712592 [Harlequin Ladybird]`
**ST58017754**,`NHMSYS0000712592 [Harlequin Ladybird]`
**ST58027071**,`NBNSYS0000007943 [Dark-edged Bee-fly]`
**ST58027619**,`NHMSYS0000712592 [Harlequin Ladybird]`
**ST58027741**,`NHMSYS0000712592 [Harlequin Ladybird]`
**ST58027811**,"`NBNSYS0000006933, NBNSYS0000007820 [Dark-winged Black]`"
**ST58037153**,`NHMSYS0020528153 [Common Garden Snail]`
**ST58037288**,`NHMSYS0000712592 [Harlequin Ladybird]`
**ST58037289**,`NBNSYS0000008332 [Orange Ladybird]`
**ST58047239**,`NHMSYS0020151838 [Willow Flea Beetle]`
**ST58047718**,`NHMSYS0000875407 [Hairy-footed Flower Bee]`
**ST58047719**,`NHMSYS0000875407 [Hairy-footed Flower Bee]`
**ST58047747**,"`NBNSYS0000006916 [Marmalade Hoverfly], NBNSYS0000006937`"
**ST58057653**,`NHMSYS0020528135 [White-lipped Snail]`
**ST58057746**,`NHMSYS0021196425`
**ST58067654**,`NHMSYS0020528153 [Common Garden Snail]`
**ST580715**,"`NHMSYS0000876769 [Hornet], NHMSYS0001702050 [Girdled Snail], NHMSYS0020528135 [White-lipped Snail], NHMSYS0020528153 [Common Garden Snail]`"
**ST580721**,`NBNSYS0000000038 [Herring Gull]`
**ST580723**,"`NBNSYS0000000004 [Cormorant], NBNSYS0000011206 [Alder Leaf Beetle], NBNSYS0000013856, NBNSYS0000013861, NBNSYS0000013862, NBNSYS0000013864, NBNSYS0000013865, NBNSYS0000036475 [Grey-cushioned Grimmia], NBNSYS0000042522, NHMSYS0000530537 [House Sparrow], NHMSYS0000530790 [Dunnock], NHMSYS0000873237 [Small Black Ant], NHMSYS0020109266 [Green Shieldbug], NHMSYS0020213805(2), NHMSYS0021178877 [Jackdaw]`"
**ST580724**,"`NBNSYS0000000010 [Mute Swan], NBNSYS0000042522, NBNSYS0000133089, NHMSYS0000530671 [Wren], NHMSYS0001701949 [Brown-lipped Snail], NHMSYS0001702050 [Girdled Snail], NHMSYS0020109255 [Dock Bug], NHMSYS0020109266 [Green Shieldbug], NHMSYS0020308885 [Hawthorn Shieldbug], NHMSYS0020528155 [Netted Field Slug]`"
**ST580727**,"`NBNSYS0000008324 [7-spot Ladybird], NBNSYS0000024309 [Ivy Boring Beetle], NBNSYS0100000414, NHMSYS0000873237 [Small Black Ant], NHMSYS0020528153 [Common Garden Snail(2)], NHMSYS0021898013 [Common Earwig]`"
**ST580728**,"`NHMSYS0000530247 [Goldfinch], NHMSYS0000530309 [Woodpigeon(3)], NHMSYS0000530315 [Carrion Crow], NHMSYS0000530633 [Blackcap], NHMSYS0000530674 [Blackbird(3)], NHMSYS0000530761 [Magpie], NHMSYS0000530790 [Dunnock]`"
**ST580729**,"`NHMSYS0000530533 [Great Tit], NHMSYS0001688296 [Blue Tit]`"
**ST580730**,"`NBNSYS0000000036 [Great Black-backed Gull], NBNSYS0000000037 [Lesser Black-backed Gull], NHMSYS0000530308 [Stock Dove], NHMSYS0000530309 [Woodpigeon(2)], NHMSYS0000530315 [Carrion Crow], NHMSYS0000530579 [Goldcrest(2)], NHMSYS0000530628 [Starling], NHMSYS0000530671 [Wren], NHMSYS0000530674 [Blackbird], NHMSYS0000530739 [Robin], NHMSYS0000530761 [Magpie], NHMSYS0021178877 [Jackdaw]`"
**ST580731**,"`NHMSYS0000530247 [Goldfinch], NHMSYS0000712592 [Harlequin Ladybird]`"
**ST580732**,`NHMSYS0000462335 [Japanese Knotweed]`
**ST580734**,`NHMSYS0000712592 [Harlequin Ladybird(2)]`
**ST580735**,`NHMSYS0000530374 [Jay(2)]`
**ST580740**,`NHMSYS0020528153 [Common Garden Snail]`
**ST580752**,`NHMSYS0020309518 [Southern Green Shieldbug]`
**ST580762**,`NHMSYS0000876769 [Hornet]`
**ST580765**,`NHMSYS0020528153 [Common Garden Snail(2)]`
**ST580767**,`NHMSYS0020302077`
**ST58077246**,`NHMSYS0001701946`
**ST580774**,"`NHMSYS0000344179 [Blue-tailed Damselfly], NHMSYS0000875576 [Common Carder Bee], NHMSYS0000875595 [Buff-tailed Bumblebee], NHMSYS0001387435 [Dark Bush-cricket], NHMSYS0020309235 [Woundwort Shieldbug]`"
**ST580775**,"`NBNSYS0000008324 [7-spot Ladybird], NHMSYS0000712592 [Harlequin Ladybird(2)], NHMSYS0000875567 [Red-tailed Bumblebee], NHMSYS0001387435 [Dark Bush-cricket], NHMSYS0020528153 [Common Garden Snail]`"
**ST580776**,"`NBNSYS0000005617 [Banded Demoiselle], NHMSYS0000712592 [Harlequin Ladybird]`"
**ST580777**,`NBNSYS0000005626 [Southern Hawker]`
**ST58077757**,`NHMSYS0001387435 [Dark Bush-cricket]`
**ST580778**,"`NBNSYS0000006897, NBNSYS0000008289 [24-spot Ladybird], NBNSYS0000022519, NBNSYS0000024244 [Common Red Soldier Beetle(3)], NBNSYS0100002030 [Vestal Cuckoo Bee], NHMSYS0020309360 [Meadow Plant Bug], NHMSYS0020309851`"
**ST580779**,`NBNSYS0000006446`
**ST580783**,"`NBNSYS0000006966(2), NBNSYS0000030162(2), NBNSYS0000030351 [Sheep-strike Greenbottle], NBNSYS0000033260, NBNSYS0100003109(3), NBNSYS0100004508(6), NHMSYS0000875423 [Western Honey Bee], NHMSYS0000875567 [Red-tailed Bumblebee(4)], NHMSYS0000875576 [Common Carder Bee(3)], NHMSYS0000875595 [Buff-tailed Bumblebee], NHMSYS0020152556`"
**ST58087854**,`NHMSYS0000332764 [Grey Squirrel]`
**ST58097622**,`NBNSYS0000005626 [Southern Hawker]`
**ST58097696**,`NHMSYS0020528153 [Common Garden Snail]`
**ST58107365**,`NHMSYS0000875564 [Tree Bumblebee]`
**ST58107432**,`NHMSYS0000712592 [Harlequin Ladybird]`
**ST58107739**,`NBNSYS0000007097`
**ST58107758**,`NBNSYS0000005645 [Common Darter]`
**ST58107809**,`NHMSYS0000332764 [Grey Squirrel]`
**ST58117352**,`NHMSYS0020705811 [Cuckoo-Spit Insect]`
**ST58117358**,`NHMSYS0001701949 [Brown-lipped Snail]`
**ST58117433**,`NHMSYS0000712592 [Harlequin Ladybird]`
**ST58127741**,`NHMSYS0020705811 [Cuckoo-Spit Insect]`
**ST58127758**,`NBNSYS0000005617 [Banded Demoiselle]`
**ST58127763**,`NHMSYS0020309315 [Ant Damsel Bug]`
**ST58127766**,"`NHMSYS0020109271 [Timothy Grassbug], NHMSYS0021583970 [Meadow Grasshopper]`"
**ST58127825**,"`NBNSYS0000008324 [7-spot Ladybird], NHMSYS0020109262`"
**ST58127855**,`NBNSYS0000133089`
**ST58137236**,`NHMSYS0000712592 [Harlequin Ladybird]`
**ST58137766**,"`NBNSYS0000005599 [Large Red Damselfly], NBNSYS0000005606 [Azure Damselfly(2)], NBNSYS0000005610 [Red-eyed Damselfly(3)], NBNSYS0000005630 [Emperor Dragonfly(2)]`"
**ST58137767**,`NBNSYS0000005606 [Azure Damselfly]`
**ST58147524**,`NBNSYS0000005645 [Common Darter]`
**ST58147768**,`NBNSYS0000005641 [Black-tailed Skimmer]`
**ST58157915**,`NHMSYS0020705811 [Cuckoo-Spit Insect]`
**ST581705**,"`NBNSYS0000008319 [2-spot Ladybird], NHMSYS0000712592 [Harlequin Ladybird]`"
**ST581715**,`NHMSYS0020528153 [Common Garden Snail]`
**ST581716**,"`NHMSYS0000875407 [Hairy-footed Flower Bee], NHMSYS0020528279 [Ghost Slug(2)]`"
**ST581721**,"`NBNSYS0000000004 [Cormorant], NBNSYS0000000025 [Coot], NHMSYS0020213805(2), NHMSYS0020528153 [Common Garden Snail], NHMSYS0020962539 [Black-headed Gull]`"
**ST581722**,"`NBNSYS0000011544 [Rose Chafer(2)], NBNSYS0000024942, NBNSYS0000024943 [Swollen-thighed Beetle], NHMSYS0000530307 [Rock Dove]`"
**ST581723**,"`NBNSYS0000000024 [Moorhen], NHMSYS0000530761 [Magpie], NHMSYS0001702150, NHMSYS0020528326, NHMSYS0021009894 [Iberian Threeband Slug]`"
**ST581729**,"`NHMSYS0000530309 [Woodpigeon], NHMSYS0020528153 [Common Garden Snail]`"
**ST581730**,`NHMSYS0000530247 [Goldfinch]`
**ST581732**,`NBNSYS0000008319 [2-spot Ladybird]`
**ST581734**,"`NBNSYS0000008324 [7-spot Ladybird], NHMSYS0000712592 [Harlequin Ladybird(2)]`"
**ST581736**,`NHMSYS0000530374 [Jay]`
**ST581737**,`NHMSYS0000875567 [Red-tailed Bumblebee]`
**ST581738**,"`NBNSYS0000006871, NBNSYS0000006964, NHMSYS0000875567 [Red-tailed Bumblebee]`"
**ST581739**,`NHMSYS0000712592 [Harlequin Ladybird]`
**ST581743**,"`NHMSYS0000712592 [Harlequin Ladybird(2)], NHMSYS0020302075`"
**ST581748**,`NHMSYS0000530674 [Blackbird]`
**ST581753**,`NBNSYS0000007057`
**ST581754**,`NHMSYS0020528135 [White-lipped Snail]`
**ST58177475**,`NHMSYS0020528153 [Common Garden Snail]`
**ST581775**,`NBNSYS0100002030 [Vestal Cuckoo Bee]`
**ST581776**,"`NBNSYS0000005610 [Red-eyed Damselfly(3)], NBNSYS0000005630 [Emperor Dragonfly], NBNSYS0000005645 [Common Darter], NBNSYS0000007095, NHMSYS0000344179 [Blue-tailed Damselfly(2)], NHMSYS0000544671 [Pike], NHMSYS0000875564 [Tree Bumblebee]`"
**ST58177794**,`NHMSYS0001702106 [Kentish Snail]`
**ST581778**,"`NBNSYS0000007098 [Hornet Hoverfly], NBNSYS0000008289 [24-spot Ladybird], NBNSYS0000133089, NHMSYS0020152218, NHMSYS0020309717`"
**ST581779**,"`NBNSYS0000005630 [Emperor Dragonfly], NBNSYS0000005637 [Broad-bodied Chaser(2)], NBNSYS0000007943 [Dark-edged Bee-fly], NBNSYS0000040188 [Hoverfly], NBNSYS0000050594 [Indet Horsefly(2)], NBNSYS0100005132 [Black-collared Carver], NHMSYS0000875177 [Ashy Mining Bee], NHMSYS0000875562 [Small Garden Bumblebee], NHMSYS0000875567 [Red-tailed Bumblebee], NHMSYS0000875570 [White-tailed Bumblebee], NHMSYS0000875576 [Common Carder Bee], NHMSYS0001701949 [Brown-lipped Snail(2)], NHMSYS0020109268 [Black Clock], NHMSYS0020109271 [Timothy Grassbug], NHMSYS0020309360 [Meadow Plant Bug], NHMSYS0020705811 [Cuckoo-Spit Insect], NHMSYS0021898013 [Common Earwig]`"
**ST581784**,"`NHMSYS0000530309 [Woodpigeon], NHMSYS0000530315 [Carrion Crow], NHMSYS0000530621 [Collared Dove], NHMSYS0000530633 [Blackcap], NHMSYS0000530671 [Wren], NHMSYS0000530678 [Song Thrush], NHMSYS0000530761 [Magpie], NHMSYS0001688296 [Blue Tit]`"
**ST58187292**,`NHMSYS0000712592 [Harlequin Ladybird]`
**ST58187581**,"`NBNSYS0000007069 [Greater Bulb-Fly], NBNSYS0000007098 [Hornet Hoverfly], NHMSYS0000875570 [White-tailed Bumblebee]`"
**ST58187822**,"`NBNSYS0000006951, NBNSYS0000008324 [7-spot Ladybird]`"
**ST58197549**,`NHMSYS0020705811 [Cuckoo-Spit Insect]`
**ST58197581**,`NHMSYS0000875403 [Fork-tailed Flower Bee]`
**ST58207829**,"`NBNSYS0000007054, NBNSYS0000007098 [Hornet Hoverfly], NBNSYS0000008324 [7-spot Ladybird], NHMSYS0020309144`"
**ST58217176**,`NBNSYS0000006208`
**ST58217363**,`NHMSYS0020705811 [Cuckoo-Spit Insect]`
**ST58237332**,`NHMSYS0001702050 [Girdled Snail]`
**ST58237334**,`NBNSYS0000007069 [Greater Bulb-Fly]`
**ST58237337**,`NBNSYS0000005606 [Azure Damselfly]`
**ST58247256**,`NHMSYS0000875595 [Buff-tailed Bumblebee]`
**ST58247334**,`NHMSYS0000875268 [Chocolate Mining Bee]`
**ST58247517**,`NHMSYS0000712592 [Harlequin Ladybird]`
**ST58247900**,`NBNSYS0000007098 [Hornet Hoverfly]`
**ST58257331**,`NHMSYS0021056362 [Great Pond Snail]`
**ST58267330**,"`NBNSYS0000005606 [Azure Damselfly], NBNSYS0000005624 [Common Hawker], NBNSYS0000005630 [Emperor Dragonfly]`"
**ST58267331**,`NBNSYS0000005626 [Southern Hawker]`
**ST582708**,`NBNSYS0000007943 [Dark-edged Bee-fly]`
**ST582713**,`NHMSYS0000530120 [Sparrowhawk]`
**ST582715**,`NHMSYS0000712592 [Harlequin Ladybird]`
**ST582720**,"`NBNSYS0000011200 [Hawthorn Leaf Beetle], NHMSYS0000875595 [Buff-tailed Bumblebee]`"
**ST582721**,"`NHMSYS0000530315 [Carrion Crow], NHMSYS0000530671 [Wren], NHMSYS0001688296 [Blue Tit], NHMSYS0020528153 [Common Garden Snail], NHMSYS0021002985 [Greenfinch]`"
**ST582726**,"`NBNSYS0000136210, NHMSYS0020308963`"
**ST582732**,"`BMSSYS0000050918, NHMSYS0021646110`"
**ST582733**,"`NBNSYS0000006727 [Leopard Slug], NBNSYS0000006912, NBNSYS0000007069 [Greater Bulb-Fly], NBNSYS0000008319 [2-spot Ladybird], NHMSYS0000875423 [Western Honey Bee], NHMSYS0000875576 [Common Carder Bee], NHMSYS0021056362 [Great Pond Snail]`"
**ST582734**,"`NBNSYS0000005060 [Common Frog], NBNSYS0000005637 [Broad-bodied Chaser], NBNSYS0100020744 [Ornate Brigadier]`"
**ST582735**,"`NBNSYS0000008289 [24-spot Ladybird], NHMSYS0000712592 [Harlequin Ladybird]`"
**ST582737**,`NHMSYS0000712592 [Harlequin Ladybird]`
**ST582738**,`NHMSYS0020528135 [White-lipped Snail]`
**ST582742**,`NHMSYS0001702244 [Strawberry Snail]`
**ST582747**,`NHMSYS0000530761 [Magpie]`
**ST582751**,`NHMSYS0000712592 [Harlequin Ladybird(2)]`
**ST582753**,"`NBNSYS0000005626 [Southern Hawker], NBNSYS0000005645 [Common Darter(2)], NHMSYS0000344179 [Blue-tailed Damselfly]`"
**ST582763**,"`NBNSYS0000006916 [Marmalade Hoverfly(2)], NBNSYS0000006966(3), NBNSYS0000007057(2), NBNSYS0000007061 [Batman Hoverfly(5)], NBNSYS0000007825 [Broad Centurion], NBNSYS0000030351 [Sheep-strike Greenbottle(8)], NBNSYS0000030978(4), NBNSYS0000156287, NBNSYS0100003109(3), NBNSYS0100004477, NBNSYS0100004508, NHMSYS0000875423 [Western Honey Bee(2)], NHMSYS0000875567 [Red-tailed Bumblebee(4)], NHMSYS0000875570 [White-tailed Bumblebee(2)], NHMSYS0000875576 [Common Carder Bee(3)], NHMSYS0000875595 [Buff-tailed Bumblebee], NHMSYS0000876174 [Common Furrow Bee], NHMSYS0000876193 [Green Furrow Bee], NHMSYS0020152556(4), NHMSYS0021199113`"
**ST582769**,`NBNSYS0000007887 [Large Marsh Horsefly]`
**ST58277329**,`NHMSYS0001702166 [Great Ramshorn]`
**ST582777**,`NBNSYS0000011132`
**ST582778**,"`NHMSYS0000332764 [Grey Squirrel], NHMSYS0000544665 [Common Carp]`"
**ST58277858**,`NBNSYS0000008324 [7-spot Ladybird]`
**ST582779**,"`NBNSYS0000007837 [Black Colonel], NBNSYS0000007972, NBNSYS0000007980, NBNSYS0000008330 [14-spot Ladybird], NBNSYS0000013504 [Dewberry Strider], NHMSYS0000875207 [Tawny Mining Bee], NHMSYS0001717495, NHMSYS0020109260 [Nettle Groundbug], NHMSYS0020308938 [Common Flower Bug], NHMSYS0020309231 [Tortoise Bug], NHMSYS0020309851, NHMSYS0020920014`"
**ST58287081**,"`NBNSYS0000005645 [Common Darter], NBNSYS0000006864, NBNSYS0000006964, NBNSYS0000007057, NBNSYS0000007094, NBNSYS0000008041, NBNSYS0000011544 [Rose Chafer], NBNSYS0000030337 [Common Bluebottle], NBNSYS0000030348 [Common Greenbottle], NBNSYS0000131631, NBNSYS0000137723, NBNSYS0000138916, NHMSYS0000309528, NHMSYS0000527548 [Water Measurer], NHMSYS0001701911 [Dusky Slug], NHMSYS0001701949 [Brown-lipped Snail], NHMSYS0001701992 [Rounded Snail], NHMSYS0001702143 [Pfeiffer's Amber Snail], NHMSYS0001702171 [Margined Ramshorn], NHMSYS0020109266 [Green Shieldbug], NHMSYS0020308885 [Hawthorn Shieldbug(2)], NHMSYS0020309921 [Bronze Shieldbug], NHMSYS0020528153 [Common Garden Snail(5)], NHMSYS0020528155 [Netted Field Slug], NHMSYS0020528292 [Atlantic Shelled Slug], NHMSYS0020705811 [Cuckoo-Spit Insect], NHMSYS0021056362 [Great Pond Snail], NHMSYS0021898013 [Common Earwig]`"
**ST58297435**,"`NBNSYS0000005599 [Large Red Damselfly(24)], NBNSYS0000005606 [Azure Damselfly(6)], NBNSYS0000005626 [Southern Hawker(7)], NBNSYS0000005637 [Broad-bodied Chaser], NBNSYS0000005645 [Common Darter]`"
**ST58307203**,`NHMSYS0000875595 [Buff-tailed Bumblebee]`
**ST58317331**,`NHMSYS0000875207 [Tawny Mining Bee]`
**ST58317334**,`NHMSYS0001701949 [Brown-lipped Snail]`
**ST58317349**,`NHMSYS0000875578 [Early Bumblebee]`
**ST58317363**,`NBNSYS0000007943 [Dark-edged Bee-fly]`
**ST5831877829**,`NHMSYS0020528292 [Atlantic Shelled Slug]`
**ST58327363**,`NHMSYS0000875177 [Ashy Mining Bee]`
**ST58327463**,`NHMSYS0020705811 [Cuckoo-Spit Insect]`
**ST58337285**,`NHMSYS0020705811 [Cuckoo-Spit Insect(5)]`
**ST58347271**,`NBNSYS0000006208`
**ST58347408**,`NHMSYS0020705811 [Cuckoo-Spit Insect]`
**ST58347773**,`NHMSYS0000875564 [Tree Bumblebee]`
**ST58367277**,`NHMSYS0000712592 [Harlequin Ladybird]`
**ST58367630**,`NHMSYS0000712592 [Harlequin Ladybird]`
**ST583710**,`NHMSYS0000462335 [Japanese Knotweed]`
**ST583712**,`NBNSYS0000000038 [Herring Gull]`
**ST583719**,"`NBNSYS0000005599 [Large Red Damselfly], NBNSYS0000005602 [Common Blue Damselfly]`"
**ST583720**,`NHMSYS0001702050 [Girdled Snail]`
**ST583721**,`NHMSYS0000530133 [Long-tailed Tit]`
**ST583724**,"`NBNSYS0000008319 [2-spot Ladybird], NBNSYS0000008324 [7-spot Ladybird]`"
**ST583725**,`NHMSYS0000876509 [Red Mason Bee]`
**ST583726**,"`NBNSYS0000000036 [Great Black-backed Gull], NBNSYS0000007098 [Hornet Hoverfly], NHMSYS0000530307 [Rock Dove], NHMSYS0000530309 [Woodpigeon], NHMSYS0000530674 [Blackbird], NHMSYS0000530761 [Magpie], NHMSYS0000530790 [Dunnock], NHMSYS0001688296 [Blue Tit(2)]`"
**ST583727**,"`NBNSYS0000006959, NBNSYS0000025149, NHMSYS0000309700 [Great Scented Liverwort], NHMSYS0000530247 [Goldfinch], NHMSYS0000530307 [Rock Dove], NHMSYS0000875578 [Early Bumblebee]`"
**ST583728**,"`NBNSYS0000000037 [Lesser Black-backed Gull], NHMSYS0000332764 [Grey Squirrel], NHMSYS0020705811 [Cuckoo-Spit Insect(2)]`"
**ST583733**,"`NBNSYS0000006727 [Leopard Slug], NBNSYS0000006912, NBNSYS0000007098 [Hornet Hoverfly], NHMSYS0000875576 [Common Carder Bee], NHMSYS0000876427 [Gooden's Nomad Bee]`"
**ST583734**,`NHMSYS0021194764`
**ST583735**,`NHMSYS0000875423 [Western Honey Bee]`
**ST583737**,"`NHMSYS0000462335 [Japanese Knotweed], NHMSYS0020476639 [Western Conifer Seed Bug(2)]`"
**ST583752**,`NHMSYS0020528135 [White-lipped Snail]`
**ST583754**,`NHMSYS0020528153 [Common Garden Snail]`
**ST583763**,`NBNSYS0000005630 [Emperor Dragonfly]`
**ST58377271**,`NBNSYS0000006446`
**ST58397245**,`NBNSYS0000008330 [14-spot Ladybird]`
**ST58397273**,`NHMSYS0020309624 [Red-legged Shieldbug]`
**ST58397346**,`NHMSYS0000875567 [Red-tailed Bumblebee]`
**ST58407529**,`NHMSYS0001702106 [Kentish Snail]`
**ST58417443**,`NHMSYS0000712592 [Harlequin Ladybird]`
**ST58427809**,`NBNSYS0000006842 [Field Grasshopper]`
**ST58437211**,`NHMSYS0000712592 [Harlequin Ladybird]`
**ST58447103**,"`NBNSYS0000008330 [14-spot Ladybird], NHMSYS0020309271 [Box Bug]`"
**ST58447491**,`NHMSYS0020705811 [Cuckoo-Spit Insect]`
**ST58457640**,`NHMSYS0020705811 [Cuckoo-Spit Insect]`
**ST58467341**,`NHMSYS0000875407 [Hairy-footed Flower Bee]`
**ST584704**,`NBNSYS0000005617 [Banded Demoiselle]`
**ST584707**,`NHMSYS0000462335 [Japanese Knotweed]`
**ST584712**,"`NBNSYS0000000037 [Lesser Black-backed Gull], NHMSYS0000530307 [Rock Dove]`"
**ST584719**,`NBNSYS0000008319 [2-spot Ladybird]`
**ST584720**,"`NHMSYS0000530533 [Great Tit], NHMSYS0020705811 [Cuckoo-Spit Insect]`"
**ST584722**,`NBNSYS0000000004 [Cormorant]`
**ST584723**,`NBNSYS0000000037 [Lesser Black-backed Gull]`
**ST584724**,"`NBNSYS0000005599 [Large Red Damselfly], NHMSYS0000309941 [Common Liverwort(2)], NHMSYS0020213805`"
**ST584725**,"`NHMSYS0000462335 [Japanese Knotweed], NHMSYS0000530628 [Starling]`"
**ST584726**,"`NBNSYS0000000037 [Lesser Black-backed Gull], NBNSYS0000000038 [Herring Gull(2)], NHMSYS0000530307 [Rock Dove], NHMSYS0000530761 [Magpie]`"
**ST584729**,`NHMSYS0000530494 [Grey Wagtail]`
**ST584734**,`NBNSYS0000005602 [Common Blue Damselfly]`
**ST584744**,"`NBNSYS0000006727 [Leopard Slug], NHMSYS0001702050 [Girdled Snail(2)]`"
**ST584747**,"`NBNSYS0000008330 [14-spot Ladybird], NHMSYS0000712592 [Harlequin Ladybird(7)], NHMSYS0020302075(4), NHMSYS0020302077, NHMSYS0020705811 [Cuckoo-Spit Insect]`"
**ST584750**,`NHMSYS0020528153 [Common Garden Snail]`
**ST584753**,"`NHMSYS0020528135 [White-lipped Snail], NHMSYS0020528153 [Common Garden Snail(3)]`"
**ST584754**,"`NBNSYS0000006771 [Lapidary Snail], NHMSYS0001702050 [Girdled Snail]`"
**ST584760**,`NHMSYS0000712592 [Harlequin Ladybird]`
**ST584768**,`NHMSYS0000712592 [Harlequin Ladybird]`
**ST58477076**,`NHMSYS0000462335 [Japanese Knotweed]`
**ST584772**,"`NBNSYS0000007943 [Dark-edged Bee-fly], NHMSYS0001387418 [Oak Bush-cricket]`"
**ST584773**,`NBNSYS0000007052`
**ST58477479**,`NBNSYS0000008324 [7-spot Ladybird]`
**ST584776**,`NHMSYS0020480901 [Alder Clubhorn]`
**ST58477691**,`NHMSYS0020705811 [Cuckoo-Spit Insect]`
**ST584777**,"`NBNSYS0000006916 [Marmalade Hoverfly(3)], NBNSYS0000007047(2), NBNSYS0000007051, NBNSYS0000007054, NBNSYS0000007057(3), NBNSYS0000007110, NBNSYS0000011544 [Rose Chafer], NBNSYS0000030162, NBNSYS0000156287, NBNSYS0100004508, NHMSYS0000873237 [Small Black Ant], NHMSYS0000875423 [Western Honey Bee(3)], NHMSYS0000875576 [Common Carder Bee(2)], NHMSYS0000875578 [Early Bumblebee], NHMSYS0000875595 [Buff-tailed Bumblebee]`"
**ST58477702**,`NHMSYS0001701949 [Brown-lipped Snail]`
**ST58477728**,`NBNSYS0000008319 [2-spot Ladybird]`
**ST584781**,`NBNSYS0000008324 [7-spot Ladybird]`
**ST584784**,`NBNSYS0000005617 [Banded Demoiselle]`
**ST58487562**,"`NBNSYS0000006727 [Leopard Slug], NHMSYS0001702070 [Green Cellar Slug]`"
**ST58487701**,`NHMSYS0020528153 [Common Garden Snail]`
**ST58487728**,`NBNSYS0000005637 [Broad-bodied Chaser]`
**ST58487809**,`NHMSYS0020528153 [Common Garden Snail]`
**ST58497517**,`NHMSYS0000712592 [Harlequin Ladybird]`
**ST58497731**,`NBNSYS0000011449 [Lesser Stag Beetle]`
**ST58507106**,`NHMSYS0000876435 [Lathbury's Nomad Bee]`
**ST58507730**,`NBNSYS0000006916 [Marmalade Hoverfly]`
**ST58517206**,`NBNSYS0000007098 [Hornet Hoverfly]`
**ST58527527**,`NBNSYS0000005626 [Southern Hawker]`
**ST58527690**,`NHMSYS0000712592 [Harlequin Ladybird]`
**ST58557442**,`NHMSYS0020309032`
**ST58557579**,`NHMSYS0000875564 [Tree Bumblebee]`
**ST58567809**,`NHMSYS0020309177 [Hairy Shieldbug]`
**ST58567810**,`NBNSYS0000007095`
**ST58567811**,"`NBNSYS0000006916 [Marmalade Hoverfly], NBNSYS0000133089`"
**ST58567812**,"`NBNSYS0000007054, NBNSYS0000007097, NBNSYS0000007098 [Hornet Hoverfly(2)], NHMSYS0001702050 [Girdled Snail], NHMSYS0020528153 [Common Garden Snail]`"
**ST585711**,"`NBNSYS0000025018, NHMSYS0000712592 [Harlequin Ladybird]`"
**ST585718**,"`NBNSYS0000008319 [2-spot Ladybird], NHMSYS0020109266 [Green Shieldbug]`"
**ST585720**,`NHMSYS0020962539 [Black-headed Gull]`
**ST585721**,`NBNSYS0000008320 [10-spot Ladybird]`
**ST585722**,`NBNSYS0000007052`
**ST585724**,"`NBNSYS0000000004 [Cormorant], NBNSYS0000006809 [Zebra Mussel], NHMSYS0020936787, NHMSYS0021050246 [Demon Shrimp], NHMSYS0021199932`"
**ST585725**,"`NBNSYS0000000004 [Cormorant], NHMSYS0000530307 [Rock Dove]`"
**ST585726**,"`NBNSYS0000000024 [Moorhen], NHMSYS0020213805`"
**ST585727**,"`NHMSYS0000530493 [Pied Wagtail], NHMSYS0000530761 [Magpie]`"
**ST585728**,`NHMSYS0000530309 [Woodpigeon]`
**ST585729**,"`NBNSYS0000000004 [Cormorant(2)], NHMSYS0000530141 [Kingfisher], NHMSYS0000530309 [Woodpigeon(2)], NHMSYS0000530315 [Carrion Crow], NHMSYS0000530628 [Starling], NHMSYS0000530633 [Blackcap], NHMSYS0000530673 [Redwing], NHMSYS0000530674 [Blackbird], NHMSYS0000530739 [Robin(4)], NHMSYS0000530761 [Magpie]`"
**ST585733**,`NHMSYS0000530761 [Magpie]`
**ST585755**,`NBNSYS0000008332 [Orange Ladybird]`
**ST585772**,"`NBNSYS0000006937, NBNSYS0000007061 [Batman Hoverfly], NBNSYS0000007097, NBNSYS0000007825 [Broad Centurion], NBNSYS0000011449 [Lesser Stag Beetle]`"
**ST585773**,`NBNSYS0000007069 [Greater Bulb-Fly(2)]`
**ST58577808**,`NHMSYS0020528153 [Common Garden Snail]`
**ST58577809**,`NBNSYS0000006842 [Field Grasshopper]`
**ST58577810**,"`NBNSYS0000006933, NHMSYS0021583970 [Meadow Grasshopper]`"
**ST58577811**,"`NBNSYS0000007061 [Batman Hoverfly], NHMSYS0001702057 [Common Chrysalis Snail]`"
**ST58577812**,"`NBNSYS0000006916 [Marmalade Hoverfly], NBNSYS0000006933`"
**ST585781**,`NBNSYS0000008324 [7-spot Ladybird]`
**ST585792**,"`NBNSYS0000013812(4), NHMSYS0021122436(5)`"
**ST585793**,`NHMSYS0000530309 [Woodpigeon]`
**ST58587323**,`NHMSYS0000712592 [Harlequin Ladybird]`
**ST58587410**,`NBNSYS0100002538 [Ivy Bee]`
**ST58587488**,`NBNSYS0000005616 [Beautiful Demoiselle]`
**ST58597442**,`NHMSYS0000712592 [Harlequin Ladybird(3)]`
**ST58607189**,`NHMSYS0000712592 [Harlequin Ladybird]`
**ST58607489**,`NBNSYS0000005626 [Southern Hawker]`
**ST58607542**,`NHMSYS0020302075`
**ST58617298**,`NBNSYS0000008330 [14-spot Ladybird]`
**ST58617815**,"`NBNSYS0000008334 [22-spot Ladybird], NHMSYS0020309231 [Tortoise Bug]`"
**ST58627104**,`NBNSYS0000007943 [Dark-edged Bee-fly]`
**ST58637429**,`NHMSYS0000712592 [Harlequin Ladybird]`
**ST58647359**,`NHMSYS0020476639 [Western Conifer Seed Bug]`
**ST58657330**,`NHMSYS0000712592 [Harlequin Ladybird]`
**ST58657740**,`NBNSYS0000005626 [Southern Hawker]`
**ST58657741**,`NBNSYS0000007098 [Hornet Hoverfly]`
**ST586718**,"`NBNSYS0000008319 [2-spot Ladybird(2)], NBNSYS0000133089, NHMSYS0020109262, NHMSYS0020528153 [Common Garden Snail]`"
**ST586720**,`NHMSYS0000530133 [Long-tailed Tit]`
**ST586721**,`NBNSYS0000008324 [7-spot Ladybird]`
**ST586723**,`NBNSYS0000008319 [2-spot Ladybird]`
**ST586724**,`NBNSYS0000000009 [Canada Goose]`
**ST586726**,"`NHMSYS0000530307 [Rock Dove], NHMSYS0000530315 [Carrion Crow], NHMSYS0000530761 [Magpie]`"
**ST586728**,`NBNSYS0000000024 [Moorhen]`
**ST586729**,`NHMSYS0020528153 [Common Garden Snail]`
**ST586730**,"`NBNSYS0000018941, NHMSYS0001484847, NHMSYS0001493019, NHMSYS0020528153 [Common Garden Snail], NHMSYS0021442515`"
**ST586731**,`NHMSYS0021442515`
**ST586733**,`NHMSYS0020476639 [Western Conifer Seed Bug(2)]`
**ST586742**,"`NHMSYS0000530309 [Woodpigeon], NHMSYS0000530374 [Jay]`"
**ST586743**,"`NBNSYS0000008324 [7-spot Ladybird], NHMSYS0000712592 [Harlequin Ladybird(2)]`"
**ST586747**,"`NBNSYS0000005626 [Southern Hawker], NHMSYS0001387471 [Great Green Bush-cricket(3)]`"
**ST586748**,`NBNSYS0000006916 [Marmalade Hoverfly]`
**ST586749**,`NHMSYS0000460065 [Curly Waterweed]`
**ST586755**,`NHMSYS0000712592 [Harlequin Ladybird]`
**ST586756**,`NHMSYS0020705811 [Cuckoo-Spit Insect]`
**ST586762**,`NHMSYS0020528153 [Common Garden Snail]`
**ST58677103**,`NHMSYS0001702070 [Green Cellar Slug]`
**ST586777**,`NBNSYS0000007098 [Hornet Hoverfly]`
**ST586786**,"`NBNSYS0000006867, NBNSYS0000029527(2), NBNSYS0000030037, NHMSYS0000875423 [Western Honey Bee], NHMSYS0021819011`"
**ST586787**,"`NHMSYS0000875423 [Western Honey Bee(2)], NHMSYS0000875576 [Common Carder Bee], NHMSYS0000875595 [Buff-tailed Bumblebee]`"
**ST586790**,`NBNSYS0000005637 [Broad-bodied Chaser]`
**ST58687062**,`NBNSYS0000007943 [Dark-edged Bee-fly]`
**ST58687825**,`NHMSYS0021583970 [Meadow Grasshopper]`
**ST58697620**,`NBNSYS0000005616 [Beautiful Demoiselle]`
**ST5870**,"`NBNSYS0000006916 [Marmalade Hoverfly(4)], NBNSYS0000007057, NBNSYS0000007098 [Hornet Hoverfly], NBNSYS0000011544 [Rose Chafer(2)], NBNSYS0000024943 [Swollen-thighed Beetle(2)], NBNSYS0000136578 [Pipistrelle Bat species], NHMSYS0000527548 [Water Measurer(2)], NHMSYS0000712592 [Harlequin Ladybird(2)], NHMSYS0000873237 [Small Black Ant], NHMSYS0000875423 [Western Honey Bee], NHMSYS0000875564 [Tree Bumblebee(9)], NHMSYS0000875578 [Early Bumblebee], NHMSYS0000876223 [Yellow Meadow Ant], NHMSYS0020001355 [Common Pipistrelle], NHMSYS0020109266 [Green Shieldbug(7)], NHMSYS0020308885 [Hawthorn Shieldbug(2)], NHMSYS0020309235 [Woundwort Shieldbug], NHMSYS0021898013 [Common Earwig(2)]`"
**ST5871**,"`NBNSYS0000000037 [Lesser Black-backed Gull(3)], NBNSYS0000000038 [Herring Gull(3)], NHMSYS0000528024 [Bechstein's Bat], NHMSYS0000530358 [Kestrel], NHMSYS0000530533 [Great Tit], NHMSYS0000730335 [Castor Bean Tick(5)], NHMSYS0000875177 [Ashy Mining Bee(2)], NHMSYS0000875207 [Tawny Mining Bee(2)], NHMSYS0000875423 [Western Honey Bee(23)], NHMSYS0000875546 [Field Cuckoo Bee], NHMSYS0000875562 [Small Garden Bumblebee], NHMSYS0000875564 [Tree Bumblebee(16)], NHMSYS0000875567 [Red-tailed Bumblebee(13)], NHMSYS0000875576 [Common Carder Bee(16)], NHMSYS0000875578 [Early Bumblebee(2)], NHMSYS0000875595 [Buff-tailed Bumblebee(39)], NHMSYS0020528153 [Common Garden Snail], NHMSYS0020936546(2), NHMSYS0020962539 [Black-headed Gull]`"
**ST5872**,"`BMSSYS0000001357, NBNSYS0000000010 [Mute Swan(23)], NBNSYS0000000037 [Lesser Black-backed Gull(10)], NBNSYS0000000038 [Herring Gull(2)], NBNSYS0000005072 [Slow-worm], NBNSYS0000013830 [Knotty Shining Claw], NBNSYS0000018579, NBNSYS0000018934, NBNSYS0000030252, NBNSYS0000030261, NBNSYS0000030762, NBNSYS0000040751, NBNSYS0000147457, NHMSYS0000080159 [Common Toad], NHMSYS0000080213 [Black Rat(2)], NHMSYS0000530628 [Starling(2)], NHMSYS0000530739 [Robin], NHMSYS0000544718 [Perch], NHMSYS0001387417, NHMSYS0001476799, NHMSYS0001484847, NHMSYS0001486984, NHMSYS0001489123, NHMSYS0001493685, NHMSYS0001501925 [Common Orange Lichen], NHMSYS0020151686 [Rosemary Beetle], NHMSYS0020194827 [Smooth Newt], NHMSYS0020528153 [Common Garden Snail], NHMSYS0020705811 [Cuckoo-Spit Insect], NHMSYS0020962539 [Black-headed Gull], NHMSYS0020977729 [Southern Oak Bush-cricket]`"
**ST58727328**,`NBNSYS0000006446`
**ST58727438**,`NHMSYS0000875564 [Tree Bumblebee]`
**ST58727532**,`NHMSYS0000310185 [Forked Veilwort]`
**ST5873**,"`NBNSYS0000000010 [Mute Swan(3)], NBNSYS0000000035 [Dunlin], NBNSYS0000000037 [Lesser Black-backed Gull(8)], NBNSYS0000000038 [Herring Gull(7)], NBNSYS0000005599 [Large Red Damselfly(2)], NBNSYS0000005606 [Azure Damselfly], NBNSYS0000005625 [Brown Hawker], NBNSYS0000005637 [Broad-bodied Chaser], NBNSYS0000007047, NBNSYS0000007069 [Greater Bulb-Fly(2)], NBNSYS0000025339 [Iris Weevil], NBNSYS0000030633, NBNSYS0000036512 [Common Cord-moss], NBNSYS0000040751(2), NHMSYS0000080212 [Brown Rat], NHMSYS0000309660 [Bifid Crestwort], NHMSYS0000309902 [Dilated Scalewort], NHMSYS0000309936 [Crescent-cup Liverwort], NHMSYS0000310185 [Forked Veilwort], NHMSYS0000310721 [Marble Screw-moss], NHMSYS0000530120 [Sparrowhawk(4)], NHMSYS0000530130 [Reed Warbler], NHMSYS0000530133 [Long-tailed Tit], NHMSYS0000530579 [Goldcrest], NHMSYS0000530628 [Starling(2)], NHMSYS0000530671 [Wren(2)], NHMSYS0000530674 [Blackbird(3)], NHMSYS0000530739 [Robin(10)], NHMSYS0000530790 [Dunnock], NHMSYS0001688296 [Blue Tit(2)], NHMSYS0001688300 [Coal Tit], NHMSYS0020109266 [Green Shieldbug], NHMSYS0020528135 [White-lipped Snail(3)], NHMSYS0020705811 [Cuckoo-Spit Insect(3)], NHMSYS0020962539 [Black-headed Gull(7)], NHMSYS0021898013 [Common Earwig]`"
**ST58737537**,`NBNSYS0000007942 [Dotted Bee-fly]`
**ST5874**,"`NBNSYS0000002997 [Night-flowering Catchfly], NBNSYS0000005599 [Large Red Damselfly(31)], NBNSYS0000005606 [Azure Damselfly(7)], NBNSYS0000005626 [Southern Hawker(9)], NBNSYS0000005630 [Emperor Dragonfly], NBNSYS0000005637 [Broad-bodied Chaser(3)], NBNSYS0000005645 [Common Darter(8)], NBNSYS0000012946, NBNSYS0000012949, NBNSYS0000012951(2), NBNSYS0000012958(5), NBNSYS0000040751(2), NHMSYS0000530247 [Goldfinch], NHMSYS0000730335 [Castor Bean Tick(2)], NHMSYS0020151686 [Rosemary Beetle], NHMSYS0020302075`"
**ST5875**,"`NBNSYS0000000037 [Lesser Black-backed Gull], NBNSYS0000005599 [Large Red Damselfly(14)], NBNSYS0000005602 [Common Blue Damselfly(7)], NBNSYS0000005606 [Azure Damselfly(6)], NBNSYS0000005626 [Southern Hawker], NBNSYS0000005630 [Emperor Dragonfly], NBNSYS0000005645 [Common Darter(9)], NBNSYS0000006825 [Speckled Bush-cricket], NBNSYS0000024244 [Common Red Soldier Beetle], NBNSYS0000030625, NBNSYS0100004890 [Blackbottle], NHMSYS0000530537 [House Sparrow(5)], NHMSYS0000530628 [Starling(10)], NHMSYS0000530633 [Blackcap], NHMSYS0000530674 [Blackbird(3)], NHMSYS0000530739 [Robin], NHMSYS0000530790 [Dunnock(4)], NHMSYS0000730335 [Castor Bean Tick(2)], NHMSYS0001688296 [Blue Tit(2)], NHMSYS0020528153 [Common Garden Snail(2)]`"
**ST58757552**,`NHMSYS0020705811 [Cuckoo-Spit Insect(2)]`
**ST58757640**,`NHMSYS0000712592 [Harlequin Ladybird(2)]`
**ST5876**,"`NBNSYS0000000004 [Cormorant(2)], NBNSYS0000000006 [Grey Heron(4)], NBNSYS0000000032 [Curlew], NBNSYS0000000037 [Lesser Black-backed Gull(49)], NBNSYS0000000038 [Herring Gull(34)], NBNSYS0000005599 [Large Red Damselfly(13)], NBNSYS0000005602 [Common Blue Damselfly(8)], NBNSYS0000005606 [Azure Damselfly(3)], NBNSYS0000005626 [Southern Hawker(5)], NBNSYS0000005630 [Emperor Dragonfly(3)], NBNSYS0000005637 [Broad-bodied Chaser(2)], NBNSYS0000005645 [Common Darter(14)], NBNSYS0100004720 [Soprano Pipistrelle], NHMSYS0000080188 [Red Fox(5)], NHMSYS0000080219 [Rabbit], NHMSYS0000332764 [Grey Squirrel(13)], NHMSYS0000503827 [Large White(5)], NHMSYS0000503832 [Small White(9)], NHMSYS0000503893 [Comma], NHMSYS0000516260 [Holly Blue], NHMSYS0000516630 [Green-veined White(5)], NHMSYS0000521977 [Meadow Brown], NHMSYS0000522857 [Gatekeeper(6)], NHMSYS0000523344 [Speckled Wood(10)], NHMSYS0000530120 [Sparrowhawk], NHMSYS0000530133 [Long-tailed Tit(5)], NHMSYS0000530165 [Swift(35)], NHMSYS0000530247 [Goldfinch(40)], NHMSYS0000530307 [Rock Dove(58)], NHMSYS0000530308 [Stock Dove], NHMSYS0000530309 [Woodpigeon(61)], NHMSYS0000530315 [Carrion Crow(61)], NHMSYS0000530362 [Pied Flycatcher], NHMSYS0000530367 [Chaffinch(34)], NHMSYS0000530374 [Jay(11)], NHMSYS0000530406 [Swallow(8)], NHMSYS0000530493 [Pied Wagtail(3)], NHMSYS0000530514 [Wheatear], NHMSYS0000530533 [Great Tit(42)], NHMSYS0000530537 [House Sparrow(61)], NHMSYS0000530579 [Goldcrest], NHMSYS0000530621 [Collared Dove(59)], NHMSYS0000530628 [Starling(65)], NHMSYS0000530633 [Blackcap(19)], NHMSYS0000530634 [Garden Warbler(2)], NHMSYS0000530671 [Wren(60)], NHMSYS0000530674 [Blackbird(63)], NHMSYS0000530678 [Song Thrush(7)], NHMSYS0000530682 [Mistle Thrush(3)], NHMSYS0000530739 [Robin(59)], NHMSYS0000530749 [Chiffchaff(4)], NHMSYS0000530759 [Willow Warbler(2)], NHMSYS0000530761 [Magpie(59)], NHMSYS0000530790 [Dunnock(57)], NHMSYS0000730335 [Castor Bean Tick], NHMSYS0000875423 [Western Honey Bee(59)], NHMSYS0000875562 [Small Garden Bumblebee(9)], NHMSYS0000875564 [Tree Bumblebee(15)], NHMSYS0000875567 [Red-tailed Bumblebee(9)], NHMSYS0000875576 [Common Carder Bee(32)], NHMSYS0000875578 [Early Bumblebee(3)], NHMSYS0000875595 [Buff-tailed Bumblebee(30)], NHMSYS0001688296 [Blue Tit(60)], NHMSYS0001688300 [Coal Tit(8)], NHMSYS0020001355 [Common Pipistrelle(28)], NHMSYS0020302075, NHMSYS0020772188 [White/Buff-tailed Bumblebee workers(17)], NHMSYS0020936546(23), NHMSYS0021002985 [Greenfinch(47)], NHMSYS0021178877 [Jackdaw(26)], NHMSYS0021311327 [Whitethroat]`"
**ST58767420**,`NHMSYS0020302077`
**ST58767570**,`NHMSYS0020705811 [Cuckoo-Spit Insect]`
**ST5877**,"`NBNSYS0000000004 [Cormorant(8)], NBNSYS0000000006 [Grey Heron(26)], NBNSYS0000000007 [Mallard(65)], NBNSYS0000000009 [Canada Goose(4)], NBNSYS0000000024 [Moorhen(68)], NBNSYS0000000025 [Coot(4)], NBNSYS0000000037 [Lesser Black-backed Gull(30)], NBNSYS0000000038 [Herring Gull(30)], NBNSYS0000000139 [Tufted Duck], NBNSYS0000005599 [Large Red Damselfly], NBNSYS0000005602 [Common Blue Damselfly], NBNSYS0000005626 [Southern Hawker], NBNSYS0000008318 [16-spot Ladybird], NHMSYS0000344179 [Blue-tailed Damselfly], NHMSYS0000530120 [Sparrowhawk(3)], NHMSYS0000530130 [Reed Warbler], NHMSYS0000530141 [Kingfisher(11)], NHMSYS0000530309 [Woodpigeon], NHMSYS0000530313 [Raven(6)], NHMSYS0000530315 [Carrion Crow(55)], NHMSYS0000530494 [Grey Wagtail(33)], NHMSYS0000530628 [Starling(31)], NHMSYS0000530790 [Dunnock], NHMSYS0000730335 [Castor Bean Tick], NHMSYS0000875567 [Red-tailed Bumblebee], NHMSYS0000875578 [Early Bumblebee], NHMSYS0001688296 [Blue Tit], NHMSYS0001702070 [Green Cellar Slug], NHMSYS0020109266 [Green Shieldbug], NHMSYS0020528153 [Common Garden Snail], NHMSYS0020962539 [Black-headed Gull(13)], NHMSYS0021053542 [Common Sandpiper], NHMSYS0021178877 [Jackdaw(42)]`"
**ST587704**,"`NBNSYS0000030074, NBNSYS0000030240, NBNSYS0000030557`"
**ST587705**,"`NBNSYS0000030074, NBNSYS0000030502`"
**ST587715**,`NBNSYS0000008525`
**ST587716**,`NHMSYS0020962539 [Black-headed Gull]`
**ST587719**,"`NBNSYS0000036310 [Wall Screw-moss], NHMSYS0000530307 [Rock Dove]`"
**ST587721**,"`NBNSYS0000036712 [Straw Bristle-moss], NBNSYS0000036714 [Slender Bristle-moss], NHMSYS0000309714 [Lateral Cryphaea], NHMSYS0000309902 [Dilated Scalewort], NHMSYS0021601247 [Wood Bristle-moss], NHMSYS0021601287 [Lyell's Bristle-moss]`"
**ST587724**,"`NBNSYS0000000038 [Herring Gull], NHMSYS0000530533 [Great Tit], NHMSYS0000530761 [Magpie]`"
**ST587725**,"`NHMSYS0000530761 [Magpie], NHMSYS0001688296 [Blue Tit], NHMSYS0020476639 [Western Conifer Seed Bug(2)], NHMSYS0021178877 [Jackdaw]`"
**ST587726**,`NBNSYS0000000037 [Lesser Black-backed Gull]`
**ST587735**,`NBNSYS0000011321 [Cabbage-stem Flea Beetle]`
**ST587740**,`NHMSYS0000530628 [Starling]`
**ST587744**,`NHMSYS0000712592 [Harlequin Ladybird]`
**ST587753**,"`NBNSYS0000011045 [Wasp Beetle], NBNSYS0000011054, NHMSYS0001701949 [Brown-lipped Snail], NHMSYS0020109270, NHMSYS0020152218, NHMSYS0020528135 [White-lipped Snail]`"
**ST587754**,`NBNSYS0000008320 [10-spot Ladybird]`
**ST587767**,`NHMSYS0020705811 [Cuckoo-Spit Insect]`
**ST58777684**,`NHMSYS0020705811 [Cuckoo-Spit Insect]`
**ST587785**,`NBNSYS0000024401 [Malachite Beetle]`
**ST587786**,"`NBNSYS0000007047(3), NBNSYS0000007110, NBNSYS0100004508, NHMSYS0000875171 [Gwynne's Mining Bee], NHMSYS0000875595 [Buff-tailed Bumblebee(3)]`"
**ST5878**,"`NBNSYS0000000027 [Lapwing(2)], NBNSYS0000000037 [Lesser Black-backed Gull(3)], NBNSYS0000000038 [Herring Gull], NHMSYS0000530120 [Sparrowhawk], NHMSYS0000530165 [Swift(4)], NHMSYS0000530247 [Goldfinch], NHMSYS0000530358 [Kestrel(2)], NHMSYS0000530367 [Chaffinch(4)], NHMSYS0000530533 [Great Tit(5)], NHMSYS0000530537 [House Sparrow(7)], NHMSYS0000530579 [Goldcrest], NHMSYS0000530625 [Tawny Owl], NHMSYS0000530628 [Starling(12)], NHMSYS0000530674 [Blackbird(19)], NHMSYS0000530678 [Song Thrush(3)], NHMSYS0000530682 [Mistle Thrush], NHMSYS0000530739 [Robin(2)], NHMSYS0000730335 [Castor Bean Tick], NHMSYS0001688296 [Blue Tit(10)], NHMSYS0001688303 [Marsh Tit], NHMSYS0021002985 [Greenfinch(36)]`"
**ST5879**,"`NHMSYS0000080218 [Brown Hare], NHMSYS0000530247 [Goldfinch(2)], NHMSYS0021002985 [Greenfinch]`"
**ST58797117**,`NHMSYS0021666468 [Balkan Threeband Slug]`
**ST58797359**,`NBNSYS0000007098 [Hornet Hoverfly]`
**ST58807518**,`NBNSYS0100000334`
**ST58807530**,`NBNSYS0100000402`
**ST58817623**,`NHMSYS0020705811 [Cuckoo-Spit Insect]`
**ST58837232**,`NBNSYS0000005616 [Beautiful Demoiselle]`
**ST58847745**,`NBNSYS0000007098 [Hornet Hoverfly]`
**ST58867402**,`NBNSYS0000007098 [Hornet Hoverfly]`
**ST58867742**,`NBNSYS0000007098 [Hornet Hoverfly]`
**ST588713**,`NHMSYS0000875171 [Gwynne's Mining Bee]`
**ST588714**,`NHMSYS0000462335 [Japanese Knotweed]`
**ST588716**,"`NBNSYS0000000038 [Herring Gull], NBNSYS0000006916 [Marmalade Hoverfly], NBNSYS0000011116 [Lily Beetle], NHMSYS0000530133 [Long-tailed Tit], NHMSYS0000530307 [Rock Dove], NHMSYS0000530309 [Woodpigeon], NHMSYS0000530537 [House Sparrow(2)], NHMSYS0000530739 [Robin], NHMSYS0000530761 [Magpie], NHMSYS0000712592 [Harlequin Ladybird], NHMSYS0000873237 [Small Black Ant], NHMSYS0001688296 [Blue Tit], NHMSYS0020528135 [White-lipped Snail], NHMSYS0020528153 [Common Garden Snail], NHMSYS0020977729 [Southern Oak Bush-cricket]`"
**ST588718**,"`NHMSYS0000530309 [Woodpigeon], NHMSYS0000530761 [Magpie]`"
**ST588722**,`NHMSYS0000530739 [Robin]`
**ST588723**,"`NBNSYS0000005616 [Beautiful Demoiselle], NBNSYS0000024296, NHMSYS0000530621 [Collared Dove]`"
**ST588725**,`NHMSYS0000530315 [Carrion Crow]`
**ST588726**,"`NBNSYS0000000037 [Lesser Black-backed Gull], NBNSYS0000000038 [Herring Gull], NHMSYS0000530307 [Rock Dove], NHMSYS0000530315 [Carrion Crow(2)], NHMSYS0000530761 [Magpie], NHMSYS0001688296 [Blue Tit]`"
**ST588728**,`NHMSYS0000530307 [Rock Dove]`
**ST588733**,`NHMSYS0000712592 [Harlequin Ladybird]`
**ST588734**,`NHMSYS0000530307 [Rock Dove]`
**ST588746**,`NHMSYS0020309142`
**ST588751**,"`NHMSYS0020528135 [White-lipped Snail], NHMSYS0020528153 [Common Garden Snail(2)]`"
**ST588756**,`NHMSYS0020528153 [Common Garden Snail]`
**ST588763**,`NHMSYS0020528153 [Common Garden Snail]`
**ST58887474**,`NHMSYS0020705811 [Cuckoo-Spit Insect(2)]`
**ST5889775642**,`NBNSYS0000006727 [Leopard Slug]`
**ST5889875638**,`NBNSYS0000006727 [Leopard Slug]`
**ST58907679**,`NBNSYS0000007098 [Hornet Hoverfly]`
**ST58917470**,`NHMSYS0021301684`
**ST58917545**,`NHMSYS0020528279 [Ghost Slug]`
**ST58917683**,`NBNSYS0000006825 [Speckled Bush-cricket(2)]`
**ST58927341**,`NHMSYS0000875215 [Orange-tailed Mining Bee]`
**ST58927547**,`NHMSYS0020109272`
**ST58937290**,`NBNSYS0000005630 [Emperor Dragonfly]`
**ST58937507**,`NHMSYS0020705811 [Cuckoo-Spit Insect(3)]`
**ST58957141**,`NHMSYS0000712592 [Harlequin Ladybird]`
**ST58967481**,`NBNSYS0100000337`
**ST58967483**,`NBNSYS0100000337`
**ST589705**,`NBNSYS0000030494`
**ST589710**,`NHMSYS0021164399`
**ST589711**,"`NBNSYS0000000354 [Common Gull], NHMSYS0000530309 [Woodpigeon], NHMSYS0000530537 [House Sparrow], NHMSYS0000530628 [Starling], NHMSYS0000530671 [Wren], NHMSYS0000530674 [Blackbird], NHMSYS0000530790 [Dunnock], NHMSYS0001688296 [Blue Tit]`"
**ST589715**,"`NBNSYS0000005626 [Southern Hawker], NHMSYS0000530247 [Goldfinch]`"
**ST589716**,"`NBNSYS0000000038 [Herring Gull], NBNSYS0000007098 [Hornet Hoverfly], NHMSYS0000530309 [Woodpigeon], NHMSYS0000530315 [Carrion Crow], NHMSYS0000530671 [Wren], NHMSYS0000530674 [Blackbird], NHMSYS0000530761 [Magpie]`"
**ST589719**,`NHMSYS0020962539 [Black-headed Gull]`
**ST589721**,`NHMSYS0020476639 [Western Conifer Seed Bug(2)]`
**ST589722**,`NHMSYS0000712592 [Harlequin Ladybird]`
**ST589723**,"`NBNSYS0000000004 [Cormorant], NBNSYS0000008324 [7-spot Ladybird], NHMSYS0000530315 [Carrion Crow]`"
**ST589724**,"`NBNSYS0000008319 [2-spot Ladybird], NBNSYS0000008324 [7-spot Ladybird], NHMSYS0000530307 [Rock Dove], NHMSYS0020213805`"
**ST589727**,`NBNSYS0000000010 [Mute Swan]`
**ST589728**,"`NBNSYS0000000037 [Lesser Black-backed Gull], NBNSYS0000000038 [Herring Gull]`"
**ST589729**,"`NHMSYS0000462335 [Japanese Knotweed], NHMSYS0020309344 [Birch Catkin Bug]`"
**ST589733**,`NHMSYS0000712592 [Harlequin Ladybird]`
**ST589741**,`NHMSYS0020476639 [Western Conifer Seed Bug(2)]`
**ST589746**,"`NHMSYS0000712592 [Harlequin Ladybird(2)], NHMSYS0020302075`"
**ST589748**,"`NBNSYS0000006727 [Leopard Slug], NHMSYS0020528153 [Common Garden Snail(3)]`"
**ST589753**,`NBNSYS0000008319 [2-spot Ladybird]`
**ST589755**,`NHMSYS0000875564 [Tree Bumblebee]`
**ST589761**,"`NHMSYS0001702070 [Green Cellar Slug], NHMSYS0020528153 [Common Garden Snail]`"
**ST589768**,`NBNSYS0000007052`
**ST589770**,"`NHMSYS0000530247 [Goldfinch], NHMSYS0000530307 [Rock Dove], NHMSYS0000530315 [Carrion Crow], NHMSYS0000530533 [Great Tit], NHMSYS0000530537 [House Sparrow], NHMSYS0000530621 [Collared Dove], NHMSYS0000530674 [Blackbird], NHMSYS0000530739 [Robin], NHMSYS0001688296 [Blue Tit], NHMSYS0021002985 [Greenfinch]`"
**ST58977479**,`NBNSYS0100000342`
**ST58977481**,`NHMSYS0000712592 [Harlequin Ladybird]`
**ST58977486**,`NHMSYS0021301684`
**ST589789**,"`NBNSYS0000007054(2), NBNSYS0000030409, NBNSYS0100004508(3), NHMSYS0000875423 [Western Honey Bee], NHMSYS0000876509 [Red Mason Bee]`"
**ST58987471**,`NHMSYS0020705811 [Cuckoo-Spit Insect]`
**ST58987477**,`NHMSYS0021301684`
**ST58987485**,`NBNSYS0100000337`
**ST58987486**,`NBNSYS0100000337`
**ST58997143**,`NHMSYS0000712592 [Harlequin Ladybird(2)]`
**ST58997455**,`NHMSYS0000712592 [Harlequin Ladybird]`
**ST59007143**,`NBNSYS0000006446`
**ST59007476**,`NBNSYS0100000414`
**ST59007490**,"`NBNSYS0100000337, NBNSYS0100000414(2)`"
**ST59017081**,`NHMSYS0000712592 [Harlequin Ladybird]`
**ST59027492**,`NBNSYS0100000414`
**ST59037087**,`NHMSYS0000712592 [Harlequin Ladybird]`
**ST59037408**,`NHMSYS0000875389 [Wool Carder Bee(2)]`
**ST59037475**,"`NBNSYS0100000337, NBNSYS0100000414`"
**ST59047409**,`NHMSYS0000875207 [Tawny Mining Bee]`
**ST59057353**,`NBNSYS0000008334 [22-spot Ladybird]`
**ST59057409**,"`NHMSYS0000875177 [Ashy Mining Bee], NHMSYS0000876509 [Red Mason Bee(3)]`"
**ST59057410**,"`NHMSYS0000875177 [Ashy Mining Bee], NHMSYS0000875207 [Tawny Mining Bee], NHMSYS0000875389 [Wool Carder Bee], NHMSYS0000876509 [Red Mason Bee]`"
**ST59057601**,`NHMSYS0000712592 [Harlequin Ladybird]`
**ST59067151**,`NHMSYS0020302076`
**ST590705**,"`BMSSYS0000049685, NBNSYS0000018934, NBNSYS0000030074, NBNSYS0000030502, NBNSYS0000030557, NBNSYS0000030624, NHMSYS0001486328, NHMSYS0001486984, NHMSYS0001489123, NHMSYS0001501925 [Common Orange Lichen]`"
**ST590711**,"`NBNSYS0000005599 [Large Red Damselfly], NBNSYS0000006937, NBNSYS0000008330 [14-spot Ladybird], NBNSYS0000133089, NHMSYS0020151686 [Rosemary Beetle], NHMSYS0021196425`"
**ST590714**,`NHMSYS0020528135 [White-lipped Snail]`
**ST590715**,"`NHMSYS0000530674 [Blackbird], NHMSYS0020153381 [Large Fruit Bark Beetle], NHMSYS0020153383 [Shothole Borer (Small Fruit Bark Beetle)]`"
**ST590719**,"`NBNSYS0000000037 [Lesser Black-backed Gull], NHMSYS0000530315 [Carrion Crow]`"
**ST590720**,`NHMSYS0000530307 [Rock Dove]`
**ST590721**,`NBNSYS0000000025 [Coot]`
**ST590722**,"`NBNSYS0000011206 [Alder Leaf Beetle], NHMSYS0021178877 [Jackdaw]`"
**ST590724**,"`NBNSYS0000000037 [Lesser Black-backed Gull(3)], NHMSYS0000530309 [Woodpigeon], NHMSYS0000530315 [Carrion Crow], NHMSYS0000530493 [Pied Wagtail], NHMSYS0000530494 [Grey Wagtail], NHMSYS0000530761 [Magpie]`"
**ST590725**,"`NBNSYS0000000037 [Lesser Black-backed Gull], NBNSYS0000000038 [Herring Gull], NHMSYS0000530307 [Rock Dove(2)], NHMSYS0000530315 [Carrion Crow], NHMSYS0000530537 [House Sparrow(2)], NHMSYS0001688296 [Blue Tit(2)], NHMSYS0020109265 [Vine Weevil]`"
**ST590726**,"`NBNSYS0000000038 [Herring Gull], NHMSYS0000530307 [Rock Dove], NHMSYS0000530315 [Carrion Crow]`"
**ST590727**,`NBNSYS0000008325 [11-spot Ladybird]`
**ST590729**,"`NBNSYS0000000024 [Moorhen], NBNSYS0000000037 [Lesser Black-backed Gull], NBNSYS0000000038 [Herring Gull], NHMSYS0000530307 [Rock Dove(2)], NHMSYS0000530309 [Woodpigeon], NHMSYS0000530739 [Robin], NHMSYS0020213805`"
**ST590730**,"`NBNSYS0000000037 [Lesser Black-backed Gull], NHMSYS0000530628 [Starling]`"
**ST590734**,"`NBNSYS0000000037 [Lesser Black-backed Gull], NBNSYS0000000038 [Herring Gull]`"
**ST590740**,`NHMSYS0000875407 [Hairy-footed Flower Bee]`
**ST590743**,`NHMSYS0020151686 [Rosemary Beetle]`
**ST590745**,"`NBNSYS0000005626 [Southern Hawker], NHMSYS0000530374 [Jay]`"
**ST590748**,"`NBNSYS0000006727 [Leopard Slug(3)], NHMSYS0001701949 [Brown-lipped Snail(6)], NHMSYS0001702070 [Green Cellar Slug], NHMSYS0020528153 [Common Garden Snail(4)]`"
**ST590749**,"`NBNSYS0000000032 [Curlew], NHMSYS0000530315 [Carrion Crow], NHMSYS0000530671 [Wren], NHMSYS0020528135 [White-lipped Snail], NHMSYS0020528153 [Common Garden Snail]`"
**ST590750**,"`NHMSYS0000530133 [Long-tailed Tit(2)], NHMSYS0000530374 [Jay], NHMSYS0000530533 [Great Tit], NHMSYS0000530674 [Blackbird], NHMSYS0000530739 [Robin], NHMSYS0000530761 [Magpie]`"
**ST590752**,`NHMSYS0020528153 [Common Garden Snail(3)]`
**ST590753**,`NHMSYS0020109266 [Green Shieldbug(2)]`
**ST590756**,`NHMSYS0000462335 [Japanese Knotweed]`
**ST590762**,`NBNSYS0000008324 [7-spot Ladybird]`
**ST590768**,"`NBNSYS0000007097, NHMSYS0021004282 [Linnet]`"
**ST59077113**,`NBNSYS0000008334 [22-spot Ladybird]`
**ST59077434**,"`NBNSYS0000007098 [Hornet Hoverfly], NHMSYS0020152984, NHMSYS0020309225 [Cabbage Bug]`"
**ST59077527**,`NHMSYS0020528153 [Common Garden Snail]`
**ST59077528**,`NHMSYS0020528153 [Common Garden Snail]`
**ST590777**,`NBNSYS0000005625 [Brown Hawker]`
**ST590779**,`NHMSYS0020476639 [Western Conifer Seed Bug(2)]`
**ST590782**,`NHMSYS0000530761 [Magpie]`
**ST590783**,`NHMSYS0020705811 [Cuckoo-Spit Insect]`
**ST590786**,`NHMSYS0000530315 [Carrion Crow]`
**ST590794**,`NBNSYS0000005630 [Emperor Dragonfly]`
**ST59087307**,`NBNSYS0000036628 [Silver-moss]`
**ST59097042**,`NBNSYS0000005626 [Southern Hawker]`
**ST59097526**,`NHMSYS0020528153 [Common Garden Snail]`
**ST59097527**,`NHMSYS0020528153 [Common Garden Snail(3)]`
**ST59107487**,`NHMSYS0020528153 [Common Garden Snail(5)]`
**ST59117244**,`NHMSYS0000875576 [Common Carder Bee]`
**ST59117494**,`NHMSYS0020528153 [Common Garden Snail]`
**ST59127116**,`NBNSYS0000007943 [Dark-edged Bee-fly]`
**ST59127495**,`NHMSYS0020528153 [Common Garden Snail]`
**ST59137223**,`NHMSYS0000712592 [Harlequin Ladybird]`
**ST59137230**,`NHMSYS0000309941 [Common Liverwort]`
**ST59137235**,`NBNSYS0000007110`
**ST59137469**,`NHMSYS0020705811 [Cuckoo-Spit Insect]`
**ST59147306**,`NBNSYS0000008319 [2-spot Ladybird]`
**ST59147496**,"`NBNSYS0100000337, NHMSYS0000309936 [Crescent-cup Liverwort]`"
**ST59157045**,`NBNSYS0000005626 [Southern Hawker]`
**ST59157496**,"`NBNSYS0000006446(6), NBNSYS0000006456, NBNSYS0000006867(2), NBNSYS0000006871(2), NBNSYS0000006912(3), NBNSYS0000006916 [Marmalade Hoverfly(5)], NBNSYS0000006941(3), NBNSYS0000007052(4), NBNSYS0000007061 [Batman Hoverfly], NBNSYS0000007943 [Dark-edged Bee-fly], NBNSYS0000008330 [14-spot Ladybird], NBNSYS0000030724 [Face Fly], NBNSYS0100000337(9), NBNSYS0100000414(2), NBNSYS0100000425, NBNSYS0100000545(2), NBNSYS0100000659, NHMSYS0000712592 [Harlequin Ladybird(2)], NHMSYS0020109266 [Green Shieldbug], NHMSYS0020309171(2), NHMSYS0020309851`"
**ST59157497**,"`NBNSYS0000006912(2), NBNSYS0000007052`"
**ST59157518**,`NHMSYS0020705811 [Cuckoo-Spit Insect(2)]`
**ST591704**,`NBNSYS0000007097`
**ST591715**,`NHMSYS0001688296 [Blue Tit]`
**ST591716**,`NHMSYS0000530761 [Magpie]`
**ST591719**,`NBNSYS0000008319 [2-spot Ladybird]`
**ST591723**,"`NBNSYS0000007110, NBNSYS0100000346, NBNSYS0100003109`"
**ST591724**,"`NBNSYS0000000038 [Herring Gull], NHMSYS0000530307 [Rock Dove], NHMSYS0000712592 [Harlequin Ladybird]`"
**ST591725**,"`NBNSYS0000000037 [Lesser Black-backed Gull], NHMSYS0000530307 [Rock Dove], NHMSYS0000530309 [Woodpigeon], NHMSYS0000530315 [Carrion Crow], NHMSYS0000530494 [Grey Wagtail], NHMSYS0000530761 [Magpie]`"
**ST591726**,`NBNSYS0000000038 [Herring Gull]`
**ST591730**,"`NBNSYS0000000010 [Mute Swan], NBNSYS0000000024 [Moorhen], NBNSYS0000006446, NBNSYS0000008319 [2-spot Ladybird], NBNSYS0000033260, NBNSYS0000036310 [Wall Screw-moss], NBNSYS0000036475 [Grey-cushioned Grimmia], NBNSYS0000133089, NHMSYS0000530247 [Goldfinch], NHMSYS0000530307 [Rock Dove(2)], NHMSYS0001688296 [Blue Tit], NHMSYS0020109266 [Green Shieldbug], NHMSYS0020213805, NHMSYS0020309177 [Hairy Shieldbug]`"
**ST591731**,"`NBNSYS0000006964, NBNSYS0000007052, NBNSYS0000007057, NBNSYS0000007061 [Batman Hoverfly], NBNSYS0000007110(6), NBNSYS0000030351 [Sheep-strike Greenbottle(19)], NBNSYS0000030978(2), NBNSYS0000132285, NBNSYS0000156287, NBNSYS0100001922 [Bisetose Emerald-bottle], NBNSYS0100002030 [Vestal Cuckoo Bee], NBNSYS0100003109(2), NHMSYS0000712592 [Harlequin Ladybird(2)], NHMSYS0000841202, NHMSYS0000875423 [Western Honey Bee], NHMSYS0000875576 [Common Carder Bee(6)], NHMSYS0000876174 [Common Furrow Bee(2)], NHMSYS0000876783 [Common Wasp], NHMSYS0020152556(2)`"
**ST591733**,`NBNSYS0000000038 [Herring Gull]`
**ST591734**,`NBNSYS0000000038 [Herring Gull]`
**ST591738**,`NBNSYS0000008319 [2-spot Ladybird]`
**ST591740**,"`NBNSYS0000006937, NHMSYS0020528153 [Common Garden Snail(2)]`"
**ST591748**,"`NBNSYS0000006727 [Leopard Slug(7)], NHMSYS0001701949 [Brown-lipped Snail(4)], NHMSYS0020528153 [Common Garden Snail(10)]`"
**ST591749**,"`NBNSYS0000006912, NBNSYS0000007052(2), NBNSYS0000007115, NBNSYS0100000337(3), NBNSYS0100000414, NBNSYS0100000657, NHMSYS0001702050 [Girdled Snail(3)], NHMSYS0020309171, NHMSYS0020309310, NHMSYS0020705221`"
**ST591750**,"`NBNSYS0000007057, NHMSYS0020309518 [Southern Green Shieldbug(2)]`"
**ST591752**,"`NBNSYS0000006937, NHMSYS0020528153 [Common Garden Snail(2)]`"
**ST591755**,"`NBNSYS0000007058, NBNSYS0000008332 [Orange Ladybird], NHMSYS0020309817 [Forget-me-not Shieldbug(2)], NHMSYS0021366744`"
**ST591767**,"`NBNSYS0000006871, NBNSYS0000006916 [Marmalade Hoverfly], NBNSYS0000006937, NBNSYS0000006976, NBNSYS0000007057(3), NBNSYS0000007061 [Batman Hoverfly], NBNSYS0000007110(3), NBNSYS0000008324 [7-spot Ladybird(5)], NBNSYS0000012432(2), NBNSYS0000030074(5), NBNSYS0000030273 [Pouting Woodlouse-fly], NBNSYS0000030351 [Sheep-strike Greenbottle(40)], NBNSYS0000030409(2), NBNSYS0000030502, NBNSYS0000030978(2), NBNSYS0000133946, NBNSYS0100003109(2), NBNSYS0100004789 [Tufted Clusterfly(2)], NHMSYS0000841033(3), NHMSYS0000873237 [Small Black Ant(2)], NHMSYS0000875234 [Common Mini-miner], NHMSYS0000875423 [Western Honey Bee(4)], NHMSYS0000875567 [Red-tailed Bumblebee(5)], NHMSYS0000875570 [White-tailed Bumblebee], NHMSYS0000875576 [Common Carder Bee(3)], NHMSYS0000875595 [Buff-tailed Bumblebee(5)], NHMSYS0000876174 [Common Furrow Bee], NHMSYS0020151767 [Indet. Ladybird(2)], NHMSYS0020480776 [Raspberry Fusehorn], NHMSYS0020971597, NHMSYS0021199113, NHMSYS0021321545(2), NHMSYS0021321560`"
**ST591768**,`NHMSYS0000530133 [Long-tailed Tit]`
**ST591770**,"`NBNSYS0000006916 [Marmalade Hoverfly], NBNSYS0000028481, NHMSYS0000876034 [Bronze Furrow Bee], NHMSYS0000876174 [Common Furrow Bee]`"
**ST59177634**,`NHMSYS0001701949 [Brown-lipped Snail]`
**ST591782**,`NHMSYS0000530309 [Woodpigeon]`
**ST5918476075**,"`NBNSYS0000036189 [Redshank], NBNSYS0000036284 [Common Pocket-moss], NBNSYS0000036310 [Wall Screw-moss], NBNSYS0000036475 [Grey-cushioned Grimmia], NBNSYS0000036600 [Capillary Thread-moss], NBNSYS0000036628 [Silver-moss], NBNSYS0000036639 [Crimson-tuber Thread-moss], NBNSYS0000036790 [Fern-leaved Hook-moss], NBNSYS0000040751, NBNSYS0000143447 [Pointed Spear-moss], NBNSYS0000146093 [Dusky Beard-moss], NBNSYS0000149724 [Common Feather-moss], NBNSYS0100005429 [Thickpoint Grimmia], NBNSYS0100005848 [Cuspidate Earth-moss], NBNSYS0100005856 [Common Pottia], NHMSYS0000309488 [Dune Thread-moss], NHMSYS0020695887 [Swartz's Feather-moss], NHMSYS0021194764, NHMSYS0021600272, NHMSYS0021616481 [Creeping Feather-moss], NHMSYS0021616486 [Clustered Feather-moss], NHMSYS0021616631 [Rough-stalked Feather-moss]`"
**ST59187468**,`NHMSYS0000712592 [Harlequin Ladybird]`
**ST59197441**,`NHMSYS0000712592 [Harlequin Ladybird]`
**ST59197597**,`NHMSYS0020705811 [Cuckoo-Spit Insect]`
**ST59197630**,"`NHMSYS0000875407 [Hairy-footed Flower Bee], NHMSYS0000876005(3), NHMSYS0000876509 [Red Mason Bee(2)]`"
**ST59207630**,`NHMSYS0000876509 [Red Mason Bee(2)]`
**ST59217365**,`NHMSYS0020528153 [Common Garden Snail]`
**ST59217453**,`NBNSYS0100005429 [Thickpoint Grimmia]`
**ST59227135**,"`NBNSYS0000004445 [Daisy], NBNSYS0100005722`"
**ST59227306**,`NBNSYS0000008319 [2-spot Ladybird]`
**ST59237556**,`NHMSYS0020705811 [Cuckoo-Spit Insect]`
**ST59247462**,`NHMSYS0020528153 [Common Garden Snail(2)]`
**ST59247463**,`NHMSYS0020528153 [Common Garden Snail(8)]`
**ST59247516**,`NBNSYS0000005599 [Large Red Damselfly]`
**ST59247517**,`NHMSYS0000875562 [Small Garden Bumblebee]`
**ST59257394**,`NHMSYS0020528135 [White-lipped Snail]`
**ST59257448**,"`NBNSYS0000022342 [Mucous Worm], NBNSYS0000022355 [Ruddy Worm]`"
**ST59257456**,`NHMSYS0020528153 [Common Garden Snail]`
**ST59257463**,`NHMSYS0001701949 [Brown-lipped Snail]`
**ST59257497**,`NBNSYS0000030074`
**ST59257566**,`NHMSYS0020705811 [Cuckoo-Spit Insect]`
**ST59257593**,`NBNSYS0000007943 [Dark-edged Bee-fly]`
**ST59267112**,`NHMSYS0020705811 [Cuckoo-Spit Insect]`
**ST59267453**,"`NHMSYS0001702050 [Girdled Snail], NHMSYS0001702244 [Strawberry Snail], NHMSYS0020109266 [Green Shieldbug], NHMSYS0020528135 [White-lipped Snail(2)], NHMSYS0020528153 [Common Garden Snail]`"
**ST59267512**,"`NBNSYS0000007052, NBNSYS0000008330 [14-spot Ladybird]`"
**ST59267518**,"`NBNSYS0000005606 [Azure Damselfly], NBNSYS0000005645 [Common Darter], NBNSYS0000007842 [Banded General], NBNSYS0000007942 [Dotted Bee-fly], NBNSYS0100000342, NHMSYS0000066964, NHMSYS0000544632 [Goldfish], NHMSYS0001702166 [Great Ramshorn(3)], NHMSYS0020705811 [Cuckoo-Spit Insect], NHMSYS0021056362 [Great Pond Snail(2)]`"
**ST59267519**,"`NBNSYS0000007108, NBNSYS0000022376, NHMSYS0001702166 [Great Ramshorn]`"
**ST59267543**,`NHMSYS0020920019`
**ST592704**,`NHMSYS0000876224 [Jet Ant]`
**ST592714**,"`NHMSYS0000530309 [Woodpigeon], NHMSYS0000712592 [Harlequin Ladybird]`"
**ST592718**,`NHMSYS0000530674 [Blackbird]`
**ST592723**,"`NBNSYS0000000037 [Lesser Black-backed Gull], NBNSYS0000000038 [Herring Gull], NHMSYS0000530315 [Carrion Crow(2)], NHMSYS0000530761 [Magpie], NHMSYS0020962539 [Black-headed Gull]`"
**ST592725**,"`NBNSYS0000141623 [Summer Chafer], NHMSYS0000712592 [Harlequin Ladybird]`"
**ST592729**,"`NBNSYS0000000004 [Cormorant], NHMSYS0020962539 [Black-headed Gull]`"
**ST592730**,"`NBNSYS0000000009 [Canada Goose], NBNSYS0000000038 [Herring Gull], NBNSYS0000003189 [Himalayan Balsam(3)], NBNSYS0000006842 [Field Grasshopper], NBNSYS0000008324 [7-spot Ladybird], NHMSYS0000332764 [Grey Squirrel], NHMSYS0000462335 [Japanese Knotweed], NHMSYS0000530671 [Wren], NHMSYS0000530674 [Blackbird], NHMSYS0000530749 [Chiffchaff], NHMSYS0001688296 [Blue Tit], NHMSYS0020302076, NHMSYS0021002985 [Greenfinch]`"
**ST592731**,"`NBNSYS0000005617 [Banded Demoiselle], NBNSYS0000007052, NBNSYS0000007943 [Dark-edged Bee-fly], NHMSYS0000344179 [Blue-tailed Damselfly], NHMSYS0000530761 [Magpie], NHMSYS0000875407 [Hairy-footed Flower Bee], NHMSYS0000875595 [Buff-tailed Bumblebee], NHMSYS0000876783 [Common Wasp]`"
**ST592733**,`NBNSYS0000000036 [Great Black-backed Gull]`
**ST592737**,`NHMSYS0020528153 [Common Garden Snail(2)]`
**ST592745**,"`NHMSYS0001702050 [Girdled Snail], NHMSYS0020528153 [Common Garden Snail(2)]`"
**ST592746**,"`NHMSYS0001701949 [Brown-lipped Snail], NHMSYS0020528153 [Common Garden Snail(10)]`"
**ST592749**,"`NBNSYS0000005645 [Common Darter], NHMSYS0000310185 [Forked Veilwort]`"
**ST592750**,"`NBNSYS0000006929, NHMSYS0000712592 [Harlequin Ladybird(2)]`"
**ST592751**,"`NBNSYS0000005637 [Broad-bodied Chaser], NBNSYS0000006867, NBNSYS0000007110, NBNSYS0000007390, NBNSYS0000007825 [Broad Centurion], NBNSYS0000007837 [Black Colonel], NBNSYS0000007850 [Black Snipefly], NBNSYS0000007972, NBNSYS0000008276, NBNSYS0000008329 [Cream-spot Ladybird], NBNSYS0000008483, NBNSYS0000022358 [Common Earthworm], NBNSYS0000022376, NBNSYS0000025339 [Iris Weevil], NBNSYS0000030131(2), NBNSYS0000134819, NBNSYS0100003969(2), NHMSYS0000458931 [Snowdrop], NHMSYS0000875171 [Gwynne's Mining Bee(2)], NHMSYS0000875195 [Short-fringed Mining Bee], NHMSYS0000875243 [Buffish Mining Bee(2)], NHMSYS0000875268 [Chocolate Mining Bee], NHMSYS0000875578 [Early Bumblebee], NHMSYS0000875595 [Buff-tailed Bumblebee(2)], NHMSYS0000875849 [Tree Wasp], NHMSYS0000876295 [Patchwork Leafcutter Bee(2)], NHMSYS0000876427 [Gooden's Nomad Bee], NHMSYS0000876509 [Red Mason Bee(2)], NHMSYS0000876783 [Common Wasp], NHMSYS0001702166 [Great Ramshorn], NHMSYS0020302075, NHMSYS0020309134 [Juniper Shieldbug], NHMSYS0020309257, NHMSYS0020309344 [Birch Catkin Bug], NHMSYS0020309525, NHMSYS0020772188 [White/Buff-tailed Bumblebee workers]`"
**ST592755**,"`NBNSYS0000007098 [Hornet Hoverfly], NHMSYS0020528153 [Common Garden Snail]`"
**ST592756**,`NHMSYS0020705811 [Cuckoo-Spit Insect(4)]`
**ST592762**,`NHMSYS0000462335 [Japanese Knotweed]`
**ST592763**,`NBNSYS0000008324 [7-spot Ladybird]`
**ST592764**,`NHMSYS0000875423 [Western Honey Bee(3)]`
**ST592765**,"`NBNSYS0000007061 [Batman Hoverfly(2)], NBNSYS0000007110, NHMSYS0000841033, NHMSYS0000875423 [Western Honey Bee], NHMSYS0000875595 [Buff-tailed Bumblebee], NHMSYS0000876212 [Smeathman's Furrow Bee]`"
**ST592772**,`NHMSYS0000875576 [Common Carder Bee(2)]`
**ST59277510**,`NHMSYS0020109266 [Green Shieldbug]`
**ST59277518**,`NHMSYS0020309387 [Common Green Capsid]`
**ST592784**,`NHMSYS0000530739 [Robin]`
**ST592786**,`NHMSYS0000462335 [Japanese Knotweed]`
**ST592790**,`NHMSYS0000344179 [Blue-tailed Damselfly]`
**ST592792**,`NBNSYS0000005630 [Emperor Dragonfly(2)]`
**ST592793**,`NBNSYS0000005630 [Emperor Dragonfly(2)]`
**ST592794**,"`NBNSYS0000005630 [Emperor Dragonfly(6)], NBNSYS0000005637 [Broad-bodied Chaser(3)], NBNSYS0000005645 [Common Darter]`"
**ST59287047**,`NBNSYS0000006871`
**ST59287054**,`NHMSYS0020109266 [Green Shieldbug]`
**ST59287373**,`NHMSYS0020528153 [Common Garden Snail]`
**ST59287405**,`NBNSYS0000008319 [2-spot Ladybird]`
**ST59287439**,`NHMSYS0020705811 [Cuckoo-Spit Insect(2)]`
**ST59287453**,`NBNSYS0000006727 [Leopard Slug]`
**ST59307583**,`NBNSYS0000013240 [Greater Horntail Wasp]`
**ST59307797**,`NHMSYS0020705811 [Cuckoo-Spit Insect]`
**ST59317057**,`NBNSYS0000008324 [7-spot Ladybird]`
**ST59317297**,`NBNSYS0000008319 [2-spot Ladybird]`
**ST59317635**,`NHMSYS0020302075`
**ST59327268**,`NHMSYS0000309936 [Crescent-cup Liverwort]`
**ST59337494**,"`NHMSYS0000629451, NHMSYS0021616456 [Silky Wall Feather-moss]`"
**ST59357676**,`NHMSYS0000875177 [Ashy Mining Bee]`
**ST59367108**,`NHMSYS0021164399`
**ST593712**,`NHMSYS0000530537 [House Sparrow]`
**ST593714**,"`BMSSYS0000001357(2), BMSSYS0000016782(2), BMSSYS0000043743(2), BMSSYS0000048292(2), BMSSYS0000048298(2), BMSSYS0000049685(2), BMSSYS0000051066(2), BMSSYS0000052412(2), BMSSYS0000534141(2), NBNSYS0000018300(2), NBNSYS0000018524(2), NBNSYS0000018579(2), NBNSYS0000018589(2), NBNSYS0000018745(3), NBNSYS0000018746(2), NBNSYS0000018905 [Netted Shield Lichen(2)], NBNSYS0000018941(2), NBNSYS0000018987(2), NBNSYS0000020575(2), NBNSYS0000020686(2), NBNSYS0000147457(2), NBNSYS0000147458(2), NHMSYS0001476332(2), NHMSYS0001476782(2), NHMSYS0001476799(2), NHMSYS0001476913(2), NHMSYS0001476928(2), NHMSYS0001480937(2), NHMSYS0001484847(2), NHMSYS0001485112(2), NHMSYS0001486328(2), NHMSYS0001486984(2), NHMSYS0001489123(2), NHMSYS0001493019(2), NHMSYS0001494846 [Chewing Gum Lichen(2)], NHMSYS0001495944(2), NHMSYS0001497067(2), NHMSYS0001499452 [Black Shields(2)], NHMSYS0001501925 [Common Orange Lichen(2)], NHMSYS0020039387(2), NHMSYS0020327881(2), NHMSYS0020535385(2), NHMSYS0020990212(2), NHMSYS0020991038(2), NHMSYS0021645960(2), NHMSYS0021843116(2), NHMSYS0021843356(2)`"
**ST593715**,"`NBNSYS0000006897, NBNSYS0000006964(2), NBNSYS0000006966(2), NBNSYS0000007057, NBNSYS0000007110(2), NBNSYS0000008315 [Adonis' Ladybird], NBNSYS0000008324 [7-spot Ladybird(4)], NBNSYS0000012432, NBNSYS0000030074, NBNSYS0000030162(2), NBNSYS0000030351 [Sheep-strike Greenbottle(8)], NBNSYS0000132285, NBNSYS0000156286(2), NBNSYS0000156287, NBNSYS0100003109(2), NBNSYS0100022723, NHMSYS0000841033(3), NHMSYS0000873237 [Small Black Ant], NHMSYS0000875564 [Tree Bumblebee(2)], NHMSYS0000875567 [Red-tailed Bumblebee(7)], NHMSYS0000875570 [White-tailed Bumblebee], NHMSYS0000876174 [Common Furrow Bee(2)], NHMSYS0000876212 [Smeathman's Furrow Bee], NHMSYS0000876509 [Red Mason Bee], NHMSYS0020151767 [Indet. Ladybird], NHMSYS0021199113`"
**ST593720**,`NHMSYS0020962539 [Black-headed Gull]`
**ST593723**,"`NBNSYS0000000038 [Herring Gull], NHMSYS0000530307 [Rock Dove]`"
**ST593724**,"`NBNSYS0000013856, NBNSYS0000013864, NHMSYS0001590904, NHMSYS0001590907`"
**ST593725**,`NBNSYS0000008324 [7-spot Ladybird]`
**ST593727**,`NHMSYS0020309624 [Red-legged Shieldbug(2)]`
**ST593728**,"`NHMSYS0000530307 [Rock Dove], NHMSYS0000530494 [Grey Wagtail], NHMSYS0000530761 [Magpie]`"
**ST593729**,`NBNSYS0000000201 [Greylag Goose]`
**ST593731**,"`NHMSYS0000530307 [Rock Dove], NHMSYS0000530761 [Magpie], NHMSYS0020152473, NHMSYS0020309113`"
**ST593733**,`NHMSYS0000530374 [Jay]`
**ST593734**,`NBNSYS0000000036 [Great Black-backed Gull]`
**ST593742**,`NBNSYS0000003189 [Himalayan Balsam]`
**ST593743**,"`NBNSYS0000006867, NBNSYS0000006916 [Marmalade Hoverfly], NBNSYS0000006966, NBNSYS0000007054, NBNSYS0000007110, NHMSYS0000875423 [Western Honey Bee(2)], NHMSYS0000875576 [Common Carder Bee(2)]`"
**ST593744**,`NHMSYS0020528153 [Common Garden Snail(2)]`
**ST593746**,"`NBNSYS0100002538 [Ivy Bee], NHMSYS0000875177 [Ashy Mining Bee]`"
**ST593748**,"`NBNSYS0000005599 [Large Red Damselfly(2)], NBNSYS0000005606 [Azure Damselfly], NBNSYS0000005645 [Common Darter(3)], NBNSYS0000006456, NBNSYS0000006937, NBNSYS0000006959, NBNSYS0000007942 [Dotted Bee-fly], NBNSYS0000007943 [Dark-edged Bee-fly], NBNSYS0000008324 [7-spot Ladybird], NHMSYS0000530247 [Goldfinch(2)], NHMSYS0000530309 [Woodpigeon], NHMSYS0000530633 [Blackcap(2)], NHMSYS0000530739 [Robin], NHMSYS0001688296 [Blue Tit], NHMSYS0020151686 [Rosemary Beetle], NHMSYS0020309113, NHMSYS0020309777, NHMSYS0020528153 [Common Garden Snail]`"
**ST593749**,`NHMSYS0000310719 [Water Screw-moss]`
**ST593750**,"`NBNSYS0000006203, NBNSYS0000006727 [Leopard Slug], NBNSYS0000006933, NBNSYS0000006964, NBNSYS0000007000(3), NBNSYS0000007829 [Twin-spot Centurion], NBNSYS0000007850 [Black Snipefly], NBNSYS0000030172, NHMSYS0020528153 [Common Garden Snail], NHMSYS0021442535`"
**ST593751**,"`NBNSYS0000007825 [Broad Centurion], NBNSYS0000136783, NHMSYS0000332764 [Grey Squirrel], NHMSYS0020152218, NHMSYS0020309032, NHMSYS0020476639 [Western Conifer Seed Bug(2)]`"
**ST593752**,`NHMSYS0020476639 [Western Conifer Seed Bug(2)]`
**ST593754**,`NHMSYS0020977729 [Southern Oak Bush-cricket(3)]`
**ST593757**,`NBNSYS0000008330 [14-spot Ladybird]`
**ST593764**,"`NBNSYS0000006867, NBNSYS0000006959, NHMSYS0000462335 [Japanese Knotweed], NHMSYS0000873237 [Small Black Ant], NHMSYS0000875423 [Western Honey Bee], NHMSYS0000875578 [Early Bumblebee]`"
**ST593765**,`NBNSYS0000006871`
**ST59377516**,"`NBNSYS0000006446, NBNSYS0000006867`"
**ST59377620**,`NHMSYS0020705811 [Cuckoo-Spit Insect]`
**ST593792**,`NBNSYS0000005630 [Emperor Dragonfly]`
**ST593793**,`NBNSYS0000005630 [Emperor Dragonfly(2)]`
**ST59387081**,`NHMSYS0020705811 [Cuckoo-Spit Insect]`
**ST59387474**,`NHMSYS0000712592 [Harlequin Ladybird]`
**ST59387483**,"`NBNSYS0000005599 [Large Red Damselfly(2)], NBNSYS0000007943 [Dark-edged Bee-fly], NBNSYS0000011045 [Wasp Beetle]`"
**ST59387501**,`NBNSYS0000008319 [2-spot Ladybird]`
**ST59397125**,`NHMSYS0000875207 [Tawny Mining Bee]`
**ST59397483**,"`NBNSYS0000005599 [Large Red Damselfly], NBNSYS0000008324 [7-spot Ladybird]`"
**ST59397484**,"`NBNSYS0000006842 [Field Grasshopper], NBNSYS0000007829 [Twin-spot Centurion], NBNSYS0000007943 [Dark-edged Bee-fly], NHMSYS0020480770 [Broad-barred Fusehorn]`"
**ST59397485**,`NBNSYS0000005606 [Azure Damselfly]`
**ST59397501**,`NHMSYS0020109260 [Nettle Groundbug]`
**ST59407484**,`NBNSYS0000005645 [Common Darter]`
**ST59417484**,`NBNSYS0000036310 [Wall Screw-moss]`
**ST59417515**,"`NBNSYS0000006916 [Marmalade Hoverfly], NBNSYS0000007069 [Greater Bulb-Fly], NBNSYS0000007098 [Hornet Hoverfly], NHMSYS0001702070 [Green Cellar Slug], NHMSYS0001702244 [Strawberry Snail], NHMSYS0020528153 [Common Garden Snail]`"
**ST59417553**,`NHMSYS0000712592 [Harlequin Ladybird]`
**ST59417555**,`NHMSYS0000712592 [Harlequin Ladybird(2)]`
**ST59427510**,`NBNSYS0000008320 [10-spot Ladybird]`
**ST59427516**,"`NBNSYS0000006825 [Speckled Bush-cricket], NBNSYS0000007052, NBNSYS0000007057, NBNSYS0000008329 [Cream-spot Ladybird], NHMSYS0000876223 [Yellow Meadow Ant], NHMSYS0001702070 [Green Cellar Slug(2)], NHMSYS0020109266 [Green Shieldbug], NHMSYS0020151686 [Rosemary Beetle], NHMSYS0020528153 [Common Garden Snail], NHMSYS0021762730 [Silver Fish], NHMSYS0021898013 [Common Earwig]`"
**ST59437516**,`NHMSYS0001702070 [Green Cellar Slug]`
**ST59457051**,`NBNSYS0000030028`
**ST594705**,"`BMSSYS0000009425, BMSSYS0000049685, NBNSYS0000015513, NBNSYS0000018579, NBNSYS0000018589, NBNSYS0000018633, NBNSYS0000018934, NHMSYS0001474641, NHMSYS0001476799, NHMSYS0001486275, NHMSYS0001486984, NHMSYS0001501925 [Common Orange Lichen], NHMSYS0021794957 [Script Lichen]`"
**ST594710**,`NHMSYS0020528153 [Common Garden Snail]`
**ST594713**,"`NHMSYS0000530133 [Long-tailed Tit], NHMSYS0000530374 [Jay], NHMSYS0000530674 [Blackbird]`"
**ST594715**,`NHMSYS0000530315 [Carrion Crow]`
**ST594719**,"`BMSSYS0000049685, NBNSYS0000018579, NBNSYS0000018905 [Netted Shield Lichen], NBNSYS0000018941, NHMSYS0001501925 [Common Orange Lichen], NHMSYS0020327881`"
**ST594720**,`NBNSYS0000000038 [Herring Gull]`
**ST594725**,`NHMSYS0000712592 [Harlequin Ladybird]`
**ST594731**,`NHMSYS0020482134 [Oak Mining Sawfly]`
**ST594743**,"`NHMSYS0000875423 [Western Honey Bee(2)], NHMSYS0000875576 [Common Carder Bee], NHMSYS0000875595 [Buff-tailed Bumblebee], NHMSYS0000876174 [Common Furrow Bee]`"
**ST594745**,`NBNSYS0000008332 [Orange Ladybird]`
**ST594748**,"`NBNSYS0000005599 [Large Red Damselfly(3)], NBNSYS0000008324 [7-spot Ladybird], NHMSYS0000530367 [Chaffinch], NHMSYS0000530533 [Great Tit], NHMSYS0000530537 [House Sparrow], NHMSYS0000530674 [Blackbird(2)], NHMSYS0000712592 [Harlequin Ladybird], NHMSYS0020309225 [Cabbage Bug], NHMSYS0021056362 [Great Pond Snail]`"
**ST594750**,`NHMSYS0020979005 [Plane Tree Bug]`
**ST594751**,"`NBNSYS0000006727 [Leopard Slug], NBNSYS0000006889, NBNSYS0000006933, NBNSYS0000007054, NBNSYS0000007966(2), NBNSYS0000007980, NBNSYS0000008326 [Cream-streaked Ladybird], NBNSYS0000008329 [Cream-spot Ladybird], NBNSYS0000011449 [Lesser Stag Beetle], NBNSYS0000022371 [Horse Leech], NBNSYS0000030085, NBNSYS0000030337 [Common Bluebottle], NBNSYS0000134819, NBNSYS0100000392, NBNSYS0100000402, NBNSYS0100002538 [Ivy Bee], NHMSYS0000712592 [Harlequin Ladybird], NHMSYS0000875423 [Western Honey Bee], NHMSYS0000876427 [Gooden's Nomad Bee], NHMSYS0000876783 [Common Wasp(2)], NHMSYS0001701897 [Large Red Slug], NHMSYS0001702050 [Girdled Snail(2)], NHMSYS0001702068, NHMSYS0001702070 [Green Cellar Slug(9)], NHMSYS0001702140 [Glossy Glass Snail], NHMSYS0020151686 [Rosemary Beetle], NHMSYS0020309777, NHMSYS0020309808, NHMSYS0020476639 [Western Conifer Seed Bug], NHMSYS0020480783 [Common Rose Fusehorn], NHMSYS0020705541, NHMSYS0020705811 [Cuckoo-Spit Insect], NHMSYS0021009894 [Iberian Threeband Slug], NHMSYS0021164049, NHMSYS0021301684, NHMSYS0021762730 [Silver Fish], NHMSYS0021931004`"
**ST594755**,"`NBNSYS0000008319 [2-spot Ladybird(2)], NBNSYS0000008329 [Cream-spot Ladybird], NHMSYS0000712592 [Harlequin Ladybird], NHMSYS0020977729 [Southern Oak Bush-cricket(2)]`"
**ST594756**,`NBNSYS0000007943 [Dark-edged Bee-fly]`
**ST594760**,`NHMSYS0020302075`
**ST594763**,"`NBNSYS0000006842 [Field Grasshopper], NBNSYS0000006912, NBNSYS0000006916 [Marmalade Hoverfly], NBNSYS0000006941, NBNSYS0000006959, NBNSYS0000007828 [Black-horned Gem], NBNSYS0000008330 [14-spot Ladybird], NBNSYS0000030337 [Common Bluebottle], NHMSYS0000876509 [Red Mason Bee], NHMSYS0020109266 [Green Shieldbug(2)], NHMSYS0020151686 [Rosemary Beetle], NHMSYS0020308885 [Hawthorn Shieldbug], NHMSYS0020309777, NHMSYS0020480658 [Red-belted Cleaver]`"
**ST594764**,`NHMSYS0020528153 [Common Garden Snail]`
**ST594768**,"`NBNSYS0000005627 [Migrant Hawker], NBNSYS0000008324 [7-spot Ladybird(5)]`"
**ST59477536**,`NBNSYS0000005616 [Beautiful Demoiselle]`
**ST594780**,"`NBNSYS0000012432, NBNSYS0000030273 [Pouting Woodlouse-fly], NBNSYS0000030351 [Sheep-strike Greenbottle], NBNSYS0100022723, NHMSYS0000873237 [Small Black Ant]`"
**ST594792**,`NBNSYS0000005630 [Emperor Dragonfly]`
**ST594794**,"`NBNSYS0000005602 [Common Blue Damselfly(2)], NBNSYS0000005630 [Emperor Dragonfly(2)], NBNSYS0000005641 [Black-tailed Skimmer(2)]`"
**ST59487506**,`NBNSYS0100000334`
**ST59487648**,`NHMSYS0020528153 [Common Garden Snail]`
**ST59497239**,`NHMSYS0000712592 [Harlequin Ladybird]`
**ST59497369**,`NHMSYS0000875564 [Tree Bumblebee]`
**ST59507423**,`NHMSYS0000712592 [Harlequin Ladybird]`
**ST59517430**,`NHMSYS0020705811 [Cuckoo-Spit Insect(2)]`
**ST59527061**,`NHMSYS0000875407 [Hairy-footed Flower Bee]`
**ST59547246**,`NHMSYS0000309936 [Crescent-cup Liverwort]`
**ST59547432**,"`NBNSYS0000006871, NBNSYS0100000414`"
**ST59547445**,`NHMSYS0000712592 [Harlequin Ladybird(3)]`
**ST59557306**,`NHMSYS0000875578 [Early Bumblebee]`
**ST59557633**,`NHMSYS0020705811 [Cuckoo-Spit Insect]`
**ST59567785**,`NHMSYS0020528153 [Common Garden Snail]`
**ST595703**,`NHMSYS0000530761 [Magpie]`
**ST595705**,`NHMSYS0020309530`
**ST595713**,"`NHMSYS0000530309 [Woodpigeon], NHMSYS0000530315 [Carrion Crow], NHMSYS0000530533 [Great Tit]`"
**ST595714**,"`NHMSYS0020752279 [Long-winged Cone-head], NHMSYS0020962539 [Black-headed Gull]`"
**ST595717**,`NBNSYS0000024952 [Violet Oil-beetle]`
**ST595721**,"`NBNSYS0000008319 [2-spot Ladybird], NHMSYS0000530621 [Collared Dove]`"
**ST595723**,"`NBNSYS0000000037 [Lesser Black-backed Gull], NHMSYS0000530761 [Magpie]`"
**ST595727**,`NBNSYS0000000037 [Lesser Black-backed Gull]`
**ST595728**,"`NBNSYS0000000038 [Herring Gull], NHMSYS0020962539 [Black-headed Gull]`"
**ST595731**,`NHMSYS0000530315 [Carrion Crow]`
**ST595733**,"`NHMSYS0000530247 [Goldfinch], NHMSYS0000530309 [Woodpigeon(2)], NHMSYS0000530315 [Carrion Crow(2)], NHMSYS0000530374 [Jay], NHMSYS0000530674 [Blackbird(2)]`"
**ST595737**,"`NBNSYS0000007054(2), NBNSYS0000030786, NBNSYS0000033260, NBNSYS0100002042, NBNSYS0100004477, NHMSYS0000712592 [Harlequin Ladybird], NHMSYS0000875423 [Western Honey Bee(4)]`"
**ST595743**,"`NBNSYS0000006867, NBNSYS0000007047, NBNSYS0000134708, NHMSYS0000712592 [Harlequin Ladybird], NHMSYS0000875423 [Western Honey Bee(7)], NHMSYS0000875576 [Common Carder Bee], NHMSYS0021196425`"
**ST595746**,`NHMSYS0020528279 [Ghost Slug(4)]`
**ST595750**,"`NBNSYS0000006842 [Field Grasshopper], NHMSYS0000875423 [Western Honey Bee]`"
**ST595752**,"`NBNSYS0000002544 [Annual Meadow-grass], NBNSYS0000003733 [Petty Spurge], NHMSYS0000456781 [Shepherd's-purse], NHMSYS0001702140 [Glossy Glass Snail(2)]`"
**ST595757**,"`NBNSYS0000008319 [2-spot Ladybird], NHMSYS0000712592 [Harlequin Ladybird], NHMSYS0001701949 [Brown-lipped Snail], NHMSYS0020528153 [Common Garden Snail], NHMSYS0021056362 [Great Pond Snail(2)]`"
**ST595760**,`NHMSYS0000530493 [Pied Wagtail]`
**ST595764**,`NBNSYS0000013240 [Greater Horntail Wasp]`
**ST595769**,`NHMSYS0000875407 [Hairy-footed Flower Bee]`
**ST595770**,`NHMSYS0000712592 [Harlequin Ladybird]`
**ST59577290**,`NHMSYS0020528153 [Common Garden Snail]`
**ST595784**,`NHMSYS0020302077`
**ST595785**,`NHMSYS0000712592 [Harlequin Ladybird]`
**ST595792**,`NBNSYS0000005630 [Emperor Dragonfly]`
**ST595795**,`NBNSYS0000005630 [Emperor Dragonfly]`
**ST59587136**,`NHMSYS0020705811 [Cuckoo-Spit Insect]`
**ST59587501**,"`NHMSYS0000712592 [Harlequin Ladybird], NHMSYS0020151686 [Rosemary Beetle]`"
**ST59597501**,`NHMSYS0001702050 [Girdled Snail]`
**ST59607068**,`NHMSYS0000712592 [Harlequin Ladybird(2)]`
**ST59617466**,`NHMSYS0000876769 [Hornet]`
**ST59617512**,`NBNSYS0000005599 [Large Red Damselfly]`
**ST59627113**,`NHMSYS0020705811 [Cuckoo-Spit Insect]`
**ST59627115**,`NBNSYS0000005599 [Large Red Damselfly]`
**ST59637549**,`NHMSYS0000875564 [Tree Bumblebee]`
**ST59637859**,`NHMSYS0000875564 [Tree Bumblebee]`
**ST59647622**,`NHMSYS0020528153 [Common Garden Snail]`
**ST59647856**,`NHMSYS0020705811 [Cuckoo-Spit Insect]`
**ST59647857**,`NHMSYS0000712592 [Harlequin Ladybird]`
**ST596705**,`NBNSYS0000005599 [Large Red Damselfly]`
**ST596707**,`NHMSYS0000530315 [Carrion Crow]`
**ST596715**,`NHMSYS0020528153 [Common Garden Snail(2)]`
**ST596717**,`NHMSYS0020705811 [Cuckoo-Spit Insect]`
**ST596723**,`NHMSYS0000530307 [Rock Dove]`
**ST596724**,"`NHMSYS0000530315 [Carrion Crow], NHMSYS0001688296 [Blue Tit]`"
**ST596725**,"`NBNSYS0000000038 [Herring Gull], NHMSYS0000530307 [Rock Dove], NHMSYS0020309518 [Southern Green Shieldbug]`"
**ST596726**,"`NBNSYS0000000038 [Herring Gull(7)], NHMSYS0000530307 [Rock Dove(2)], NHMSYS0000530315 [Carrion Crow]`"
**ST596727**,"`NBNSYS0000000004 [Cormorant(3)], NBNSYS0000000010 [Mute Swan], NBNSYS0000000037 [Lesser Black-backed Gull(4)], NBNSYS0000000038 [Herring Gull(42)], NHMSYS0000530141 [Kingfisher], NHMSYS0000530247 [Goldfinch], NHMSYS0000530307 [Rock Dove(6)], NHMSYS0000530309 [Woodpigeon(8)], NHMSYS0000530315 [Carrion Crow(5)], NHMSYS0000530533 [Great Tit(2)], NHMSYS0020962539 [Black-headed Gull]`"
**ST596732**,`NHMSYS0000530307 [Rock Dove]`
**ST596733**,"`NBNSYS0000000036 [Great Black-backed Gull], NBNSYS0000000037 [Lesser Black-backed Gull(2)], NHMSYS0000530307 [Rock Dove(2)], NHMSYS0000530309 [Woodpigeon], NHMSYS0000530674 [Blackbird(2)]`"
**ST596745**,`NBNSYS0000024952 [Violet Oil-beetle]`
**ST596746**,"`NBNSYS0000008483, NHMSYS0000712592 [Harlequin Ladybird], NHMSYS0020309198 [Birch Shieldbug], NHMSYS0020309777`"
**ST596749**,"`NHMSYS0000310723 [Great Hairy Screw-moss], NHMSYS0020151686 [Rosemary Beetle], NHMSYS0020528153 [Common Garden Snail]`"
**ST596753**,`NBNSYS0000004462 [Pineappleweed]`
**ST596762**,"`NHMSYS0001702050 [Girdled Snail], NHMSYS0020528153 [Common Garden Snail]`"
**ST596769**,`NBNSYS0000013240 [Greater Horntail Wasp]`
**ST59677072**,`NHMSYS0021164399`
**ST596775**,`NBNSYS0000007943 [Dark-edged Bee-fly]`
**ST596794**,`NBNSYS0000005630 [Emperor Dragonfly]`
**ST59687496**,`NBNSYS0000007098 [Hornet Hoverfly]`
**ST5970**,"`NBNSYS0000000038 [Herring Gull], NBNSYS0000002544 [Annual Meadow-grass], NBNSYS0000002875 [Wavy Bitter-cress], NBNSYS0000002906 [Hedge Mustard], NBNSYS0000003722 [Annual Mercury], NBNSYS0000003732 [Sun Spurge], NBNSYS0000003733 [Petty Spurge], NBNSYS0000003839 [Hazel], NBNSYS0000004012 [Field Forget-me-not], NBNSYS0000004275 [Ribwort Plantain], NBNSYS0000004346 [Red Valerian], NBNSYS0000004445 [Daisy], NBNSYS0000005599 [Large Red Damselfly(5)], NBNSYS0000005602 [Common Blue Damselfly(2)], NBNSYS0000005606 [Azure Damselfly(3)], NBNSYS0000005617 [Banded Demoiselle], NBNSYS0000005626 [Southern Hawker(4)], NBNSYS0000005630 [Emperor Dragonfly], NBNSYS0000006825 [Speckled Bush-cricket(2)], NBNSYS0000006838 [Common Green Grasshopper], NBNSYS0000136578 [Pipistrelle Bat species], NBNSYS0100005722, NBNSYS0100005950 [Painted Lady], NHMSYS0000456767 [Adria Bellflower], NHMSYS0000464828 [Common Field-speedwell], NHMSYS0000464829 [Grey Field-speedwell], NHMSYS0000501034 [Small Tortoiseshell(28)], NHMSYS0000501120 [Ringlet(53)], NHMSYS0000502045 [Small Blue], NHMSYS0000503827 [Large White(189)], NHMSYS0000503832 [Small White(104)], NHMSYS0000503893 [Comma(38)], NHMSYS0000504515 [Small Skipper(16)], NHMSYS0000504624 [Red Admiral(19)], NHMSYS0000516186 [Orange-tip(27)], NHMSYS0000516260 [Holly Blue(38)], NHMSYS0000516380 [Brimstone(11)], NHMSYS0000516465 [Small Copper(7)], NHMSYS0000516630 [Green-veined White(5)], NHMSYS0000516660 [Common Blue(29)], NHMSYS0000519083 [Small Heath(7)], NHMSYS0000521977 [Meadow Brown(171)], NHMSYS0000522017 [Marbled White(14)], NHMSYS0000522857 [Gatekeeper(55)], NHMSYS0000523344 [Speckled Wood(223)], NHMSYS0001387435 [Dark Bush-cricket], NHMSYS0020001355 [Common Pipistrelle(3)], NHMSYS0020109255 [Dock Bug], NHMSYS0020109266 [Green Shieldbug], NHMSYS0020309231 [Tortoise Bug], NHMSYS0020309352, NHMSYS0020528153 [Common Garden Snail], NHMSYS0021143568 [Peacock(21)]`"
**ST59707486**,`NHMSYS0020528153 [Common Garden Snail]`
**ST59707493**,`NBNSYS0000033260`
**ST5971**,"`NBNSYS0000002813 [White Rocket], NBNSYS0000003361 [Wood Avens], NBNSYS0000004243 [Red Dead-nettle], NBNSYS0000004244 [White Dead-nettle], NBNSYS0000004371 [Groundsel], NBNSYS0000014362 [Wild Carrot], NBNSYS0000030764 [Headfly], NBNSYS0000040730 [Myotis Bat species], NBNSYS0000146958 [Guernsey Fleabane], NHMSYS0000080186 [Noctule(2)], NHMSYS0000456781 [Shepherd's-purse], NHMSYS0000457806 [Ivy-leaved Toadflax], NHMSYS0000464009 [Common Chickweed], NHMSYS0000530120 [Sparrowhawk(4)], NHMSYS0000530745 [Redstart], NHMSYS0000875407 [Hairy-footed Flower Bee(3)], NHMSYS0000875423 [Western Honey Bee(84)], NHMSYS0000875470 [Bumblebee(36)], NHMSYS0000875562 [Small Garden Bumblebee(8)], NHMSYS0000875564 [Tree Bumblebee(29)], NHMSYS0000875567 [Red-tailed Bumblebee(27)], NHMSYS0000875576 [Common Carder Bee(29)], NHMSYS0000875578 [Early Bumblebee(10)], NHMSYS0000875595 [Buff-tailed Bumblebee(38)], NHMSYS0020001355 [Common Pipistrelle(2)], NHMSYS0020528153 [Common Garden Snail], NHMSYS0020772188 [White/Buff-tailed Bumblebee workers(27)], NHMSYS0020936546(13), NHMSYS0020962539 [Black-headed Gull(2)], NHMSYS0021002985 [Greenfinch], NHMSYS0021126272 [Tree-mallow]`"
**ST5972**,"`NBNSYS0000000010 [Mute Swan(2)], NBNSYS0000000036 [Great Black-backed Gull], NBNSYS0000000037 [Lesser Black-backed Gull(427)], NBNSYS0000000038 [Herring Gull(273)], NBNSYS0000005616 [Beautiful Demoiselle(2)], NBNSYS0000008324 [7-spot Ladybird], NBNSYS0000040751, NHMSYS0000530309 [Woodpigeon], NHMSYS0000530633 [Blackcap], NHMSYS0000712592 [Harlequin Ladybird], NHMSYS0000875564 [Tree Bumblebee], NHMSYS0020962539 [Black-headed Gull]`"
**ST5973**,"`NBNSYS0000000007 [Mallard(3)], NBNSYS0000000010 [Mute Swan(9)], NBNSYS0000000014 [Manx Shearwater], NBNSYS0000000024 [Moorhen], NBNSYS0000000037 [Lesser Black-backed Gull(312)], NBNSYS0000000038 [Herring Gull(187)], NBNSYS0000006842 [Field Grasshopper], NBNSYS0000007943 [Dark-edged Bee-fly], NBNSYS0000040751, NHMSYS0000080212 [Brown Rat], NHMSYS0000080213 [Black Rat], NHMSYS0000309660 [Bifid Crestwort], NHMSYS0000309936 [Crescent-cup Liverwort], NHMSYS0000530120 [Sparrowhawk], NHMSYS0000530133 [Long-tailed Tit], NHMSYS0000530141 [Kingfisher], NHMSYS0000530165 [Swift(2)], NHMSYS0000530309 [Woodpigeon(2)], NHMSYS0000530358 [Kestrel(2)], NHMSYS0000530362 [Pied Flycatcher], NHMSYS0000530367 [Chaffinch(3)], NHMSYS0000530406 [Swallow], NHMSYS0000530493 [Pied Wagtail(4)], NHMSYS0000530533 [Great Tit(2)], NHMSYS0000530537 [House Sparrow(14)], NHMSYS0000530579 [Goldcrest], NHMSYS0000530628 [Starling(35)], NHMSYS0000530674 [Blackbird(12)], NHMSYS0000530678 [Song Thrush(13)], NHMSYS0000530682 [Mistle Thrush], NHMSYS0000530759 [Willow Warbler], NHMSYS0000530761 [Magpie], NHMSYS0000530790 [Dunnock(5)], NHMSYS0000712592 [Harlequin Ladybird], NHMSYS0000875564 [Tree Bumblebee], NHMSYS0001688296 [Blue Tit(4)], NHMSYS0020528135 [White-lipped Snail], NHMSYS0020962539 [Black-headed Gull(25)], NHMSYS0021002985 [Greenfinch(11)], NHMSYS0021004282 [Linnet], NHMSYS0021311327 [Whitethroat], NHMSYS0021813951 [Kentish Plover]`"
**ST59737632**,`NHMSYS0000712592 [Harlequin Ladybird(2)]`
**ST5974**,"`NBNSYS0000000004 [Cormorant(4)], NBNSYS0000000006 [Grey Heron], NBNSYS0000000009 [Canada Goose], NBNSYS0000000037 [Lesser Black-backed Gull(55)], NBNSYS0000000038 [Herring Gull(45)], NBNSYS0000005599 [Large Red Damselfly(3)], NBNSYS0000005626 [Southern Hawker(2)], NBNSYS0000005630 [Emperor Dragonfly], NHMSYS0000080188 [Red Fox(3)], NHMSYS0000332764 [Grey Squirrel(31)], NHMSYS0000530120 [Sparrowhawk(4)], NHMSYS0000530133 [Long-tailed Tit(9)], NHMSYS0000530165 [Swift(19)], NHMSYS0000530247 [Goldfinch(41)], NHMSYS0000530307 [Rock Dove(55)], NHMSYS0000530309 [Woodpigeon(54)], NHMSYS0000530315 [Carrion Crow(54)], NHMSYS0000530329 [House Martin], NHMSYS0000530367 [Chaffinch(34)], NHMSYS0000530374 [Jay(14)], NHMSYS0000530494 [Grey Wagtail(6)], NHMSYS0000530533 [Great Tit(51)], NHMSYS0000530537 [House Sparrow(55)], NHMSYS0000530579 [Goldcrest(13)], NHMSYS0000530621 [Collared Dove(55)], NHMSYS0000530628 [Starling(52)], NHMSYS0000530633 [Blackcap(41)], NHMSYS0000530671 [Wren(55)], NHMSYS0000530674 [Blackbird(55)], NHMSYS0000530678 [Song Thrush(2)], NHMSYS0000530682 [Mistle Thrush(9)], NHMSYS0000530739 [Robin(54)], NHMSYS0000530749 [Chiffchaff(18)], NHMSYS0000530757 [Wood Warbler], NHMSYS0000530759 [Willow Warbler(6)], NHMSYS0000530761 [Magpie(54)], NHMSYS0000530763 [Green Woodpecker], NHMSYS0000530790 [Dunnock(45)], NHMSYS0000530802 [Bullfinch], NHMSYS0001688296 [Blue Tit(53)], NHMSYS0001688300 [Coal Tit(24)], NHMSYS0020528153 [Common Garden Snail], NHMSYS0021002985 [Greenfinch(33)], NHMSYS0021004282 [Linnet(2)], NHMSYS0021178877 [Jackdaw(8)], NHMSYS0021311327 [Whitethroat(2)], NHMSYS0021311347 [Lesser Whitethroat]`"
**ST59747234**,`NHMSYS0020302075`
**ST5975**,"`NBNSYS0000000010 [Mute Swan], NBNSYS0000006842 [Field Grasshopper], NBNSYS0100004720 [Soprano Pipistrelle], NBNSYS0100005950 [Painted Lady(11)], NHMSYS0000080210 [Wood Mouse], NHMSYS0000501034 [Small Tortoiseshell(28)], NHMSYS0000501120 [Ringlet(111)], NHMSYS0000503827 [Large White(370)], NHMSYS0000503832 [Small White(401)], NHMSYS0000503893 [Comma(60)], NHMSYS0000504515 [Small Skipper(29)], NHMSYS0000504624 [Red Admiral(64)], NHMSYS0000516186 [Orange-tip(49)], NHMSYS0000516260 [Holly Blue(86)], NHMSYS0000516380 [Brimstone(35)], NHMSYS0000516465 [Small Copper(12)], NHMSYS0000516630 [Green-veined White(22)], NHMSYS0000516660 [Common Blue(92)], NHMSYS0000521977 [Meadow Brown(168)], NHMSYS0000522017 [Marbled White(69)], NHMSYS0000522857 [Gatekeeper(97)], NHMSYS0000523344 [Speckled Wood(387)], NHMSYS0000530130 [Reed Warbler], NHMSYS0000530165 [Swift(2)], NHMSYS0000530270 [Cetti's Warbler], NHMSYS0000530533 [Great Tit], NHMSYS0000530537 [House Sparrow], NHMSYS0000530633 [Blackcap], NHMSYS0000530671 [Wren], NHMSYS0000530673 [Redwing], NHMSYS0000530674 [Blackbird], NHMSYS0000730335 [Castor Bean Tick], NHMSYS0001387435 [Dark Bush-cricket], NHMSYS0001688296 [Blue Tit], NHMSYS0001688300 [Coal Tit], NHMSYS0020001355 [Common Pipistrelle], NHMSYS0020001356 [Pipistrelle], NHMSYS0020528153 [Common Garden Snail], NHMSYS0020755521 [Large Skipper(17)], NHMSYS0021009932 [Tramp Slug], NHMSYS0021143568 [Peacock(20)], NHMSYS0021143605 [Brown Argus]`"
**ST5976**,"`NBNSYS0000000037 [Lesser Black-backed Gull(3)], NBNSYS0000005626 [Southern Hawker(2)], NBNSYS0000006825 [Speckled Bush-cricket], NBNSYS0000007943 [Dark-edged Bee-fly], NHMSYS0000530120 [Sparrowhawk(2)], NHMSYS0000530165 [Swift(7)], NHMSYS0000530247 [Goldfinch], NHMSYS0000530628 [Starling(3)], NHMSYS0000530673 [Redwing], NHMSYS0000530674 [Blackbird(2)], NHMSYS0000530739 [Robin(2)], NHMSYS0000530759 [Willow Warbler], NHMSYS0000875177 [Ashy Mining Bee], NHMSYS0000875423 [Western Honey Bee(3)], NHMSYS0000875570 [White-tailed Bumblebee(2)], NHMSYS0000875576 [Common Carder Bee(2)], NHMSYS0001688296 [Blue Tit], NHMSYS0001702069 [Yellow Cellar Slug(2)], NHMSYS0020528135 [White-lipped Snail], NHMSYS0020528153 [Common Garden Snail], NHMSYS0020962539 [Black-headed Gull], NHMSYS0021002985 [Greenfinch], NHMSYS0021583970 [Meadow Grasshopper]`"
**ST5977**,"`NBNSYS0000000038 [Herring Gull], NBNSYS0000008320 [10-spot Ladybird], NHMSYS0000530628 [Starling(2)]`"
**ST597704**,`NHMSYS0020528153 [Common Garden Snail(3)]`
**ST597705**,"`NBNSYS0000005637 [Broad-bodied Chaser], NHMSYS0000875595 [Buff-tailed Bumblebee]`"
**ST597709**,"`NHMSYS0000875564 [Tree Bumblebee], NHMSYS0020705811 [Cuckoo-Spit Insect]`"
**ST597717**,`NBNSYS0000006727 [Leopard Slug]`
**ST597720**,`NBNSYS0000000004 [Cormorant]`
**ST597721**,"`NBNSYS0000000037 [Lesser Black-backed Gull], NHMSYS0000530307 [Rock Dove], NHMSYS0000530309 [Woodpigeon]`"
**ST597723**,`NHMSYS0000530307 [Rock Dove]`
**ST597724**,"`NHMSYS0000530307 [Rock Dove], NHMSYS0020476639 [Western Conifer Seed Bug(2)]`"
**ST597725**,"`NBNSYS0000000038 [Herring Gull], NHMSYS0000310501 [Hornschuch's Beard-moss], NHMSYS0000712592 [Harlequin Ladybird]`"
**ST597726**,"`NBNSYS0000000004 [Cormorant(3)], NBNSYS0000000010 [Mute Swan(3)], NBNSYS0000000038 [Herring Gull(5)], NBNSYS0000000201 [Greylag Goose], NHMSYS0000530141 [Kingfisher], NHMSYS0000530309 [Woodpigeon], NHMSYS0000530315 [Carrion Crow(4)], NHMSYS0000530621 [Collared Dove], NHMSYS0020962539 [Black-headed Gull(3)]`"
**ST597727**,"`NBNSYS0000000038 [Herring Gull], NHMSYS0000530493 [Pied Wagtail], NHMSYS0000530761 [Magpie], NHMSYS0001688296 [Blue Tit]`"
**ST597732**,"`NBNSYS0000000037 [Lesser Black-backed Gull], NBNSYS0000000038 [Herring Gull], NHMSYS0000530309 [Woodpigeon(2)], NHMSYS0000530674 [Blackbird]`"
**ST597733**,`NBNSYS0000000037 [Lesser Black-backed Gull]`
**ST597735**,`NBNSYS0000000006 [Grey Heron]`
**ST597740**,`NBNSYS0000008319 [2-spot Ladybird]`
**ST597746**,`NBNSYS0000006727 [Leopard Slug]`
**ST597748**,"`NHMSYS0001702050 [Girdled Snail], NHMSYS0020528153 [Common Garden Snail]`"
**ST597749**,"`NBNSYS0000000038 [Herring Gull], NBNSYS0000006912, NBNSYS0000033260, NHMSYS0000530309 [Woodpigeon], NHMSYS0000530315 [Carrion Crow], NHMSYS0000530374 [Jay], NHMSYS0000530674 [Blackbird], NHMSYS0000530761 [Magpie], NHMSYS0020151686 [Rosemary Beetle], NHMSYS0020528135 [White-lipped Snail(3)]`"
**ST5978**,"`NBNSYS0000000006 [Grey Heron(2)], NBNSYS0000000037 [Lesser Black-backed Gull(14)], NBNSYS0000000038 [Herring Gull(13)], NHMSYS0000080188 [Red Fox], NHMSYS0000080191 [Badger], NHMSYS0000332764 [Grey Squirrel(7)], NHMSYS0000530120 [Sparrowhawk], NHMSYS0000530133 [Long-tailed Tit(4)], NHMSYS0000530165 [Swift(6)], NHMSYS0000530247 [Goldfinch(12)], NHMSYS0000530307 [Rock Dove(13)], NHMSYS0000530309 [Woodpigeon(13)], NHMSYS0000530315 [Carrion Crow(13)], NHMSYS0000530316 [Rook(5)], NHMSYS0000530367 [Chaffinch], NHMSYS0000530374 [Jay(4)], NHMSYS0000530406 [Swallow], NHMSYS0000530493 [Pied Wagtail], NHMSYS0000530533 [Great Tit(11)], NHMSYS0000530537 [House Sparrow(13)], NHMSYS0000530621 [Collared Dove(11)], NHMSYS0000530628 [Starling(17)], NHMSYS0000530633 [Blackcap(14)], NHMSYS0000530671 [Wren(13)], NHMSYS0000530674 [Blackbird(13)], NHMSYS0000530678 [Song Thrush(8)], NHMSYS0000530682 [Mistle Thrush], NHMSYS0000530739 [Robin(12)], NHMSYS0000530749 [Chiffchaff(8)], NHMSYS0000530759 [Willow Warbler], NHMSYS0000530761 [Magpie(13)], NHMSYS0000530763 [Green Woodpecker(3)], NHMSYS0000530790 [Dunnock(9)], NHMSYS0001387435 [Dark Bush-cricket(2)], NHMSYS0001688296 [Blue Tit(13)], NHMSYS0001688300 [Coal Tit], NHMSYS0020755138 [Bank Vole], NHMSYS0021002985 [Greenfinch(7)], NHMSYS0021178877 [Jackdaw(12)], NHMSYS0021311327 [Whitethroat]`"
**ST59787528**,`NHMSYS0001706186 [Common Lizard]`
**ST59787583**,`NBNSYS0000005626 [Southern Hawker]`
**ST5979**,"`NBNSYS0000005606 [Azure Damselfly], NBNSYS0000005627 [Migrant Hawker], NBNSYS0000005630 [Emperor Dragonfly(2)], NBNSYS0000005641 [Black-tailed Skimmer], NBNSYS0000005645 [Common Darter(2)], NBNSYS0000012934, NBNSYS0000028875, NBNSYS0000030985, NHMSYS0000344179 [Blue-tailed Damselfly(2)]`"
**ST59797490**,`NBNSYS0100002538 [Ivy Bee]`
**ST59807493**,`NHMSYS0000712592 [Harlequin Ladybird]`
**ST59807566**,`NBNSYS0000007074`
**ST59807834**,`NHMSYS0020705811 [Cuckoo-Spit Insect]`
**ST59827745**,`NHMSYS0000875564 [Tree Bumblebee]`
**ST59827838**,`NHMSYS0020705811 [Cuckoo-Spit Insect]`
**ST59837185**,`NHMSYS0020705811 [Cuckoo-Spit Insect]`
**ST59847664**,"`NHMSYS0000875177 [Ashy Mining Bee], NHMSYS0000875423 [Western Honey Bee], NHMSYS0000875576 [Common Carder Bee]`"
**ST59867128**,`NBNSYS0100002538 [Ivy Bee]`
**ST59867494**,`NBNSYS0000007061 [Batman Hoverfly]`
**ST598709**,`NHMSYS0000875407 [Hairy-footed Flower Bee]`
**ST598712**,"`NBNSYS0000007047(13), NBNSYS0000007052, NBNSYS0000007054(4), NBNSYS0000007057, NBNSYS0000007061 [Batman Hoverfly], NBNSYS0000011544 [Rose Chafer(2)], NBNSYS0000024913, NBNSYS0000024942(5), NBNSYS0000024943 [Swollen-thighed Beetle(11)], NBNSYS0100022513, NHMSYS0000875423 [Western Honey Bee(3)], NHMSYS0000875564 [Tree Bumblebee], NHMSYS0000875570 [White-tailed Bumblebee], NHMSYS0000875576 [Common Carder Bee(7)], NHMSYS0000875578 [Early Bumblebee], NHMSYS0000875595 [Buff-tailed Bumblebee], NHMSYS0020109272(4), NHMSYS0020151555 [Raspberry Beetle], NHMSYS0020152556(2), NHMSYS0020755521 [Large Skipper]`"
**ST598714**,`NHMSYS0020705221`
**ST598716**,"`NBNSYS0000006933(2), NBNSYS0000007047, NBNSYS0000007057, NBNSYS0000030409, NBNSYS0000033260, NBNSYS0100002295, NHMSYS0021199113`"
**ST598719**,`NHMSYS0000530315 [Carrion Crow]`
**ST598720**,"`NHMSYS0000530315 [Carrion Crow], NHMSYS0020152530, NHMSYS0020962539 [Black-headed Gull]`"
**ST598723**,`NHMSYS0000530739 [Robin]`
**ST598724**,`NHMSYS0000530308 [Stock Dove]`
**ST598733**,"`NHMSYS0000530790 [Dunnock], NHMSYS0020962539 [Black-headed Gull]`"
**ST598736**,`NBNSYS0000003189 [Himalayan Balsam]`
**ST598748**,"`NBNSYS0000005599 [Large Red Damselfly(2)], NBNSYS0000005606 [Azure Damselfly], NBNSYS0000005626 [Southern Hawker(2)], NBNSYS0000005637 [Broad-bodied Chaser], NBNSYS0000005645 [Common Darter(5)]`"
**ST598749**,"`NBNSYS0000005599 [Large Red Damselfly], NHMSYS0000462067 [Primrose], NHMSYS0000462335 [Japanese Knotweed], NHMSYS0000875562 [Small Garden Bumblebee], NHMSYS0000875576 [Common Carder Bee]`"
**ST598750**,`NHMSYS0020528245 [Draparnaud's Glass Snail]`
**ST598751**,"`NBNSYS0000006825 [Speckled Bush-cricket], NBNSYS0000006838 [Common Green Grasshopper], NBNSYS0000006842 [Field Grasshopper], NBNSYS0000006867(3), NBNSYS0000006916 [Marmalade Hoverfly], NBNSYS0000006964, NBNSYS0000007047(14), NBNSYS0000007054(4), NBNSYS0000007057(3), NBNSYS0000008334 [22-spot Ladybird], NBNSYS0000024943 [Swollen-thighed Beetle], NBNSYS0000030074, NHMSYS0000875423 [Western Honey Bee(15)], NHMSYS0000875562 [Small Garden Bumblebee], NHMSYS0000875570 [White-tailed Bumblebee], NHMSYS0000875576 [Common Carder Bee(14)], NHMSYS0000875595 [Buff-tailed Bumblebee(3)], NHMSYS0000876102 [Chalk Yellow-face Bee], NHMSYS0000876174 [Common Furrow Bee(2)], NHMSYS0001387435 [Dark Bush-cricket], NHMSYS0021583970 [Meadow Grasshopper], NHMSYS0021898013 [Common Earwig]`"
**ST598754**,`NBNSYS0000004445 [Daisy]`
**ST598758**,`NHMSYS0020528153 [Common Garden Snail]`
**ST598771**,`NHMSYS0000530130 [Reed Warbler]`
**ST598773**,`NHMSYS0000530307 [Rock Dove]`
**ST59877494**,`NHMSYS0020309647`
**ST59877508**,`NBNSYS0000006908`
**ST598776**,`NBNSYS0000007943 [Dark-edged Bee-fly]`
**ST598778**,`NHMSYS0000530790 [Dunnock]`
**ST59897133**,`NHMSYS0020528153 [Common Garden Snail]`
**ST59897496**,`NBNSYS0000030116`
**ST59957130**,`NHMSYS0000875564 [Tree Bumblebee]`
**ST599706**,`NHMSYS0000530537 [House Sparrow]`
**ST599707**,`NBNSYS0000005078 [Hedgehog]`
**ST599710**,"`NBNSYS0000008324 [7-spot Ladybird], NHMSYS0000712592 [Harlequin Ladybird]`"
**ST599711**,`NBNSYS0000007054`
**ST599714**,`NHMSYS0000712592 [Harlequin Ladybird]`
**ST599719**,"`NHMSYS0000530533 [Great Tit], NHMSYS0020748826`"
**ST599720**,`NBNSYS0000000038 [Herring Gull]`
**ST599722**,"`NBNSYS0000008324 [7-spot Ladybird], NHMSYS0000530674 [Blackbird], NHMSYS0000530739 [Robin]`"
**ST599723**,`NBNSYS0000000010 [Mute Swan]`
**ST599725**,`NBNSYS0000003189 [Himalayan Balsam]`
**ST599736**,`NHMSYS0020977729 [Southern Oak Bush-cricket]`
**ST599739**,`NBNSYS0000036475 [Grey-cushioned Grimmia]`
**ST599741**,`NBNSYS0000006867`
**ST599746**,"`NBNSYS0000007057, NBNSYS0000007110`"
**ST599748**,`NBNSYS0000005637 [Broad-bodied Chaser]`
**ST599749**,"`NBNSYS0000005599 [Large Red Damselfly(4)], NBNSYS0000005637 [Broad-bodied Chaser], NBNSYS0000006446(2), NBNSYS0000006912, NBNSYS0000006916 [Marmalade Hoverfly], NBNSYS0000007054, NBNSYS0000029054, NHMSYS0001387435 [Dark Bush-cricket]`"
**ST599750**,`NHMSYS0001701961 [Two-toothed Door Snail]`
**ST599751**,`NHMSYS0020151686 [Rosemary Beetle]`
**ST599754**,`NHMSYS0000464161 [Dandelion]`
**ST599756**,`NHMSYS0020528153 [Common Garden Snail]`
**ST599758**,"`NHMSYS0000530671 [Wren], NHMSYS0000530674 [Blackbird], NHMSYS0001688296 [Blue Tit], NHMSYS0020528153 [Common Garden Snail]`"
**ST599762**,"`NBNSYS0000008334 [22-spot Ladybird], NHMSYS0000712592 [Harlequin Ladybird]`"
**ST599770**,`NHMSYS0000530315 [Carrion Crow]`
**ST59977500**,`NHMSYS0000876221 [Brown Tree Ant]`
**ST59977573**,`NHMSYS0020528153 [Common Garden Snail]`
**ST59987574**,`NHMSYS0020528153 [Common Garden Snail]`
**ST59997755**,`NHMSYS0020959410`
**ST60057154**,`NBNSYS0000005637 [Broad-bodied Chaser]`
**ST600702**,`NBNSYS0000007943 [Dark-edged Bee-fly]`
**ST600707**,"`NBNSYS0000000038 [Herring Gull], NHMSYS0000530309 [Woodpigeon(2)], NHMSYS0000530537 [House Sparrow], NHMSYS0000530628 [Starling], NHMSYS0000530674 [Blackbird], NHMSYS0000530761 [Magpie(2)]`"
**ST600708**,`NHMSYS0000875564 [Tree Bumblebee]`
**ST600718**,"`NBNSYS0000000024 [Moorhen], NHMSYS0000530309 [Woodpigeon]`"
**ST600719**,"`NBNSYS0000000024 [Moorhen], NHMSYS0000530307 [Rock Dove], NHMSYS0000530309 [Woodpigeon], NHMSYS0000530315 [Carrion Crow], NHMSYS0000530533 [Great Tit], NHMSYS0000530739 [Robin], NHMSYS0000530761 [Magpie(2)]`"
**ST600721**,"`NBNSYS0000000004 [Cormorant], NHMSYS0000530315 [Carrion Crow(2)], NHMSYS0020213805(5)`"
**ST600722**,"`NBNSYS0000000038 [Herring Gull], NHMSYS0000530247 [Goldfinch], NHMSYS0000530307 [Rock Dove(2)], NHMSYS0000530739 [Robin], NHMSYS0000530761 [Magpie(2)], NHMSYS0020213805(2), NHMSYS0020962539 [Black-headed Gull]`"
**ST600723**,`NHMSYS0020213805`
**ST600726**,"`NHMSYS0000530309 [Woodpigeon], NHMSYS0000530761 [Magpie]`"
**ST600734**,"`NBNSYS0000006959, NBNSYS0000008330 [14-spot Ladybird], NHMSYS0020109266 [Green Shieldbug]`"
**ST600740**,"`BMSSYS0000043743, BMSSYS0000049685, BMSSYS0000052412, BMSSYS0000534108, BMSSYS0000534141, NBNSYS0000003711 [Giant Hogweed], NBNSYS0000018579, NBNSYS0000020700, NHMSYS0001476303, NHMSYS0001476787, NHMSYS0001476799, NHMSYS0001484847, NHMSYS0001486984, NHMSYS0001493019, NHMSYS0001494846 [Chewing Gum Lichen], NHMSYS0001501925 [Common Orange Lichen], NHMSYS0020327881, NHMSYS0020990212, NHMSYS0020990218`"
**ST600741**,`NHMSYS0000462335 [Japanese Knotweed]`
**ST600745**,"`NBNSYS0000006842 [Field Grasshopper], NBNSYS0000008324 [7-spot Ladybird], NBNSYS0000011206 [Alder Leaf Beetle], NHMSYS0020309177 [Hairy Shieldbug], NHMSYS0020309518 [Southern Green Shieldbug]`"
**ST600747**,"`NHMSYS0000712592 [Harlequin Ladybird], NHMSYS0020302077, NHMSYS0020705811 [Cuckoo-Spit Insect], NHMSYS0020920014`"
**ST600749**,"`NBNSYS0000005626 [Southern Hawker], NHMSYS0000875177 [Ashy Mining Bee], NHMSYS0000875222 [Red-girdled Mining Bee], NHMSYS0000875407 [Hairy-footed Flower Bee], NHMSYS0020109255 [Dock Bug]`"
**ST600750**,"`NBNSYS0000005602 [Common Blue Damselfly], NBNSYS0000005626 [Southern Hawker], NBNSYS0000007019, NBNSYS0000008332 [Orange Ladybird], NBNSYS0000030811, NBNSYS0100000129(2), NBNSYS0100000194, NBNSYS0100000337, NBNSYS0100000425, NBNSYS0100000650(2), NHMSYS0001701992 [Rounded Snail], NHMSYS0020308885 [Hawthorn Shieldbug], NHMSYS0020309624 [Red-legged Shieldbug], NHMSYS0020480770 [Broad-barred Fusehorn], NHMSYS0020528290 [Budapest Keeled Slug]`"
**ST600751**,"`NBNSYS0000003322 [Raspberry], NBNSYS0000005599 [Large Red Damselfly(15)], NBNSYS0000005602 [Common Blue Damselfly(12)], NBNSYS0000005626 [Southern Hawker(9)], NBNSYS0000005630 [Emperor Dragonfly(17)], NBNSYS0000005637 [Broad-bodied Chaser(10)], NBNSYS0000005645 [Common Darter(27)], NBNSYS0000149724 [Common Feather-moss], NHMSYS0000344179 [Blue-tailed Damselfly(11)], NHMSYS0020528153 [Common Garden Snail]`"
**ST600752**,"`NBNSYS0000005599 [Large Red Damselfly(7)], NBNSYS0000005602 [Common Blue Damselfly(5)], NBNSYS0000005626 [Southern Hawker(3)], NBNSYS0000005630 [Emperor Dragonfly(3)], NBNSYS0000005637 [Broad-bodied Chaser(5)], NBNSYS0000005645 [Common Darter(8)], NHMSYS0000344179 [Blue-tailed Damselfly(3)]`"
**ST600753**,`NHMSYS0020309518 [Southern Green Shieldbug(2)]`
**ST600756**,`NBNSYS0000006912`
**ST600760**,"`NBNSYS0000160220 [Ichneumonid], NHMSYS0000875423 [Western Honey Bee(2)], NHMSYS0000875578 [Early Bumblebee], NHMSYS0000875595 [Buff-tailed Bumblebee]`"
**ST600763**,"`NBNSYS0100000414(2), NBNSYS0100000657, NBNSYS0100000659`"
**ST600769**,"`NHMSYS0000530367 [Chaffinch], NHMSYS0000530628 [Starling(3)]`"
**ST600773**,`NHMSYS0000530674 [Blackbird]`
**ST600774**,"`NHMSYS0000530533 [Great Tit], NHMSYS0000530628 [Starling], NHMSYS0000530739 [Robin], NHMSYS0000530761 [Magpie]`"
**ST60077505**,"`NBNSYS0000022337 [Green Worm], NBNSYS0000022341 [Long-Worm], NBNSYS0000022348 [Manure Worm], NBNSYS0000022353 [Chestnut Worm], NBNSYS0000022355 [Ruddy Worm], NBNSYS0000022358 [Common Earthworm], NBNSYS0000022360 [Blue-Grey Worm], NBNSYS0000022362 [Little Tree Worm], NHMSYS0020500973, NHMSYS0021193776, NHMSYS0021193782 [Bank Worm], NHMSYS0021193899`"
**ST600795**,"`NBNSYS0000000038 [Herring Gull], NHMSYS0000530247 [Goldfinch(5)], NHMSYS0000530309 [Woodpigeon(4)], NHMSYS0000530313 [Raven], NHMSYS0000530315 [Carrion Crow(2)], NHMSYS0000530367 [Chaffinch], NHMSYS0000530374 [Jay], NHMSYS0000530533 [Great Tit(5)], NHMSYS0000530537 [House Sparrow(5)], NHMSYS0000530621 [Collared Dove(2)], NHMSYS0000530628 [Starling(5)], NHMSYS0000530633 [Blackcap], NHMSYS0000530671 [Wren], NHMSYS0000530674 [Blackbird(3)], NHMSYS0000530739 [Robin(3)], NHMSYS0000530749 [Chiffchaff(2)], NHMSYS0000530761 [Magpie(7)], NHMSYS0000530790 [Dunnock], NHMSYS0000530802 [Bullfinch], NHMSYS0001688296 [Blue Tit(5)], NHMSYS0001688300 [Coal Tit(2)], NHMSYS0021002985 [Greenfinch], NHMSYS0021178877 [Jackdaw(5)]`"
**ST60087076**,`NHMSYS0020705811 [Cuckoo-Spit Insect]`
**ST60087141**,`NBNSYS0000007943 [Dark-edged Bee-fly]`
**ST60097561**,`NBNSYS0000005616 [Beautiful Demoiselle]`
**ST60107024**,`NHMSYS0000875564 [Tree Bumblebee]`
**ST60107498**,"`NHMSYS0020309851, NHMSYS0020705926`"
**ST60107511**,`NHMSYS0020480783 [Common Rose Fusehorn]`
**ST60127441**,`NBNSYS0000003189 [Himalayan Balsam]`
**ST60127509**,`NBNSYS0000007051`
**ST60137503**,`NBNSYS0100002538 [Ivy Bee]`
**ST60137542**,`NHMSYS0021240443 [Willow Bean-galler]`
**ST60147509**,`NHMSYS0020309231 [Tortoise Bug]`
**ST60147545**,`NBNSYS0000006725 [Worm Slug]`
**ST60147546**,`NBNSYS0000006725 [Worm Slug]`
**ST60157535**,`NBNSYS0000005616 [Beautiful Demoiselle]`
**ST6016375075**,"`NBNSYS0000024943 [Swollen-thighed Beetle], NHMSYS0000875423 [Western Honey Bee]`"
**ST60167376**,`NHMSYS0000712592 [Harlequin Ladybird]`
**ST601702**,`NHMSYS0000873237 [Small Black Ant]`
**ST601705**,`NHMSYS0000530315 [Carrion Crow]`
**ST601712**,"`NBNSYS0000008319 [2-spot Ladybird], NBNSYS0000159635 [Froghopper]`"
**ST601714**,`NHMSYS0020476639 [Western Conifer Seed Bug(2)]`
**ST601715**,`NBNSYS0000138972`
**ST601716**,`NBNSYS0000000038 [Herring Gull]`
**ST601717**,"`NBNSYS0000000038 [Herring Gull], NBNSYS0000011065, NBNSYS0000011225 [Large Flax Flea Beetle], NBNSYS0000025016, NBNSYS0000025523, NHMSYS0001688296 [Blue Tit], NHMSYS0020152539, NHMSYS0020152557 [Common Pollen Beetle], NHMSYS0020153658, NHMSYS0020962539 [Black-headed Gull]`"
**ST601718**,"`NHMSYS0000530133 [Long-tailed Tit(3)], NHMSYS0000530315 [Carrion Crow(2)], NHMSYS0000530533 [Great Tit(2)], NHMSYS0000530761 [Magpie(6)], NHMSYS0000530790 [Dunnock], NHMSYS0001688296 [Blue Tit]`"
**ST601726**,`NHMSYS0000530674 [Blackbird]`
**ST601727**,`NBNSYS0000007098 [Hornet Hoverfly]`
**ST601731**,"`NHMSYS0000530165 [Swift], NHMSYS0000530671 [Wren]`"
**ST601733**,`NHMSYS0000530761 [Magpie]`
**ST601738**,`NHMSYS0000875423 [Western Honey Bee]`
**ST601749**,"`NBNSYS0000005626 [Southern Hawker], NBNSYS0000005627 [Migrant Hawker], NBNSYS0100002538 [Ivy Bee], NHMSYS0020977729 [Southern Oak Bush-cricket]`"
**ST601750**,"`NBNSYS0000003322 [Raspberry], NBNSYS0000005599 [Large Red Damselfly], NBNSYS0000005645 [Common Darter], NBNSYS0000007007, NBNSYS0000007057, NBNSYS0000007110, NBNSYS0000007942 [Dotted Bee-fly], NBNSYS0000023054, NBNSYS0000024823 [Churchyard Beetle], NBNSYS0000037145 [Cranefly], NBNSYS0000160590 [grasshoppers and crickets], NHMSYS0000875202 [Yellow-legged Mining Bee], NHMSYS0000875243 [Buffish Mining Bee], NHMSYS0000875576 [Common Carder Bee(2)], NHMSYS0000876438 [Marsham's Nomad Bee], NHMSYS0001387435 [Dark Bush-cricket], NHMSYS0001701949 [Brown-lipped Snail], NHMSYS0001702106 [Kentish Snail], NHMSYS0001702244 [Strawberry Snail], NHMSYS0020109266 [Green Shieldbug(2)], NHMSYS0020309144, NHMSYS0020309684, NHMSYS0020528135 [White-lipped Snail], NHMSYS0020705221, NHMSYS0020705258 [Tree Hopper(2)], NHMSYS0021366624, NHMSYS0021583970 [Meadow Grasshopper]`"
**ST601751**,"`NBNSYS0000005599 [Large Red Damselfly(4)], NBNSYS0000005602 [Common Blue Damselfly(13)], NBNSYS0000005626 [Southern Hawker(4)], NBNSYS0000005630 [Emperor Dragonfly], NBNSYS0000005637 [Broad-bodied Chaser(6)], NBNSYS0000005645 [Common Darter(2)], NBNSYS0000005650 [Ruddy Darter], NBNSYS0000006842 [Field Grasshopper], NBNSYS0000007943 [Dark-edged Bee-fly], NBNSYS0000040188 [Hoverfly], NHMSYS0000310512 [Neat Feather-moss], NHMSYS0000344179 [Blue-tailed Damselfly(6)], NHMSYS0000876223 [Yellow Meadow Ant], NHMSYS0000876420 [Little Nomad Bee], NHMSYS0020528135 [White-lipped Snail(2)], NHMSYS0020705221`"
**ST601752**,`NBNSYS0000005606 [Azure Damselfly]`
**ST601753**,"`NBNSYS0000006951, NBNSYS0000008324 [7-spot Ladybird], NBNSYS0000025449 [Strawberry-blossom Weevil], NHMSYS0001716807, NHMSYS0020109262, NHMSYS0020309113, NHMSYS0021240443 [Willow Bean-galler]`"
**ST601754**,"`NHMSYS0000462335 [Japanese Knotweed], NHMSYS0021240443 [Willow Bean-galler], NHMSYS0100001603 [Lesser Celandine]`"
**ST601755**,"`NBNSYS0000007095, NHMSYS0000530309 [Woodpigeon(6)], NHMSYS0000530315 [Carrion Crow(3)], NHMSYS0000530493 [Pied Wagtail(2)], NHMSYS0000530533 [Great Tit(3)], NHMSYS0000530537 [House Sparrow(7)], NHMSYS0000530610 [Nuthatch], NHMSYS0000530621 [Collared Dove(4)], NHMSYS0000530628 [Starling(10)], NHMSYS0000530674 [Blackbird(2)], NHMSYS0000530678 [Song Thrush], NHMSYS0000530679 [Fieldfare], NHMSYS0000530739 [Robin(2)], NHMSYS0000530761 [Magpie(5)], NHMSYS0000530790 [Dunnock(3)], NHMSYS0001688296 [Blue Tit(5)], NHMSYS0001688300 [Coal Tit(2)], NHMSYS0001702073, NHMSYS0021002985 [Greenfinch(2)]`"
**ST601770**,`NHMSYS0021178877 [Jackdaw]`
**ST601772**,"`NBNSYS0000000037 [Lesser Black-backed Gull], NHMSYS0021002985 [Greenfinch]`"
**ST601773**,"`NHMSYS0000530309 [Woodpigeon], NHMSYS0000530315 [Carrion Crow], NHMSYS0000530537 [House Sparrow(2)], NHMSYS0001688296 [Blue Tit]`"
**ST601775**,"`NBNSYS0000000006 [Grey Heron(2)], NBNSYS0000000024 [Moorhen], NBNSYS0000000038 [Herring Gull(3)], NHMSYS0000530120 [Sparrowhawk(2)], NHMSYS0000530133 [Long-tailed Tit(85)], NHMSYS0000530139 [Skylark(5)], NHMSYS0000530159 [Meadow Pipit(4)], NHMSYS0000530225 [Buzzard(3)], NHMSYS0000530247 [Goldfinch(53)], NHMSYS0000530307 [Rock Dove(10)], NHMSYS0000530309 [Woodpigeon(64)], NHMSYS0000530313 [Raven(6)], NHMSYS0000530315 [Carrion Crow(48)], NHMSYS0000530316 [Rook(2)], NHMSYS0000530331 [Great Spotted Woodpecker], NHMSYS0000530358 [Kestrel(2)], NHMSYS0000530367 [Chaffinch(7)], NHMSYS0000530374 [Jay(5)], NHMSYS0000530493 [Pied Wagtail(10)], NHMSYS0000530533 [Great Tit(61)], NHMSYS0000530537 [House Sparrow(137)], NHMSYS0000530579 [Goldcrest(12)], NHMSYS0000530610 [Nuthatch(6)], NHMSYS0000530621 [Collared Dove(13)], NHMSYS0000530625 [Tawny Owl], NHMSYS0000530628 [Starling(243)], NHMSYS0000530633 [Blackcap], NHMSYS0000530671 [Wren(14)], NHMSYS0000530673 [Redwing(15)], NHMSYS0000530674 [Blackbird(32)], NHMSYS0000530678 [Song Thrush(10)], NHMSYS0000530679 [Fieldfare(2)], NHMSYS0000530739 [Robin(39)], NHMSYS0000530749 [Chiffchaff], NHMSYS0000530761 [Magpie(63)], NHMSYS0000530763 [Green Woodpecker], NHMSYS0000530790 [Dunnock(28)], NHMSYS0000530802 [Bullfinch(5)], NHMSYS0001688296 [Blue Tit(94)], NHMSYS0001688300 [Coal Tit(20)], NHMSYS0020962539 [Black-headed Gull(6)], NHMSYS0021002985 [Greenfinch(8)], NHMSYS0021004277 [Siskin(2)], NHMSYS0021178877 [Jackdaw(44)]`"
**ST60207501**,"`NBNSYS0000005645 [Common Darter], NBNSYS0000006959, NBNSYS0000007000, NBNSYS0000007825 [Broad Centurion], NBNSYS0000007917 [Small Yellow-legged Robberfly]`"
**ST60217099**,`NHMSYS0000712592 [Harlequin Ladybird]`
**ST60217387**,`NBNSYS0000006912`
**ST60217554**,`NBNSYS0000007061 [Batman Hoverfly]`
**ST60237143**,`NHMSYS0000712592 [Harlequin Ladybird]`
**ST60237481**,`NHMSYS0020705811 [Cuckoo-Spit Insect]`
**ST60247477**,`NHMSYS0000712592 [Harlequin Ladybird]`
**ST60247648**,`NHMSYS0000712592 [Harlequin Ladybird]`
**ST60257239**,`NHMSYS0020302077`
**ST60267140**,`NHMSYS0000712592 [Harlequin Ladybird(2)]`
**ST60267142**,`NHMSYS0000712592 [Harlequin Ladybird(2)]`
**ST60267487**,`NHMSYS0020705811 [Cuckoo-Spit Insect]`
**ST602706**,`NHMSYS0020528135 [White-lipped Snail]`
**ST602708**,`NHMSYS0000530493 [Pied Wagtail]`
**ST602714**,"`NBNSYS0000006867, NHMSYS0000712592 [Harlequin Ladybird(8)], NHMSYS0000873237 [Small Black Ant(2)], NHMSYS0000875570 [White-tailed Bumblebee], NHMSYS0000876174 [Common Furrow Bee(2)], NHMSYS0020302075`"
**ST602715**,`NHMSYS0000712592 [Harlequin Ladybird]`
**ST602716**,"`NBNSYS0000000036 [Great Black-backed Gull], NBNSYS0000000037 [Lesser Black-backed Gull], NHMSYS0000530307 [Rock Dove], NHMSYS0000530309 [Woodpigeon], NHMSYS0000530674 [Blackbird], NHMSYS0000530761 [Magpie]`"
**ST602717**,"`NBNSYS0000011206 [Alder Leaf Beetle], NHMSYS0000530309 [Woodpigeon], NHMSYS0000530533 [Great Tit], NHMSYS0020977729 [Southern Oak Bush-cricket(2)]`"
**ST602718**,`NHMSYS0000530739 [Robin]`
**ST602723**,"`NBNSYS0000007054, NHMSYS0020309200 [Parent Bug]`"
**ST602745**,`NHMSYS0000530739 [Robin]`
**ST602750**,"`NHMSYS0000343194 [White Snail], NHMSYS0001702106 [Kentish Snail], NHMSYS0001702134, NHMSYS0020151698, NHMSYS0020528135 [White-lipped Snail], NHMSYS0020528153 [Common Garden Snail]`"
**ST602755**,"`NBNSYS0000006920, NHMSYS0000712592 [Harlequin Ladybird], NHMSYS0020109266 [Green Shieldbug]`"
**ST602760**,`NBNSYS0000005624 [Common Hawker]`
**ST602761**,"`NBNSYS0000006866, NBNSYS0000006871(2), NBNSYS0000006959, NBNSYS0000006976, NBNSYS0000007054(3), NBNSYS0000007057, NBNSYS0000156287, NHMSYS0000873237 [Small Black Ant(2)], NHMSYS0000875423 [Western Honey Bee], NHMSYS0000875576 [Common Carder Bee], NHMSYS0000876174 [Common Furrow Bee(3)], NHMSYS0021199113`"
**ST602771**,`NHMSYS0000530493 [Pied Wagtail]`
**ST602773**,"`NBNSYS0000000038 [Herring Gull], NHMSYS0000530247 [Goldfinch], NHMSYS0000530309 [Woodpigeon(2)], NHMSYS0000530537 [House Sparrow(2)], NHMSYS0000530673 [Redwing], NHMSYS0000530674 [Blackbird], NHMSYS0000530761 [Magpie]`"
**ST602774**,"`NHMSYS0000530247 [Goldfinch], NHMSYS0000530307 [Rock Dove], NHMSYS0000530621 [Collared Dove]`"
**ST60317663**,`NHMSYS0020528135 [White-lipped Snail]`
**ST60327461**,`NBNSYS0000007943 [Dark-edged Bee-fly]`
**ST60327663**,`NHMSYS0001702244 [Strawberry Snail]`
**ST60337283**,`NBNSYS0000007061 [Batman Hoverfly]`
**ST60347132**,`NHMSYS0020705811 [Cuckoo-Spit Insect]`
**ST60347141**,`NHMSYS0020151686 [Rosemary Beetle]`
**ST603708**,`NHMSYS0000530537 [House Sparrow(2)]`
**ST603712**,"`NHMSYS0000530579 [Goldcrest], NHMSYS0020705811 [Cuckoo-Spit Insect(3)]`"
**ST603716**,"`NHMSYS0000462335 [Japanese Knotweed], NHMSYS0000530315 [Carrion Crow]`"
**ST603717**,"`NBNSYS0000007285, NBNSYS0000007299, NHMSYS0000530671 [Wren], NHMSYS0001688296 [Blue Tit]`"
**ST603726**,"`NBNSYS0000000037 [Lesser Black-backed Gull], NHMSYS0000530315 [Carrion Crow]`"
**ST603730**,`NHMSYS0020302075`
**ST603731**,"`NHMSYS0000530374 [Jay(2)], NHMSYS0000530678 [Song Thrush], NHMSYS0000530739 [Robin]`"
**ST603732**,`NHMSYS0000530374 [Jay]`
**ST603750**,`NHMSYS0000080156 [Great Crested Newt(3)]`
**ST603751**,`NBNSYS0000005626 [Southern Hawker(2)]`
**ST603771**,"`NBNSYS0000000038 [Herring Gull], NHMSYS0000530309 [Woodpigeon], NHMSYS0000530537 [House Sparrow], NHMSYS0000530678 [Song Thrush]`"
**ST603772**,"`NBNSYS0000000006 [Grey Heron], NHMSYS0000530225 [Buzzard], NHMSYS0000530739 [Robin], NHMSYS0000530790 [Dunnock], NHMSYS0001688296 [Blue Tit]`"
**ST603773**,"`NHMSYS0000530247 [Goldfinch], NHMSYS0000530307 [Rock Dove], NHMSYS0000530309 [Woodpigeon(4)], NHMSYS0000530315 [Carrion Crow(2)], NHMSYS0000530367 [Chaffinch], NHMSYS0000530494 [Grey Wagtail], NHMSYS0000530533 [Great Tit(5)], NHMSYS0000530537 [House Sparrow(5)], NHMSYS0000530621 [Collared Dove(2)], NHMSYS0000530628 [Starling(3)], NHMSYS0000530633 [Blackcap(5)], NHMSYS0000530673 [Redwing], NHMSYS0000530674 [Blackbird(4)], NHMSYS0000530678 [Song Thrush(2)], NHMSYS0000530739 [Robin(2)], NHMSYS0000530761 [Magpie(3)], NHMSYS0000530790 [Dunnock(2)], NHMSYS0001688296 [Blue Tit(3)], NHMSYS0001688300 [Coal Tit], NHMSYS0021002985 [Greenfinch(2)], NHMSYS0021178877 [Jackdaw(3)]`"
**ST603774**,"`NHMSYS0000530628 [Starling(2)], NHMSYS0000530739 [Robin], NHMSYS0000530761 [Magpie]`"
**ST603775**,"`NHMSYS0000530367 [Chaffinch], NHMSYS0000530739 [Robin], NHMSYS0000530802 [Bullfinch]`"
**ST60377524**,"`NBNSYS0000025215, NBNSYS0100000414, NBNSYS0100000425, NHMSYS0020309505 [Field Damsel Bug]`"
**ST603792**,"`NBNSYS0000006866, NBNSYS0000006867, NBNSYS0100002295, NHMSYS0000875423 [Western Honey Bee], NHMSYS0000875570 [White-tailed Bumblebee], NHMSYS0000875576 [Common Carder Bee], NHMSYS0000876212 [Smeathman's Furrow Bee(3)]`"
**ST60387523**,`NHMSYS0020109262`
**ST60387524**,"`NBNSYS0000007052, NBNSYS0000007054, NBNSYS0000007943 [Dark-edged Bee-fly], NBNSYS0000008324 [7-spot Ladybird], NBNSYS0000008334 [22-spot Ladybird(2)], NBNSYS0000133089, NHMSYS0000712592 [Harlequin Ladybird], NHMSYS0000875171 [Gwynne's Mining Bee], NHMSYS0000875215 [Orange-tailed Mining Bee], NHMSYS0000875423 [Western Honey Bee], NHMSYS0000875576 [Common Carder Bee], NHMSYS0000875595 [Buff-tailed Bumblebee], NHMSYS0000876030 [Yellow-legged Furrow Bee], NHMSYS0020109265 [Vine Weevil], NHMSYS0020109266 [Green Shieldbug], NHMSYS0020109268 [Black Clock], NHMSYS0020151686 [Rosemary Beetle], NHMSYS0020152473, NHMSYS0020309113, NHMSYS0020309225 [Cabbage Bug], NHMSYS0020309315 [Ant Damsel Bug], NHMSYS0020309777, NHMSYS0020528153 [Common Garden Snail(2)], NHMSYS0021898013 [Common Earwig]`"
**ST60417128**,`NHMSYS0020528153 [Common Garden Snail]`
**ST60427095**,`NHMSYS0000875564 [Tree Bumblebee]`
**ST60437443**,`NHMSYS0001702050 [Girdled Snail]`
**ST604713**,"`NBNSYS0000005060 [Common Frog], NHMSYS0020194827 [Smooth Newt]`"
**ST604715**,"`NHMSYS0000530309 [Woodpigeon], NHMSYS0001688296 [Blue Tit]`"
**ST604716**,"`NHMSYS0000530633 [Blackcap], NHMSYS0000530761 [Magpie]`"
**ST604717**,"`NHMSYS0000530315 [Carrion Crow], NHMSYS0000530671 [Wren], NHMSYS0000530674 [Blackbird]`"
**ST604739**,`NHMSYS0020528153 [Common Garden Snail]`
**ST604744**,"`NBNSYS0000006866, NBNSYS0000008289 [24-spot Ladybird], NHMSYS0020109262, NHMSYS0020705221`"
**ST604745**,"`NBNSYS0000000024 [Moorhen], NBNSYS0000000037 [Lesser Black-backed Gull], NHMSYS0000530309 [Woodpigeon], NHMSYS0000530315 [Carrion Crow], NHMSYS0000530761 [Magpie(3)], NHMSYS0020213805, NHMSYS0020962539 [Black-headed Gull]`"
**ST604747**,"`NBNSYS0000005626 [Southern Hawker], NBNSYS0000005630 [Emperor Dragonfly]`"
**ST604751**,"`NBNSYS0000005599 [Large Red Damselfly(3)], NBNSYS0000005606 [Azure Damselfly(2)], NBNSYS0000005616 [Beautiful Demoiselle], NBNSYS0000005637 [Broad-bodied Chaser]`"
**ST604753**,`NBNSYS0000005626 [Southern Hawker]`
**ST604755**,"`NBNSYS0000003839 [Hazel], NBNSYS0000007943 [Dark-edged Bee-fly]`"
**ST604756**,"`NBNSYS0000008289 [24-spot Ladybird], NBNSYS0000008324 [7-spot Ladybird]`"
**ST604757**,`NHMSYS0001685273 [Grey-patched Mining Bee]`
**ST604771**,`NHMSYS0000530533 [Great Tit]`
**ST60477133**,`NBNSYS0000005599 [Large Red Damselfly]`
**ST604772**,"`NBNSYS0000000037 [Lesser Black-backed Gull(2)], NBNSYS0000000038 [Herring Gull], NHMSYS0000530133 [Long-tailed Tit], NHMSYS0000530247 [Goldfinch], NHMSYS0000530309 [Woodpigeon], NHMSYS0000530315 [Carrion Crow(3)], NHMSYS0000530367 [Chaffinch], NHMSYS0000530533 [Great Tit(2)], NHMSYS0000530579 [Goldcrest], NHMSYS0000530633 [Blackcap], NHMSYS0000530674 [Blackbird(3)], NHMSYS0000530678 [Song Thrush(2)], NHMSYS0000530739 [Robin], NHMSYS0000530790 [Dunnock(2)], NHMSYS0021002985 [Greenfinch(2)], NHMSYS0021178877 [Jackdaw(2)]`"
**ST604773**,"`NBNSYS0000000006 [Grey Heron(3)], NBNSYS0000000009 [Canada Goose(3)], NBNSYS0000000010 [Mute Swan(2)], NBNSYS0000000027 [Lapwing], NBNSYS0000000037 [Lesser Black-backed Gull(30)], NBNSYS0000000038 [Herring Gull(27)], NHMSYS0000530120 [Sparrowhawk(2)], NHMSYS0000530133 [Long-tailed Tit(38)], NHMSYS0000530139 [Skylark(5)], NHMSYS0000530159 [Meadow Pipit(7)], NHMSYS0000530225 [Buzzard(5)], NHMSYS0000530247 [Goldfinch(53)], NHMSYS0000530266 [Treecreeper(3)], NHMSYS0000530307 [Rock Dove(53)], NHMSYS0000530309 [Woodpigeon(74)], NHMSYS0000530313 [Raven(3)], NHMSYS0000530315 [Carrion Crow(67)], NHMSYS0000530331 [Great Spotted Woodpecker(4)], NHMSYS0000530358 [Kestrel(2)], NHMSYS0000530367 [Chaffinch(16)], NHMSYS0000530374 [Jay(10)], NHMSYS0000530493 [Pied Wagtail(18)], NHMSYS0000530494 [Grey Wagtail(22)], NHMSYS0000530533 [Great Tit(85)], NHMSYS0000530537 [House Sparrow(82)], NHMSYS0000530579 [Goldcrest(18)], NHMSYS0000530610 [Nuthatch(3)], NHMSYS0000530621 [Collared Dove(37)], NHMSYS0000530628 [Starling(84)], NHMSYS0000530633 [Blackcap(50)], NHMSYS0000530671 [Wren(29)], NHMSYS0000530673 [Redwing(4)], NHMSYS0000530674 [Blackbird(66)], NHMSYS0000530678 [Song Thrush(33)], NHMSYS0000530679 [Fieldfare(4)], NHMSYS0000530739 [Robin(87)], NHMSYS0000530749 [Chiffchaff(15)], NHMSYS0000530759 [Willow Warbler], NHMSYS0000530761 [Magpie(78)], NHMSYS0000530790 [Dunnock(50)], NHMSYS0000530792 [Ring-necked Parakeet], NHMSYS0000530802 [Bullfinch(7)], NHMSYS0001688296 [Blue Tit(102)], NHMSYS0001688300 [Coal Tit(32)], NHMSYS0001688303 [Marsh Tit(7)], NHMSYS0020213805, NHMSYS0020962539 [Black-headed Gull(8)], NHMSYS0021002985 [Greenfinch(25)], NHMSYS0021004277 [Siskin(4)], NHMSYS0021053542 [Common Sandpiper], NHMSYS0021178877 [Jackdaw(40)]`"
**ST604774**,"`NHMSYS0000530225 [Buzzard(2)], NHMSYS0000530315 [Carrion Crow], NHMSYS0000530579 [Goldcrest], NHMSYS0000530621 [Collared Dove], NHMSYS0000530628 [Starling(2)], NHMSYS0000530671 [Wren], NHMSYS0000530673 [Redwing], NHMSYS0000530674 [Blackbird], NHMSYS0000530739 [Robin]`"
**ST604775**,`NHMSYS0000530739 [Robin]`
**ST604776**,"`NHMSYS0000530159 [Meadow Pipit], NHMSYS0000530674 [Blackbird]`"
**ST604777**,`NHMSYS0000530749 [Chiffchaff]`
**ST60477779**,`NHMSYS0020705811 [Cuckoo-Spit Insect]`
**ST60487945**,`NHMSYS0020705811 [Cuckoo-Spit Insect]`
**ST60567121**,`NHMSYS0020705811 [Cuckoo-Spit Insect]`
**ST605711**,"`NHMSYS0001702244 [Strawberry Snail], NHMSYS0020528153 [Common Garden Snail]`"
**ST605713**,`NBNSYS0000006825 [Speckled Bush-cricket]`
**ST605716**,"`NBNSYS0000000038 [Herring Gull], NHMSYS0000530533 [Great Tit], NHMSYS0000530537 [House Sparrow]`"
**ST605717**,"`NBNSYS0000000004 [Cormorant], NBNSYS0000000024 [Moorhen], NBNSYS0000000038 [Herring Gull], NHMSYS0000530671 [Wren(2)], NHMSYS0000530739 [Robin], NHMSYS0000530761 [Magpie]`"
**ST605718**,"`NHMSYS0000530133 [Long-tailed Tit], NHMSYS0000530674 [Blackbird]`"
**ST605742**,`NHMSYS0000530628 [Starling]`
**ST605744**,"`NBNSYS0000006446, NHMSYS0020309225 [Cabbage Bug], NHMSYS0020309315 [Ant Damsel Bug]`"
**ST605757**,"`NBNSYS0000007825 [Broad Centurion], NBNSYS0000008330 [14-spot Ladybird]`"
**ST605758**,`NBNSYS0000006916 [Marmalade Hoverfly]`
**ST605767**,`NBNSYS0000007943 [Dark-edged Bee-fly]`
**ST605770**,`NBNSYS0000006842 [Field Grasshopper]`
**ST605771**,"`NBNSYS0000000038 [Herring Gull], NHMSYS0000530309 [Woodpigeon]`"
**ST60577143**,`NBNSYS0000036310 [Wall Screw-moss]`
**ST60577145**,"`NBNSYS0000008061, NBNSYS0000008320 [10-spot Ladybird], NBNSYS0000008324 [7-spot Ladybird], NBNSYS0000008329 [Cream-spot Ladybird], NBNSYS0000008332 [Orange Ladybird], NHMSYS0000712592 [Harlequin Ladybird], NHMSYS0001702050 [Girdled Snail], NHMSYS0020309200 [Parent Bug], NHMSYS0020309624 [Red-legged Shieldbug]`"
**ST605772**,"`NBNSYS0000000038 [Herring Gull], NHMSYS0000530247 [Goldfinch(2)], NHMSYS0000530307 [Rock Dove], NHMSYS0000530309 [Woodpigeon(2)], NHMSYS0000530315 [Carrion Crow], NHMSYS0000530533 [Great Tit], NHMSYS0000530537 [House Sparrow], NHMSYS0000530621 [Collared Dove], NHMSYS0000530628 [Starling], NHMSYS0000530633 [Blackcap], NHMSYS0001688296 [Blue Tit(2)], NHMSYS0001688300 [Coal Tit], NHMSYS0020962539 [Black-headed Gull]`"
**ST605773**,"`NBNSYS0000000037 [Lesser Black-backed Gull(4)], NBNSYS0000000038 [Herring Gull(4)], NHMSYS0000530133 [Long-tailed Tit(4)], NHMSYS0000530247 [Goldfinch(7)], NHMSYS0000530266 [Treecreeper], NHMSYS0000530307 [Rock Dove(9)], NHMSYS0000530309 [Woodpigeon(5)], NHMSYS0000530313 [Raven], NHMSYS0000530315 [Carrion Crow(8)], NHMSYS0000530329 [House Martin], NHMSYS0000530331 [Great Spotted Woodpecker], NHMSYS0000530367 [Chaffinch(4)], NHMSYS0000530374 [Jay(2)], NHMSYS0000530493 [Pied Wagtail(2)], NHMSYS0000530494 [Grey Wagtail(3)], NHMSYS0000530533 [Great Tit(9)], NHMSYS0000530537 [House Sparrow(8)], NHMSYS0000530579 [Goldcrest(5)], NHMSYS0000530621 [Collared Dove(7)], NHMSYS0000530628 [Starling(9)], NHMSYS0000530633 [Blackcap(6)], NHMSYS0000530671 [Wren(6)], NHMSYS0000530674 [Blackbird(5)], NHMSYS0000530678 [Song Thrush(4)], NHMSYS0000530682 [Mistle Thrush], NHMSYS0000530739 [Robin(6)], NHMSYS0000530749 [Chiffchaff], NHMSYS0000530761 [Magpie(4)], NHMSYS0000530790 [Dunnock(3)], NHMSYS0001688296 [Blue Tit(4)], NHMSYS0001688300 [Coal Tit(2)], NHMSYS0021002985 [Greenfinch(6)], NHMSYS0021004277 [Siskin], NHMSYS0021178877 [Jackdaw(4)]`"
**ST605774**,"`NBNSYS0000000006 [Grey Heron], NHMSYS0000530247 [Goldfinch], NHMSYS0000530315 [Carrion Crow(3)], NHMSYS0000530374 [Jay], NHMSYS0000530579 [Goldcrest], NHMSYS0000530621 [Collared Dove(2)], NHMSYS0000530628 [Starling], NHMSYS0000530671 [Wren(2)], NHMSYS0000530674 [Blackbird(2)], NHMSYS0000530678 [Song Thrush], NHMSYS0000530739 [Robin(2)], NHMSYS0000530761 [Magpie], NHMSYS0001688296 [Blue Tit], NHMSYS0001688300 [Coal Tit]`"
**ST605775**,"`NHMSYS0000530309 [Woodpigeon], NHMSYS0000530315 [Carrion Crow], NHMSYS0000530533 [Great Tit], NHMSYS0000530633 [Blackcap(2)], NHMSYS0000530761 [Magpie]`"
**ST605776**,"`NHMSYS0000530674 [Blackbird], NHMSYS0000530678 [Song Thrush], NHMSYS0021178877 [Jackdaw]`"
**ST605777**,`NHMSYS0000530678 [Song Thrush]`
**ST605801**,`NHMSYS0000080156 [Great Crested Newt]`
**ST60587146**,"`NBNSYS0000008332 [Orange Ladybird], NHMSYS0000712592 [Harlequin Ladybird]`"
**ST60587883**,`NHMSYS0001702070 [Green Cellar Slug]`
**ST60597592**,`NHMSYS0001702106 [Kentish Snail]`
**ST60627595**,`NBNSYS0000006916 [Marmalade Hoverfly]`
**ST60647121**,`NHMSYS0020705811 [Cuckoo-Spit Insect(2)]`
**ST60657129**,`NHMSYS0000712592 [Harlequin Ladybird]`
**ST606709**,`NBNSYS0000007098 [Hornet Hoverfly]`
**ST606713**,`NBNSYS0000008324 [7-spot Ladybird]`
**ST606714**,"`NBNSYS0000004309 [Lady's Bedstraw], NBNSYS0000006621 [Long-toothed Herald Snail], NBNSYS0000006713 [Clear Glass Snail], NBNSYS0000006714 [Smooth Glass Snail], NBNSYS0000006825 [Speckled Bush-cricket], NBNSYS0000006984, NBNSYS0000007052, NBNSYS0000007061 [Batman Hoverfly], NHMSYS0000460024 [Field Scabious], NHMSYS0001701896 [Green-soled Slug], NHMSYS0001701906 [Hedgehog Slug], NHMSYS0001701908 [Tawny Soil Slug], NHMSYS0001701961 [Two-toothed Door Snail], NHMSYS0001701971 [Least Slippery Snail], NHMSYS0001701992 [Rounded Snail], NHMSYS0001702050 [Girdled Snail], NHMSYS0001702057 [Common Chrysalis Snail], NHMSYS0001702106 [Kentish Snail], NHMSYS0001702140 [Glossy Glass Snail], NHMSYS0001702189 [Dwarf Snail], NHMSYS0001702192 [Moss Chrysalis Snail], NHMSYS0001702244 [Strawberry Snail], NHMSYS0001702277 [Common Whorl Snail], NHMSYS0020528089 [Prickly Snail], NHMSYS0020528110 [Brown Soil Slug], NHMSYS0020528130 [Short-toothed Herald Snail], NHMSYS0020528135 [White-lipped Snail], NHMSYS0020528146 [Slippery Moss Snail], NHMSYS0020528153 [Common Garden Snail], NHMSYS0020528155 [Netted Field Slug], NHMSYS0020528224 [Lesser Bulin], NHMSYS0020528243 [Garlic Snail], NHMSYS0020528244 [Cellar Snail], NHMSYS0020528245 [Draparnaud's Glass Snail], NHMSYS0020528290 [Budapest Keeled Slug], NHMSYS0020528291 [Sowerby's Keeled Slug], NHMSYS0020528303 [Ribbed Grass Snail], NHMSYS0020528319 [Crystal Snail], NHMSYS0020826431 [Hairy Snail], NHMSYS0021009932 [Tramp Slug], NHMSYS0021055602 [Jenkins' Spire Snail], NHMSYS0021311642 [Wrinkled Snail], NHMSYS0021342639, NHMSYS0021342679 [Red-crusted Pea Mussel], NHMSYS0100001010 [Rosebay Willowherb]`"
**ST606717**,"`NHMSYS0000530309 [Woodpigeon], NHMSYS0000530674 [Blackbird], NHMSYS0020213805(2)`"
**ST606718**,"`NBNSYS0000000037 [Lesser Black-backed Gull], NHMSYS0020213805`"
**ST606759**,`NBNSYS0000008318 [16-spot Ladybird]`
**ST606770**,`NHMSYS0020962539 [Black-headed Gull]`
**ST606771**,"`NHMSYS0000530537 [House Sparrow], NHMSYS0000530674 [Blackbird]`"
**ST606772**,"`NHMSYS0000530494 [Grey Wagtail], NHMSYS0000530739 [Robin], NHMSYS0021002985 [Greenfinch]`"
**ST606773**,"`NBNSYS0000000037 [Lesser Black-backed Gull], NBNSYS0000005626 [Southern Hawker], NHMSYS0000530133 [Long-tailed Tit], NHMSYS0000530247 [Goldfinch(3)], NHMSYS0000530307 [Rock Dove(2)], NHMSYS0000530309 [Woodpigeon], NHMSYS0000530315 [Carrion Crow], NHMSYS0000530367 [Chaffinch], NHMSYS0000530493 [Pied Wagtail], NHMSYS0000530494 [Grey Wagtail], NHMSYS0000530533 [Great Tit(2)], NHMSYS0000530537 [House Sparrow(2)], NHMSYS0000530628 [Starling(2)], NHMSYS0000530633 [Blackcap(2)], NHMSYS0000530673 [Redwing], NHMSYS0000530678 [Song Thrush(2)], NHMSYS0000530739 [Robin(2)], NHMSYS0000530749 [Chiffchaff], NHMSYS0000530761 [Magpie(2)], NHMSYS0000530790 [Dunnock], NHMSYS0001688296 [Blue Tit(2)], NHMSYS0001688300 [Coal Tit(2)], NHMSYS0001688303 [Marsh Tit], NHMSYS0021178877 [Jackdaw]`"
**ST606774**,"`NBNSYS0000000037 [Lesser Black-backed Gull], NHMSYS0000530247 [Goldfinch(2)], NHMSYS0000530307 [Rock Dove], NHMSYS0000530309 [Woodpigeon], NHMSYS0000530374 [Jay], NHMSYS0000530621 [Collared Dove], NHMSYS0021178877 [Jackdaw]`"
**ST606775**,`NHMSYS0000530628 [Starling]`
**ST606793**,"`NHMSYS0020528105, NHMSYS0020528155 [Netted Field Slug]`"
**ST606799**,`NHMSYS0000462335 [Japanese Knotweed]`
**ST60687258**,`NHMSYS0001702250 [Painter's Mussel]`
**ST60687430**,`NHMSYS0020705811 [Cuckoo-Spit Insect]`
**ST60697141**,`NHMSYS0000712592 [Harlequin Ladybird]`
**ST60697146**,`NHMSYS0000712592 [Harlequin Ladybird]`
**ST6070**,"`NBNSYS0000000004 [Cormorant(5)], NBNSYS0000000006 [Grey Heron(8)], NBNSYS0000000007 [Mallard], NBNSYS0000000027 [Lapwing], NBNSYS0000000037 [Lesser Black-backed Gull(50)], NBNSYS0000000038 [Herring Gull(52)], NBNSYS0000005616 [Beautiful Demoiselle(2)], NBNSYS0000136578 [Pipistrelle Bat species(3)], NHMSYS0000080188 [Red Fox(5)], NHMSYS0000332764 [Grey Squirrel(14)], NHMSYS0000501034 [Small Tortoiseshell], NHMSYS0000503827 [Large White(70)], NHMSYS0000503832 [Small White(135)], NHMSYS0000504515 [Small Skipper], NHMSYS0000504624 [Red Admiral(9)], NHMSYS0000516260 [Holly Blue(16)], NHMSYS0000516380 [Brimstone], NHMSYS0000516660 [Common Blue(2)], NHMSYS0000521977 [Meadow Brown], NHMSYS0000522857 [Gatekeeper(12)], NHMSYS0000523344 [Speckled Wood(24)], NHMSYS0000530120 [Sparrowhawk(2)], NHMSYS0000530133 [Long-tailed Tit(7)], NHMSYS0000530165 [Swift(37)], NHMSYS0000530247 [Goldfinch(44)], NHMSYS0000530307 [Rock Dove(57)], NHMSYS0000530309 [Woodpigeon(55)], NHMSYS0000530315 [Carrion Crow(58)], NHMSYS0000530316 [Rook(7)], NHMSYS0000530329 [House Martin], NHMSYS0000530367 [Chaffinch(55)], NHMSYS0000530374 [Jay(6)], NHMSYS0000530406 [Swallow(5)], NHMSYS0000530493 [Pied Wagtail(10)], NHMSYS0000530533 [Great Tit(36)], NHMSYS0000530537 [House Sparrow(58)], NHMSYS0000530579 [Goldcrest(16)], NHMSYS0000530621 [Collared Dove(56)], NHMSYS0000530628 [Starling(59)], NHMSYS0000530633 [Blackcap(9)], NHMSYS0000530671 [Wren(57)], NHMSYS0000530674 [Blackbird(59)], NHMSYS0000530678 [Song Thrush(10)], NHMSYS0000530682 [Mistle Thrush(11)], NHMSYS0000530739 [Robin(53)], NHMSYS0000530749 [Chiffchaff(8)], NHMSYS0000530761 [Magpie(57)], NHMSYS0000530790 [Dunnock(44)], NHMSYS0001688296 [Blue Tit(58)], NHMSYS0001688300 [Coal Tit(7)], NHMSYS0020001355 [Common Pipistrelle(7)], NHMSYS0020528135 [White-lipped Snail], NHMSYS0020962539 [Black-headed Gull(3)], NHMSYS0021002985 [Greenfinch(31)], NHMSYS0021143568 [Peacock], NHMSYS0021178877 [Jackdaw(31)], NHMSYS0021311327 [Whitethroat]`"
**ST6071**,"`NBNSYS0000000004 [Cormorant(5)], NBNSYS0000000006 [Grey Heron(2)], NBNSYS0000000007 [Mallard(23)], NBNSYS0000000009 [Canada Goose(2)], NBNSYS0000000010 [Mute Swan], NBNSYS0000000024 [Moorhen(11)], NBNSYS0000000037 [Lesser Black-backed Gull(58)], NBNSYS0000000038 [Herring Gull(32)], NBNSYS0000005362, NBNSYS0000005645 [Common Darter], NBNSYS0000006984, NBNSYS0000007061 [Batman Hoverfly(2)], NBNSYS0000007097, NBNSYS0000007302, NBNSYS0000007343 [Common Sun Beetle], NBNSYS0000007980, NBNSYS0000008057, NBNSYS0000008061(3), NBNSYS0000008180, NBNSYS0000008206, NBNSYS0000008318 [16-spot Ladybird], NBNSYS0000008324 [7-spot Ladybird], NBNSYS0000008332 [Orange Ladybird], NBNSYS0000011218, NBNSYS0000011259 [Flax Flea Beetle(2)], NBNSYS0000011307, NBNSYS0000011755, NBNSYS0000011931(3), NBNSYS0000011938, NBNSYS0000011968, NBNSYS0000012021, NBNSYS0000012023, NBNSYS0000012026, NBNSYS0000012055, NBNSYS0000012070, NBNSYS0000012075(2), NBNSYS0000012097, NBNSYS0000022876, NBNSYS0000022920, NBNSYS0000025158, NBNSYS0000025263, NBNSYS0000030494, NBNSYS0000030502(3), NBNSYS0000030506, NBNSYS0000030520, NBNSYS0000030525, NBNSYS0000030557(2), NBNSYS0000030646, NBNSYS0000033260, NBNSYS0000036974, NBNSYS0000136578 [Pipistrelle Bat species], NBNSYS0100002042(2), NBNSYS0100002112, NBNSYS0100002804(2), NBNSYS0100003055, NBNSYS0100003672(2), NBNSYS0100003673(2), NBNSYS0100004508, NBNSYS0100004510, NBNSYS0100004584, NBNSYS0100004720 [Soprano Pipistrelle], NBNSYS0100005129(2), NBNSYS0100005420, NHMSYS0000332764 [Grey Squirrel(12)], NHMSYS0000528024 [Bechstein's Bat], NHMSYS0000530120 [Sparrowhawk], NHMSYS0000530129 [Sedge Warbler], NHMSYS0000530133 [Long-tailed Tit(17)], NHMSYS0000530165 [Swift(45)], NHMSYS0000530225 [Buzzard], NHMSYS0000530247 [Goldfinch(35)], NHMSYS0000530266 [Treecreeper(2)], NHMSYS0000530307 [Rock Dove(59)], NHMSYS0000530308 [Stock Dove(16)], NHMSYS0000530309 [Woodpigeon(79)], NHMSYS0000530315 [Carrion Crow(55)], NHMSYS0000530324 [Cuckoo], NHMSYS0000530329 [House Martin], NHMSYS0000530331 [Great Spotted Woodpecker(26)], NHMSYS0000530367 [Chaffinch(38)], NHMSYS0000530374 [Jay(21)], NHMSYS0000530406 [Swallow], NHMSYS0000530493 [Pied Wagtail(2)], NHMSYS0000530494 [Grey Wagtail], NHMSYS0000530533 [Great Tit(60)], NHMSYS0000530537 [House Sparrow(57)], NHMSYS0000530579 [Goldcrest(16)], NHMSYS0000530610 [Nuthatch(2)], NHMSYS0000530621 [Collared Dove(50)], NHMSYS0000530628 [Starling(57)], NHMSYS0000530633 [Blackcap(55)], NHMSYS0000530634 [Garden Warbler(2)], NHMSYS0000530671 [Wren(60)], NHMSYS0000530674 [Blackbird(62)], NHMSYS0000530678 [Song Thrush(36)], NHMSYS0000530682 [Mistle Thrush(11)], NHMSYS0000530739 [Robin(60)], NHMSYS0000530749 [Chiffchaff(47)], NHMSYS0000530759 [Willow Warbler(2)], NHMSYS0000530761 [Magpie(60)], NHMSYS0000530763 [Green Woodpecker(13)], NHMSYS0000530790 [Dunnock(49)], NHMSYS0000530802 [Bullfinch(7)], NHMSYS0000712592 [Harlequin Ladybird(3)], NHMSYS0001688296 [Blue Tit(59)], NHMSYS0001688300 [Coal Tit(27)], NHMSYS0001702070 [Green Cellar Slug], NHMSYS0001702166 [Great Ramshorn], NHMSYS0001702244 [Strawberry Snail], NHMSYS0001719180, NHMSYS0020001355 [Common Pipistrelle(16)], NHMSYS0020109264(2), NHMSYS0020109268 [Black Clock], NHMSYS0020151654(2), NHMSYS0020152086, NHMSYS0020152479(2), NHMSYS0020152557 [Common Pollen Beetle], NHMSYS0020153089 [Turnip Flea Beetle], NHMSYS0020308885 [Hawthorn Shieldbug], NHMSYS0020528279 [Ghost Slug], NHMSYS0020705811 [Cuckoo-Spit Insect], NHMSYS0020977253, NHMSYS0021002985 [Greenfinch(49)], NHMSYS0021053542 [Common Sandpiper], NHMSYS0021056362 [Great Pond Snail], NHMSYS0021178877 [Jackdaw(9)], NHMSYS0021259817, NHMSYS0021311327 [Whitethroat(13)], NHMSYS0021311347 [Lesser Whitethroat(5)], NHMSYS0021422244, NHMSYS0021953270`"
**ST60717146**,`NBNSYS0000005626 [Southern Hawker]`
**ST6072**,"`NBNSYS0000000010 [Mute Swan], NBNSYS0000000037 [Lesser Black-backed Gull(5)], NBNSYS0000000038 [Herring Gull(4)]`"
**ST60727148**,`NBNSYS0000005626 [Southern Hawker]`
**ST60727875**,`NHMSYS0020705811 [Cuckoo-Spit Insect(2)]`
**ST6073**,"`NBNSYS0000000037 [Lesser Black-backed Gull(8)], NBNSYS0000000038 [Herring Gull], NBNSYS0000006951, NBNSYS0000007054, NBNSYS0000007943 [Dark-edged Bee-fly], NHMSYS0000080212 [Brown Rat], NHMSYS0020476639 [Western Conifer Seed Bug(2)]`"
**ST6074**,"`NBNSYS0000000037 [Lesser Black-backed Gull(3)], NHMSYS0000530674 [Blackbird], NHMSYS0000530749 [Chiffchaff], NHMSYS0001688296 [Blue Tit], NHMSYS0020151686 [Rosemary Beetle], NHMSYS0020528135 [White-lipped Snail], NHMSYS0020528153 [Common Garden Snail]`"
**ST60747419**,`NBNSYS0000005630 [Emperor Dragonfly]`
**ST6075**,"`NBNSYS0000000004 [Cormorant], NBNSYS0000000007 [Mallard(3)], NBNSYS0000000009 [Canada Goose(2)], NBNSYS0000000010 [Mute Swan(5)], NBNSYS0000000037 [Lesser Black-backed Gull(14)], NBNSYS0000000038 [Herring Gull(4)], NBNSYS0000005078 [Hedgehog], NBNSYS0000005599 [Large Red Damselfly], NBNSYS0000005637 [Broad-bodied Chaser], NBNSYS0000007943 [Dark-edged Bee-fly], NBNSYS0000008332 [Orange Ladybird], NBNSYS0000011805, NBNSYS0000011867, NBNSYS0000029555, NBNSYS0000030523, NBNSYS0000030598, NBNSYS0100002043, NBNSYS0100002905, NBNSYS0100004477, NBNSYS0100005398, NHMSYS0000530628 [Starling], NHMSYS0000530761 [Magpie], NHMSYS0000730335 [Castor Bean Tick(2)], NHMSYS0000875423 [Western Honey Bee], NHMSYS0000875470 [Bumblebee(16)], NHMSYS0000875564 [Tree Bumblebee(2)], NHMSYS0000875567 [Red-tailed Bumblebee(10)], NHMSYS0000875576 [Common Carder Bee(20)], NHMSYS0000875595 [Buff-tailed Bumblebee(7)], NHMSYS0020772188 [White/Buff-tailed Bumblebee workers(12)], NHMSYS0020936546(7), NHMSYS0020962539 [Black-headed Gull], NHMSYS0021196425, NHMSYS0021933629 [Redpoll (cabaret/flammea)]`"
**ST60757127**,`NBNSYS0000008318 [16-spot Ladybird]`
**ST6076**,"`NHMSYS0000530674 [Blackbird], NHMSYS0000875423 [Western Honey Bee(3)], NHMSYS0000875470 [Bumblebee(5)], NHMSYS0000875567 [Red-tailed Bumblebee(7)], NHMSYS0000875576 [Common Carder Bee(2)], NHMSYS0000875578 [Early Bumblebee(2)], NHMSYS0000875595 [Buff-tailed Bumblebee(2)], NHMSYS0020936546(6)`"
**ST60767162**,`NBNSYS0000008324 [7-spot Ladybird]`
**ST60767163**,`NHMSYS0000712592 [Harlequin Ladybird]`
**ST60767551**,`NBNSYS0000005626 [Southern Hawker(2)]`
**ST6077**,"`NBNSYS0000007094, NBNSYS0000008324 [7-spot Ladybird], NHMSYS0000530578 [Firecrest]`"
**ST607714**,"`NBNSYS0000003604 [Enchanter's-nightshade], NBNSYS0000007054, NBNSYS0000008332 [Orange Ladybird], NBNSYS0100002538 [Ivy Bee], NHMSYS0001387435 [Dark Bush-cricket], NHMSYS0001702050 [Girdled Snail], NHMSYS0020309113`"
**ST607715**,"`BMSSYS0000009425, BMSSYS0000043742, BMSSYS0000048292, BMSSYS0000048295, BMSSYS0000048298, BMSSYS0000048300, BMSSYS0000049685, BMSSYS0000052412, NBNSYS0000005630 [Emperor Dragonfly], NBNSYS0000006842 [Field Grasshopper(2)], NBNSYS0000015513, NBNSYS0000018524, NBNSYS0000018745, NBNSYS0000018746, NBNSYS0000018905 [Netted Shield Lichen], NBNSYS0000018986, NBNSYS0000020575, NBNSYS0000154736, NHMSYS0001387435 [Dark Bush-cricket], NHMSYS0001476332, NHMSYS0001476799, NHMSYS0001476913, NHMSYS0001476928, NHMSYS0001486431, NHMSYS0001486984, NHMSYS0001489123, NHMSYS0001494846 [Chewing Gum Lichen], NHMSYS0001501925 [Common Orange Lichen], NHMSYS0020039036, NHMSYS0020309216, NHMSYS0020536329, NHMSYS0020752279 [Long-winged Cone-head], NHMSYS0020989718, NHMSYS0020989760, NHMSYS0020990211(2), NHMSYS0020990218, NHMSYS0020990979, NHMSYS0020991038`"
**ST607718**,"`NBNSYS0000000024 [Moorhen], NBNSYS0000007061 [Batman Hoverfly], NHMSYS0000530309 [Woodpigeon], NHMSYS0000530315 [Carrion Crow], NHMSYS0000530790 [Dunnock], NHMSYS0020213805`"
**ST607719**,`NBNSYS0000000037 [Lesser Black-backed Gull]`
**ST607726**,"`NBNSYS0000005617 [Banded Demoiselle], NHMSYS0000344179 [Blue-tailed Damselfly]`"
**ST607727**,`NBNSYS0000000004 [Cormorant]`
**ST607741**,`NHMSYS0020151686 [Rosemary Beetle(2)]`
**ST607744**,`NBNSYS0000036475 [Grey-cushioned Grimmia]`
**ST607748**,"`NBNSYS0000036189 [Redshank], NBNSYS0000036367 [Bird's-claw Beard-moss], NBNSYS0000036628 [Silver-moss], NBNSYS0000036632 [Pea Bryum], NBNSYS0000157544 [Intermediate Screw-moss], NHMSYS0000309488 [Dune Thread-moss], NHMSYS0000310501 [Hornschuch's Beard-moss], NHMSYS0021194764, NHMSYS0021600277 [Lesser Bird's-claw Beard-moss]`"
**ST607756**,"`NBNSYS0000008324 [7-spot Ladybird], NHMSYS0000712592 [Harlequin Ladybird]`"
**ST607768**,`NHMSYS0000530307 [Rock Dove]`
**ST607769**,`NHMSYS0000530739 [Robin]`
**ST607770**,"`NHMSYS0000530133 [Long-tailed Tit], NHMSYS0000530315 [Carrion Crow], NHMSYS0001688300 [Coal Tit]`"
**ST607771**,`NHMSYS0021178877 [Jackdaw]`
**ST607772**,"`NHMSYS0000530579 [Goldcrest], NHMSYS0001688296 [Blue Tit]`"
**ST607773**,"`NBNSYS0000000038 [Herring Gull], NHMSYS0000530367 [Chaffinch], NHMSYS0000530537 [House Sparrow], NHMSYS0000530628 [Starling], NHMSYS0000530790 [Dunnock]`"
**ST607774**,"`NBNSYS0000000009 [Canada Goose], NBNSYS0000000038 [Herring Gull], NBNSYS0000005606 [Azure Damselfly], NHMSYS0000530133 [Long-tailed Tit], NHMSYS0000530761 [Magpie], NHMSYS0001688296 [Blue Tit(2)], NHMSYS0021178877 [Jackdaw]`"
**ST607775**,`NHMSYS0000530537 [House Sparrow]`
**ST607776**,`NHMSYS0000530628 [Starling]`
**ST60777830**,`NBNSYS0000008324 [7-spot Ladybird]`
**ST607782**,`NBNSYS0000008324 [7-spot Ladybird]`
**ST607783**,`NBNSYS0000008324 [7-spot Ladybird]`
**ST607787**,`NBNSYS0000008289 [24-spot Ladybird]`
**ST6078**,"`NBNSYS0000000010 [Mute Swan(4)], NBNSYS0000000037 [Lesser Black-backed Gull(2)], NBNSYS0000000038 [Herring Gull(3)], NBNSYS0000007942 [Dotted Bee-fly], NBNSYS0000030606`"
**ST60787190**,`NBNSYS0000006446`
**ST6079**,"`NBNSYS0000000038 [Herring Gull(7)], NBNSYS0000005078 [Hedgehog], NBNSYS0000005081 [Common Shrew], NBNSYS0000005626 [Southern Hawker], NBNSYS0000006446, NBNSYS0000008334 [22-spot Ladybird], NBNSYS0000030022 [Horse Bot Fly], NBNSYS0000030171, NBNSYS0000133089, NHMSYS0000080210 [Wood Mouse], NHMSYS0000530533 [Great Tit], NHMSYS0020755138 [Bank Vole], NHMSYS0020962539 [Black-headed Gull], NHMSYS0021004620`"
**ST60797043**,`NHMSYS0001701949 [Brown-lipped Snail]`
**ST60797155**,`NBNSYS0100022820`
**ST60797158**,`NHMSYS0020705258 [Tree Hopper]`
**ST60797783**,`NHMSYS0020705811 [Cuckoo-Spit Insect]`
**ST60807153**,`NHMSYS0020109266 [Green Shieldbug]`
**ST60807782**,`NBNSYS0000007110`
**ST60817044**,`NHMSYS0020528153 [Common Garden Snail]`
**ST60817153**,`NHMSYS0020705811 [Cuckoo-Spit Insect]`
**ST60827129**,"`NBNSYS0000006446, NHMSYS0020705258 [Tree Hopper]`"
**ST60827152**,`NHMSYS0020308903 [Bishop's Mitre]`
**ST60827155**,`NBNSYS0000005645 [Common Darter]`
**ST60827525**,`NHMSYS0020959410`
**ST60827761**,"`NBNSYS0000007052, NBNSYS0000007110`"
**ST60827763**,`NHMSYS0020309360 [Meadow Plant Bug]`
**ST60827782**,`NBNSYS0000006895`
**ST60837115**,`NBNSYS0000008324 [7-spot Ladybird]`
**ST60837761**,"`NBNSYS0000006208, NHMSYS0020309177 [Hairy Shieldbug]`"
**ST60837764**,`NBNSYS0000006959`
**ST60847607**,`NBNSYS0000010994 [Glow-worm]`
**ST60857085**,`NBNSYS0000007943 [Dark-edged Bee-fly]`
**ST60857156**,`NBNSYS0000008327 [Eyed Ladybird]`
**ST60857767**,`NBNSYS0000008324 [7-spot Ladybird]`
**ST60857770**,`NHMSYS0020705221`
**ST60857775**,`NHMSYS0020109271 [Timothy Grassbug]`
**ST60857778**,`NBNSYS0000008324 [7-spot Ladybird]`
**ST608704**,`NHMSYS0001701949 [Brown-lipped Snail]`
**ST608708**,"`NBNSYS0000006208, NBNSYS0000011544 [Rose Chafer]`"
**ST608710**,`NBNSYS0000005645 [Common Darter]`
**ST608711**,"`NBNSYS0000005606 [Azure Damselfly(3)], NHMSYS0000344179 [Blue-tailed Damselfly]`"
**ST608712**,"`NBNSYS0000005606 [Azure Damselfly], NBNSYS0000005637 [Broad-bodied Chaser]`"
**ST608713**,`NBNSYS0000007011`
**ST608714**,"`NHMSYS0001490742, NHMSYS0001501570, NHMSYS0020309113`"
**ST608715**,"`NBNSYS0000007061 [Batman Hoverfly], NBNSYS0000007098 [Hornet Hoverfly], NBNSYS0000007115, NBNSYS0000018739, NBNSYS0100002538 [Ivy Bee]`"
**ST608716**,"`BMSSYS0000001357, BMSSYS0000001475(2), BMSSYS0000016240, BMSSYS0000016782, BMSSYS0000043328, BMSSYS0000043741, BMSSYS0000043742, BMSSYS0000043743, BMSSYS0000048292, BMSSYS0000048296, BMSSYS0000048300, BMSSYS0000049685, BMSSYS0000052412, BMSSYS0000533587, BMSSYS0000533657, BMSSYS0000533823, BMSSYS0000533914, BMSSYS0000534050, BMSSYS0000534107, BMSSYS0000731219, NBNSYS0000005078 [Hedgehog], NBNSYS0000015956, NBNSYS0000018286, NBNSYS0000018473, NBNSYS0000018523, NBNSYS0000018524, NBNSYS0000018579, NBNSYS0000018633, NBNSYS0000018745, NBNSYS0000018746, NBNSYS0000018905 [Netted Shield Lichen], NBNSYS0000018934, NBNSYS0000018986, NBNSYS0000020575, NBNSYS0000020686, NBNSYS0000020699, NBNSYS0000020700, NHMSYS0000530761 [Magpie], NHMSYS0001476162, NHMSYS0001476303, NHMSYS0001476332, NHMSYS0001476618, NHMSYS0001476787, NHMSYS0001476794, NHMSYS0001476799, NHMSYS0001476912, NHMSYS0001476928, NHMSYS0001477618, NHMSYS0001477745, NHMSYS0001482499, NHMSYS0001486275, NHMSYS0001486328, NHMSYS0001486353, NHMSYS0001486394, NHMSYS0001486431, NHMSYS0001486981, NHMSYS0001486984, NHMSYS0001487382, NHMSYS0001489121(2), NHMSYS0001489123, NHMSYS0001493019, NHMSYS0001493681, NHMSYS0001494651, NHMSYS0001494798, NHMSYS0001494846 [Chewing Gum Lichen], NHMSYS0001495400, NHMSYS0001496285, NHMSYS0001497067, NHMSYS0001497325, NHMSYS0001499452 [Black Shields], NHMSYS0001501570, NHMSYS0001501637, NHMSYS0001501925 [Common Orange Lichen], NHMSYS0020535385, NHMSYS0020535935, NHMSYS0020989718, NHMSYS0020989760, NHMSYS0020990212(2), NHMSYS0020990218, NHMSYS0020990979, NHMSYS0021645535, NHMSYS0021645960, NHMSYS0021647555`"
**ST608717**,"`NBNSYS0000006916 [Marmalade Hoverfly], NBNSYS0000007047, NBNSYS0000007052, NBNSYS0000007069 [Greater Bulb-Fly], NBNSYS0000030351 [Sheep-strike Greenbottle], NBNSYS0000030409, NBNSYS0000030573, NBNSYS0100004508, NHMSYS0000876174 [Common Furrow Bee(3)]`"
**ST608719**,"`NBNSYS0000000004 [Cormorant], NHMSYS0000530374 [Jay], NHMSYS0020962539 [Black-headed Gull]`"
**ST608725**,"`NBNSYS0000000037 [Lesser Black-backed Gull], NBNSYS0000000038 [Herring Gull]`"
**ST608726**,`NHMSYS0000462335 [Japanese Knotweed]`
**ST608735**,`NBNSYS0000003888 [Rhododendron]`
**ST608736**,`NBNSYS0000006446`
**ST608737**,`NHMSYS0000712592 [Harlequin Ladybird]`
**ST608754**,`NBNSYS0000005599 [Large Red Damselfly]`
**ST608761**,"`NBNSYS0000004244 [White Dead-nettle], NBNSYS0000004371 [Groundsel]`"
**ST608770**,"`NHMSYS0000530313 [Raven], NHMSYS0000530633 [Blackcap]`"
**ST608771**,"`NHMSYS0000530533 [Great Tit], NHMSYS0001688296 [Blue Tit]`"
**ST60877136**,`NHMSYS0000712592 [Harlequin Ladybird]`
**ST608772**,`NHMSYS0001688296 [Blue Tit]`
**ST608773**,`NHMSYS0000530761 [Magpie]`
**ST60877361**,`NBNSYS0000011544 [Rose Chafer]`
**ST608774**,"`NHMSYS0000530674 [Blackbird], NHMSYS0000530790 [Dunnock]`"
**ST608775**,"`NBNSYS0000007110, NHMSYS0000530628 [Starling], NHMSYS0000530674 [Blackbird]`"
**ST608776**,"`NBNSYS0000006208, NBNSYS0000006446, NBNSYS0000006937, NBNSYS0000007057(2), NBNSYS0000008318 [16-spot Ladybird], NBNSYS0000008324 [7-spot Ladybird(2)], NHMSYS0001387435 [Dark Bush-cricket], NHMSYS0020309177 [Hairy Shieldbug]`"
**ST608777**,"`NBNSYS0000006446, NBNSYS0000008330 [14-spot Ladybird], NHMSYS0020109255 [Dock Bug], NHMSYS0021583970 [Meadow Grasshopper]`"
**ST608778**,`NBNSYS0000008324 [7-spot Ladybird]`
**ST608793**,"`NBNSYS0000006446, NBNSYS0000008324 [7-spot Ladybird], NBNSYS0000008330 [14-spot Ladybird]`"
**ST60887615**,`NBNSYS0000010994 [Glow-worm]`
**ST6089680090**,"`NBNSYS0000036512 [Common Cord-moss(2)], NBNSYS0000036715 [White-tipped Bristle-moss(2)], NHMSYS0021600277 [Lesser Bird's-claw Beard-moss(2)]`"
**ST60897421**,"`NBNSYS0000008324 [7-spot Ladybird], NHMSYS0000712592 [Harlequin Ladybird]`"
**ST60897613**,`NBNSYS0000010994 [Glow-worm]`
**ST60897615**,"`NBNSYS0000010994 [Glow-worm], NHMSYS0020528135 [White-lipped Snail]`"
**ST60907141**,`NHMSYS0020528135 [White-lipped Snail]`
**ST60937456**,`NBNSYS0000008319 [2-spot Ladybird]`
**ST60937628**,`NBNSYS0000010994 [Glow-worm]`
**ST60947611**,`NBNSYS0000010994 [Glow-worm]`
**ST60957099**,`NHMSYS0000712592 [Harlequin Ladybird]`
**ST60957534**,`NBNSYS0000007943 [Dark-edged Bee-fly]`
**ST60957842**,`NBNSYS0000008324 [7-spot Ladybird]`
**ST60957925**,"`NBNSYS0000007943 [Dark-edged Bee-fly], NHMSYS0000875243 [Buffish Mining Bee], NHMSYS0000875403 [Fork-tailed Flower Bee(3)], NHMSYS0000875423 [Western Honey Bee(2)], NHMSYS0000875564 [Tree Bumblebee], NHMSYS0000875567 [Red-tailed Bumblebee], NHMSYS0000875576 [Common Carder Bee(4)], NHMSYS0000875578 [Early Bumblebee], NHMSYS0000875595 [Buff-tailed Bumblebee(4)], NHMSYS0000876295 [Patchwork Leafcutter Bee]`"
**ST60957926**,"`NBNSYS0000037081, NHMSYS0000875564 [Tree Bumblebee], NHMSYS0000875570 [White-tailed Bumblebee], NHMSYS0000875576 [Common Carder Bee], NHMSYS0000875578 [Early Bumblebee], NHMSYS0000875595 [Buff-tailed Bumblebee]`"
**ST60957927**,"`NBNSYS0000006964, NHMSYS0000876077`"
**ST60967925**,"`NBNSYS0000006456, NBNSYS0000006916 [Marmalade Hoverfly(2)], NBNSYS0000007110, NBNSYS0000030351 [Sheep-strike Greenbottle], NBNSYS0000033260(2), NBNSYS0000041853 [Bluebottle], NBNSYS0100004362 [Blue Mason Bee], NHMSYS0000875389 [Wool Carder Bee(2)], NHMSYS0000875564 [Tree Bumblebee(3)], NHMSYS0000875567 [Red-tailed Bumblebee(2)], NHMSYS0000875570 [White-tailed Bumblebee], NHMSYS0000875576 [Common Carder Bee(2)], NHMSYS0000875578 [Early Bumblebee(3)], NHMSYS0000875595 [Buff-tailed Bumblebee], NHMSYS0000876034 [Bronze Furrow Bee], NHMSYS0000876509 [Red Mason Bee(2)], NHMSYS0020309113`"
**ST60967926**,"`NBNSYS0000007061 [Batman Hoverfly], NBNSYS0000007069 [Greater Bulb-Fly], NHMSYS0000875403 [Fork-tailed Flower Bee], NHMSYS0000875422, NHMSYS0000875562 [Small Garden Bumblebee], NHMSYS0000875564 [Tree Bumblebee(4)], NHMSYS0000875570 [White-tailed Bumblebee], NHMSYS0000875576 [Common Carder Bee(3)], NHMSYS0000875578 [Early Bumblebee], NHMSYS0000875595 [Buff-tailed Bumblebee], NHMSYS0000876509 [Red Mason Bee]`"
**ST60967927**,"`NBNSYS0000006446, NBNSYS0000006941, NBNSYS0000006959(2), NBNSYS0000007069 [Greater Bulb-Fly], NBNSYS0000030276, NHMSYS0000875562 [Small Garden Bumblebee(2)], NHMSYS0000875567 [Red-tailed Bumblebee], NHMSYS0000875570 [White-tailed Bumblebee], NHMSYS0000875576 [Common Carder Bee(5)], NHMSYS0000875578 [Early Bumblebee], NHMSYS0000875595 [Buff-tailed Bumblebee(4)], NHMSYS0000876004, NHMSYS0000876295 [Patchwork Leafcutter Bee(3)], NHMSYS0000876548, NHMSYS0020109266 [Green Shieldbug]`"
**ST60967928**,"`NHMSYS0000875403 [Fork-tailed Flower Bee], NHMSYS0000875562 [Small Garden Bumblebee], NHMSYS0000875564 [Tree Bumblebee(4)], NHMSYS0000875570 [White-tailed Bumblebee(2)], NHMSYS0000875576 [Common Carder Bee(3)], NHMSYS0000875578 [Early Bumblebee(4)], NHMSYS0000875595 [Buff-tailed Bumblebee(3)]`"
**ST609707**,`NBNSYS0000005078 [Hedgehog(2)]`
**ST609708**,`NHMSYS0020705811 [Cuckoo-Spit Insect]`
**ST609712**,`NHMSYS0020152181 [Green Dock Beetle]`
**ST609716**,`NHMSYS0000530533 [Great Tit]`
**ST609718**,"`NBNSYS0000000037 [Lesser Black-backed Gull], NHMSYS0000530533 [Great Tit], NHMSYS0000530739 [Robin], NHMSYS0001688296 [Blue Tit(2)]`"
**ST609719**,"`NBNSYS0000000002 [Little Grebe], NBNSYS0000000038 [Herring Gull], NHMSYS0000530674 [Blackbird]`"
**ST609720**,`NHMSYS0000530133 [Long-tailed Tit]`
**ST609725**,`NHMSYS0000530739 [Robin]`
**ST609737**,`NHMSYS0000875576 [Common Carder Bee]`
**ST609741**,`NHMSYS0000875564 [Tree Bumblebee]`
**ST609744**,"`NHMSYS0020109266 [Green Shieldbug], NHMSYS0020309777`"
**ST609745**,"`NHMSYS0000344179 [Blue-tailed Damselfly(2)], NHMSYS0000875839`"
**ST609747**,"`NBNSYS0000005599 [Large Red Damselfly], NHMSYS0020476639 [Western Conifer Seed Bug]`"
**ST609749**,`NBNSYS0000006853 [Australian Cockroach]`
**ST609761**,`NBNSYS0000010994 [Glow-worm]`
**ST609762**,`NBNSYS0000008324 [7-spot Ladybird]`
**ST609769**,"`NBNSYS0000007047, NBNSYS0000007054(2), NBNSYS0100022513, NHMSYS0000530537 [House Sparrow], NHMSYS0000873237 [Small Black Ant], NHMSYS0000875567 [Red-tailed Bumblebee], NHMSYS0000875576 [Common Carder Bee(2)], NHMSYS0000876034 [Bronze Furrow Bee], NHMSYS0000876174 [Common Furrow Bee(2)]`"
**ST609770**,`NHMSYS0021178877 [Jackdaw]`
**ST609771**,`NHMSYS0000530674 [Blackbird]`
**ST609773**,`NHMSYS0021002985 [Greenfinch]`
**ST609774**,"`NHMSYS0000530307 [Rock Dove], NHMSYS0000530533 [Great Tit], NHMSYS0000530628 [Starling]`"
**ST609775**,"`NHMSYS0000530315 [Carrion Crow], NHMSYS0000530739 [Robin], NHMSYS0000530790 [Dunnock]`"
**ST609776**,"`NHMSYS0000530133 [Long-tailed Tit], NHMSYS0000530537 [House Sparrow], NHMSYS0021178877 [Jackdaw]`"
**ST609784**,`NHMSYS0000530315 [Carrion Crow]`
**ST609785**,"`NHMSYS0000530761 [Magpie], NHMSYS0001688296 [Blue Tit]`"
**ST609786**,`NBNSYS0000008324 [7-spot Ladybird]`
**ST609787**,"`NBNSYS0000006973, NBNSYS0000007110(3), NBNSYS0000024943 [Swollen-thighed Beetle], NBNSYS0000025449 [Strawberry-blossom Weevil], NHMSYS0000873237 [Small Black Ant], NHMSYS0000875423 [Western Honey Bee], NHMSYS0000875564 [Tree Bumblebee], NHMSYS0000875576 [Common Carder Bee(5)], NHMSYS0000875578 [Early Bumblebee(2)], NHMSYS0000875595 [Buff-tailed Bumblebee(2)]`"
**ST609792**,`NHMSYS0000875576 [Common Carder Bee]`
**ST60987122**,`NBNSYS0000012428`
**ST60987617**,`NBNSYS0000010994 [Glow-worm]`
**ST60987621**,`NBNSYS0000007943 [Dark-edged Bee-fly]`
**ST61027856**,"`NBNSYS0000006916 [Marmalade Hoverfly], NBNSYS0000007069 [Greater Bulb-Fly], NBNSYS0000007110, NBNSYS0000159428, NBNSYS0100002030 [Vestal Cuckoo Bee], NHMSYS0000875562 [Small Garden Bumblebee], NHMSYS0000875564 [Tree Bumblebee], NHMSYS0000875567 [Red-tailed Bumblebee], NHMSYS0000875578 [Early Bumblebee], NHMSYS0000876128, NHMSYS0000876278, NHMSYS0021196425`"
**ST61027861**,"`NBNSYS0000006916 [Marmalade Hoverfly], NBNSYS0000006959, NBNSYS0000007054, NHMSYS0000875576 [Common Carder Bee], NHMSYS0021196425`"
**ST61067313**,`NHMSYS0020705811 [Cuckoo-Spit Insect]`
**ST610713**,"`NBNSYS0000007054, NBNSYS0000007057, NBNSYS0000028481, NBNSYS0000030557, NBNSYS0000159382, NBNSYS0100004508`"
**ST610719**,"`NHMSYS0000530133 [Long-tailed Tit(2)], NHMSYS0000530247 [Goldfinch(3)], NHMSYS0000530374 [Jay], NHMSYS0000530533 [Great Tit], NHMSYS0000530674 [Blackbird(2)], NHMSYS0000530739 [Robin], NHMSYS0000530761 [Magpie(3)], NHMSYS0001688296 [Blue Tit], NHMSYS0020962539 [Black-headed Gull]`"
**ST610725**,"`NHMSYS0000530309 [Woodpigeon], NHMSYS0000530315 [Carrion Crow]`"
**ST610727**,"`NHMSYS0000544594 [Common Bream(2)], NHMSYS0000544675 [Gudgeon(2)], NHMSYS0000544695 [Dace(2)], NHMSYS0000544718 [Perch(2)], NHMSYS0000544738 [Roach(2)], NHMSYS0020755094 [Chub(2)]`"
**ST610732**,`NHMSYS0000530674 [Blackbird]`
**ST610734**,"`NBNSYS0000018941, NHMSYS0001484847, NHMSYS0001493019`"
**ST610737**,"`NBNSYS0000006446, NBNSYS0000007098 [Hornet Hoverfly], NBNSYS0000008324 [7-spot Ladybird], NBNSYS0000008334 [22-spot Ladybird], NBNSYS0000135549, NBNSYS0100000414`"
**ST610752**,`NBNSYS0000000038 [Herring Gull]`
**ST610756**,"`NBNSYS0000008324 [7-spot Ladybird], NBNSYS0000036310 [Wall Screw-moss], NBNSYS0000036475 [Grey-cushioned Grimmia(2)]`"
**ST610762**,`NBNSYS0000007946 [Downland Villa]`
**ST610763**,`NBNSYS0000010994 [Glow-worm]`
**ST610767**,"`NHMSYS0000530628 [Starling], NHMSYS0000712592 [Harlequin Ladybird], NHMSYS0020962539 [Black-headed Gull]`"
**ST610769**,"`NBNSYS0000009343 [Red Ant], NHMSYS0000530678 [Song Thrush]`"
**ST61077422**,`NHMSYS0020705811 [Cuckoo-Spit Insect]`
**ST610775**,`NHMSYS0001688296 [Blue Tit]`
**ST610783**,"`NBNSYS0000005645 [Common Darter], NHMSYS0000875564 [Tree Bumblebee]`"
**ST610785**,`NHMSYS0000530143 [Red-legged Partridge]`
**ST610786**,`NBNSYS0000007943 [Dark-edged Bee-fly]`
**ST610793**,`NBNSYS0000007824 [Scarce Black]`
**ST61097321**,`NHMSYS0020109265 [Vine Weevil]`
**ST61097568**,`NBNSYS0000010994 [Glow-worm]`
**ST61097643**,`NBNSYS0000010994 [Glow-worm]`
**ST61107462**,`NHMSYS0020705811 [Cuckoo-Spit Insect]`
**ST61107645**,`NBNSYS0000010994 [Glow-worm]`
**ST61127085**,`NBNSYS0000007943 [Dark-edged Bee-fly]`
**ST61127091**,`NHMSYS0020705811 [Cuckoo-Spit Insect]`
**ST61127646**,`NBNSYS0000010994 [Glow-worm(3)]`
**ST61137279**,`NHMSYS0000712592 [Harlequin Ladybird]`
**ST61147493**,`NHMSYS0020705811 [Cuckoo-Spit Insect]`
**ST61157128**,`NHMSYS0000712592 [Harlequin Ladybird]`
**ST61157649**,`NBNSYS0000010994 [Glow-worm(2)]`
**ST61167040**,`NBNSYS0000006446`
**ST611704**,"`NBNSYS0000024943 [Swollen-thighed Beetle(6)], NHMSYS0000875423 [Western Honey Bee(4)], NHMSYS0000875564 [Tree Bumblebee], NHMSYS0000875570 [White-tailed Bumblebee], NHMSYS0000875576 [Common Carder Bee], NHMSYS0000875595 [Buff-tailed Bumblebee(3)]`"
**ST611716**,`NHMSYS0020308885 [Hawthorn Shieldbug]`
**ST611722**,`NHMSYS0000530315 [Carrion Crow]`
**ST611734**,"`NBNSYS0000006959, NBNSYS0000006966(2), NBNSYS0000030351 [Sheep-strike Greenbottle(11)], NBNSYS0000030978, NBNSYS0000156287, NBNSYS0100003109, NBNSYS0100004508, NHMSYS0000875423 [Western Honey Bee], NHMSYS0000875470 [Bumblebee], NHMSYS0000875567 [Red-tailed Bumblebee(8)], NHMSYS0000875570 [White-tailed Bumblebee], NHMSYS0000875576 [Common Carder Bee(2)], NHMSYS0000875595 [Buff-tailed Bumblebee(5)], NHMSYS0000876174 [Common Furrow Bee], NHMSYS0000876212 [Smeathman's Furrow Bee(2)], NHMSYS0020152556`"
**ST611752**,"`NBNSYS0000000009 [Canada Goose], NBNSYS0000000010 [Mute Swan], NHMSYS0000530309 [Woodpigeon], NHMSYS0000530374 [Jay], NHMSYS0020213805`"
**ST611754**,"`NHMSYS0000530225 [Buzzard(2)], NHMSYS0000530761 [Magpie]`"
**ST611755**,"`NBNSYS0000000024 [Moorhen], NBNSYS0000000025 [Coot(2)], NHMSYS0000530358 [Kestrel], NHMSYS0000530482 [Red Kite], NHMSYS0000530494 [Grey Wagtail], NHMSYS0000530674 [Blackbird], NHMSYS0001688300 [Coal Tit]`"
**ST611763**,`NBNSYS0000006895`
**ST611764**,"`NBNSYS0000010994 [Glow-worm], NHMSYS0000875595 [Buff-tailed Bumblebee]`"
**ST611765**,`NHMSYS0000875576 [Common Carder Bee]`
**ST611766**,`NHMSYS0000530133 [Long-tailed Tit]`
**ST611769**,"`NBNSYS0000008324 [7-spot Ladybird], NHMSYS0000875567 [Red-tailed Bumblebee]`"
**ST61177394**,`NBNSYS0000005630 [Emperor Dragonfly]`
**ST611785**,`NHMSYS0000712592 [Harlequin Ladybird]`
**ST611787**,"`NBNSYS0000000009 [Canada Goose], NBNSYS0000005606 [Azure Damselfly]`"
**ST611793**,`NBNSYS0000029064`
**ST61197497**,`NHMSYS0020705811 [Cuckoo-Spit Insect]`
**ST61207336**,`NHMSYS0000875564 [Tree Bumblebee(2)]`
**ST61207651**,`NBNSYS0000010994 [Glow-worm]`
**ST61217080**,`NBNSYS0000007943 [Dark-edged Bee-fly]`
**ST61217307**,`NHMSYS0000876769 [Hornet]`
**ST61217680**,"`NBNSYS0000006914, NBNSYS0000030289`"
**ST61237650**,`NHMSYS0000875567 [Red-tailed Bumblebee]`
**ST61247642**,`NBNSYS0000008330 [14-spot Ladybird]`
**ST61247707**,`NHMSYS0020976950 [Potato Capsid]`
**ST61257168**,`NBNSYS0000011544 [Rose Chafer]`
**ST61257643**,`NBNSYS0000006894`
**ST61267273**,`NHMSYS0020309360 [Meadow Plant Bug]`
**ST61267374**,`NHMSYS0000875564 [Tree Bumblebee(2)]`
**ST612704**,"`BMSSYS0000009425, BMSSYS0000011894, BMSSYS0000019698, BMSSYS0000049685, NBNSYS0000007943 [Dark-edged Bee-fly(2)], NBNSYS0000015513, NBNSYS0000018480 [Oak Moss], NBNSYS0000018579, NBNSYS0000018589, NBNSYS0000018633, NBNSYS0000018905 [Netted Shield Lichen], NBNSYS0000018924, NBNSYS0000018986, NBNSYS0000147457, NBNSYS0000154736, NHMSYS0001474641, NHMSYS0001486984, NHMSYS0001489123, NHMSYS0001493019, NHMSYS0001497325, NHMSYS0001501925 [Common Orange Lichen], NHMSYS0020327881, NHMSYS0020989705, NHMSYS0021645535`"
**ST612710**,`NHMSYS0020302075`
**ST612728**,`NHMSYS0020528135 [White-lipped Snail]`
**ST612750**,"`NBNSYS0000000006 [Grey Heron], NBNSYS0000000010 [Mute Swan], NBNSYS0000000024 [Moorhen], NHMSYS0000530315 [Carrion Crow], NHMSYS0000530374 [Jay], NHMSYS0000530533 [Great Tit], NHMSYS0000530739 [Robin], NHMSYS0001688296 [Blue Tit], NHMSYS0020213805, NHMSYS0020962539 [Black-headed Gull]`"
**ST612753**,"`NBNSYS0000000024 [Moorhen], NBNSYS0000006446, NBNSYS0000006727 [Leopard Slug], NBNSYS0000007097, NBNSYS0000012428`"
**ST612754**,"`NBNSYS0000006916 [Marmalade Hoverfly], NBNSYS0000007098 [Hornet Hoverfly], NHMSYS0021351693 [Roesel's Bush-cricket]`"
**ST612755**,"`NBNSYS0000006446, NHMSYS0000530141 [Kingfisher], NHMSYS0000530247 [Goldfinch], NHMSYS0000530309 [Woodpigeon]`"
**ST612759**,`NHMSYS0000875595 [Buff-tailed Bumblebee]`
**ST612764**,`NBNSYS0000007911 [Striped Slender Robberfly]`
**ST612787**,`NBNSYS0000005645 [Common Darter]`
**ST612792**,"`NBNSYS0000006727 [Leopard Slug], NHMSYS0001702070 [Green Cellar Slug]`"
**ST61287058**,`NHMSYS0021056362 [Great Pond Snail]`
**ST61287451**,`NHMSYS0000712592 [Harlequin Ladybird]`
**ST61287552**,`NBNSYS0000011171 [Celery Leaf Beetle]`
**ST61297272**,`NBNSYS0000005598 [White-legged Damselfly]`
**ST61307176**,`NBNSYS0000007098 [Hornet Hoverfly]`
**ST61327304**,`NBNSYS0000023054`
**ST61347717**,`NBNSYS0000007972`
**ST61357704**,`NBNSYS0000007115`
**ST61367129**,`NBNSYS0000006446`
**ST61367705**,`NBNSYS0000007057`
**ST61367706**,`NBNSYS0000007052`
**ST613704**,`NBNSYS0000005606 [Azure Damselfly]`
**ST613707**,`NBNSYS0000011544 [Rose Chafer]`
**ST613715**,"`NBNSYS0000000037 [Lesser Black-backed Gull], NHMSYS0000530307 [Rock Dove], NHMSYS0000530309 [Woodpigeon], NHMSYS0000530537 [House Sparrow], NHMSYS0000530761 [Magpie]`"
**ST613717**,"`NBNSYS0000005630 [Emperor Dragonfly], NBNSYS0000133089`"
**ST613718**,`NBNSYS0000008319 [2-spot Ladybird]`
**ST613727**,`NBNSYS0000000004 [Cormorant]`
**ST613728**,"`NBNSYS0000008330 [14-spot Ladybird], NBNSYS0000011206 [Alder Leaf Beetle]`"
**ST613746**,`NHMSYS0020528135 [White-lipped Snail]`
**ST613754**,"`NBNSYS0000007061 [Batman Hoverfly], NHMSYS0000530247 [Goldfinch], NHMSYS0000530315 [Carrion Crow], NHMSYS0000530761 [Magpie]`"
**ST613755**,"`NHMSYS0000530225 [Buzzard], NHMSYS0020213805`"
**ST613770**,`NHMSYS0000530739 [Robin]`
**ST613771**,"`NHMSYS0001701961 [Two-toothed Door Snail], NHMSYS0001701975 [Plaited Door Snail]`"
**ST61377179**,`NBNSYS0000007825 [Broad Centurion]`
**ST61377421**,`NHMSYS0020302075`
**ST61377735**,`NBNSYS0000006446`
**ST613782**,`NHMSYS0020152218`
**ST613786**,"`NBNSYS0000000009 [Canada Goose], NHMSYS0000530739 [Robin]`"
**ST613787**,`NBNSYS0000008319 [2-spot Ladybird]`
**ST61387180**,`NBNSYS0000005606 [Azure Damselfly]`
**ST61387273**,`NBNSYS0000006825 [Speckled Bush-cricket]`
**ST61387626**,`NHMSYS0000712592 [Harlequin Ladybird]`
**ST61417762**,`NHMSYS0000712592 [Harlequin Ladybird]`
**ST61437116**,`NHMSYS0000875564 [Tree Bumblebee]`
**ST61447273**,`NHMSYS0020705258 [Tree Hopper]`
**ST61457662**,`NBNSYS0000008324 [7-spot Ladybird]`
**ST61467353**,"`NHMSYS0001702050 [Girdled Snail], NHMSYS0001702057 [Common Chrysalis Snail]`"
**ST61467425**,`NHMSYS0020705811 [Cuckoo-Spit Insect]`
**ST614704**,`NHMSYS0000875177 [Ashy Mining Bee]`
**ST614724**,`NBNSYS0000000004 [Cormorant]`
**ST614727**,`NBNSYS0000005598 [White-legged Damselfly]`
**ST614728**,`NHMSYS0001484847`
**ST614730**,`NBNSYS0000008318 [16-spot Ladybird]`
**ST614732**,`NBNSYS0000011544 [Rose Chafer]`
**ST614734**,`NBNSYS0000007943 [Dark-edged Bee-fly]`
**ST614735**,"`NBNSYS0000006456, NBNSYS0000006959(2), NBNSYS0000008324 [7-spot Ladybird(2)], NBNSYS0000008330 [14-spot Ladybird], NBNSYS0000011116 [Lily Beetle], NBNSYS0000011321 [Cabbage-stem Flea Beetle], NBNSYS0000033260, NBNSYS0000042522, NHMSYS0001702050 [Girdled Snail], NHMSYS0020309673, NHMSYS0020705811 [Cuckoo-Spit Insect(3)], NHMSYS0020920019, NHMSYS0021351693 [Roesel's Bush-cricket]`"
**ST614739**,`NHMSYS0000712592 [Harlequin Ladybird]`
**ST614741**,"`NHMSYS0000712592 [Harlequin Ladybird(3)], NHMSYS0020302075`"
**ST614746**,`NBNSYS0000007825 [Broad Centurion]`
**ST614753**,`NBNSYS0000003189 [Himalayan Balsam]`
**ST614754**,"`NBNSYS0000000006 [Grey Heron], NBNSYS0000000009 [Canada Goose], NBNSYS0000000010 [Mute Swan], NBNSYS0000000025 [Coot], NBNSYS0000000037 [Lesser Black-backed Gull], NBNSYS0000000038 [Herring Gull], NBNSYS0000005602 [Common Blue Damselfly], NBNSYS0000006446, NBNSYS0000008320 [10-spot Ladybird], NBNSYS0000008332 [Orange Ladybird], NHMSYS0000530307 [Rock Dove], NHMSYS0000530309 [Woodpigeon(2)], NHMSYS0000530315 [Carrion Crow], NHMSYS0001688296 [Blue Tit], NHMSYS0020213805`"
**ST614755**,"`NBNSYS0000000009 [Canada Goose(2)], NBNSYS0000000025 [Coot], NBNSYS0000000038 [Herring Gull]`"
**ST614756**,"`NBNSYS0000005602 [Common Blue Damselfly], NBNSYS0000005606 [Azure Damselfly], NBNSYS0000005625 [Brown Hawker], NBNSYS0000005630 [Emperor Dragonfly(2)], NBNSYS0000005639 [Four-spotted Chaser], NBNSYS0000005641 [Black-tailed Skimmer(3)], NHMSYS0000344179 [Blue-tailed Damselfly(2)]`"
**ST614767**,"`NBNSYS0000000004 [Cormorant], NBNSYS0000000025 [Coot], NHMSYS0000530763 [Green Woodpecker]`"
**ST614768**,`NBNSYS0000010994 [Glow-worm]`
**ST614769**,"`NBNSYS0000006727 [Leopard Slug], NHMSYS0000377643, NHMSYS0020528144`"
**ST61477353**,"`NHMSYS0001702050 [Girdled Snail(2)], NHMSYS0020528153 [Common Garden Snail(3)]`"
**ST614785**,"`NBNSYS0000005602 [Common Blue Damselfly(3)], NBNSYS0000005606 [Azure Damselfly(3)], NBNSYS0000005625 [Brown Hawker(2)], NBNSYS0000005630 [Emperor Dragonfly], NBNSYS0000005645 [Common Darter(2)], NBNSYS0000008324 [7-spot Ladybird], NHMSYS0000344179 [Blue-tailed Damselfly(3)]`"
**ST614786**,"`NBNSYS0000005645 [Common Darter], NHMSYS0000344179 [Blue-tailed Damselfly]`"
**ST61497367**,`NHMSYS0020705811 [Cuckoo-Spit Insect]`
**ST61507273**,`NHMSYS0020309142`
**ST61507343**,`NHMSYS0000712592 [Harlequin Ladybird(3)]`
**ST61507511**,`NHMSYS0020705811 [Cuckoo-Spit Insect]`
**ST61507546**,`NHMSYS0020528135 [White-lipped Snail]`
**ST61517467**,`NHMSYS0020309134 [Juniper Shieldbug]`
**ST61547317**,`NHMSYS0020302077`
**ST61547462**,`NBNSYS0000008332 [Orange Ladybird]`
**ST61557125**,`NHMSYS0000712592 [Harlequin Ladybird]`
**ST61557174**,"`NBNSYS0000007977, NBNSYS0000024823 [Churchyard Beetle]`"
**ST61557479**,`NBNSYS0000008334 [22-spot Ladybird]`
**ST61557706**,`NBNSYS0000008044`
**ST61567476**,"`NBNSYS0000132269, NHMSYS0001702050 [Girdled Snail], NHMSYS0020309344 [Birch Catkin Bug]`"
**ST61567842**,`NHMSYS0020309177 [Hairy Shieldbug]`
**ST615717**,"`NBNSYS0000007943 [Dark-edged Bee-fly], NHMSYS0000875423 [Western Honey Bee]`"
**ST615720**,`NBNSYS0000006727 [Leopard Slug]`
**ST615727**,"`BMSSYS0000534108, NBNSYS0000018941, NHMSYS0001493019`"
**ST615728**,"`NBNSYS0000008334 [22-spot Ladybird(2)], NHMSYS0001493019`"
**ST615734**,`NBNSYS0000033260`
**ST615737**,`NHMSYS0000712592 [Harlequin Ladybird(2)]`
**ST615745**,`NBNSYS0000008327 [Eyed Ladybird]`
**ST615746**,"`NBNSYS0000008312 [Pine Ladybird], NBNSYS0000008319 [2-spot Ladybird], NBNSYS0000008320 [10-spot Ladybird], NBNSYS0000008324 [7-spot Ladybird], NBNSYS0000008327 [Eyed Ladybird], NBNSYS0000008329 [Cream-spot Ladybird], NBNSYS0000008332 [Orange Ladybird], NHMSYS0000712592 [Harlequin Ladybird], NHMSYS0020309624 [Red-legged Shieldbug]`"
**ST615752**,`NHMSYS0000530739 [Robin]`
**ST615754**,"`NBNSYS0000000024 [Moorhen], NBNSYS0000000025 [Coot(2)], NBNSYS0000000038 [Herring Gull(2)], NBNSYS0000008324 [7-spot Ladybird], NBNSYS0000188599 [European Eel(2)], NHMSYS0000530133 [Long-tailed Tit], NHMSYS0000530493 [Pied Wagtail], NHMSYS0000544671 [Pike], NHMSYS0000544695 [Dace], NHMSYS0000544718 [Perch], NHMSYS0000544738 [Roach], NHMSYS0000544773 [Tench], NHMSYS0020152181 [Green Dock Beetle], NHMSYS0020755094 [Chub]`"
**ST615755**,"`NBNSYS0000000010 [Mute Swan(2)], NBNSYS0000000024 [Moorhen], NBNSYS0000000025 [Coot], NBNSYS0000188599 [European Eel(3)], NBNSYS0000188612 [Three-spined Stickleback], NHMSYS0000530493 [Pied Wagtail], NHMSYS0000544619 [Stone Loach], NHMSYS0000544671 [Pike(2)], NHMSYS0000544675 [Gudgeon(2)], NHMSYS0000544695 [Dace(2)], NHMSYS0000544718 [Perch(2)], NHMSYS0000544738 [Roach(2)], NHMSYS0000544773 [Tench(2)], NHMSYS0020213805(2), NHMSYS0020755076 [Bullhead(3)], NHMSYS0020755094 [Chub]`"
**ST615768**,`NHMSYS0000530141 [Kingfisher]`
**ST615773**,"`NBNSYS0000000009 [Canada Goose], NHMSYS0000530247 [Goldfinch], NHMSYS0000530621 [Collared Dove], NHMSYS0000530671 [Wren], NHMSYS0000530790 [Dunnock], NHMSYS0001685273 [Grey-patched Mining Bee], NHMSYS0021178877 [Jackdaw]`"
**ST61577325**,`NBNSYS0000007098 [Hornet Hoverfly]`
**ST615774**,`NBNSYS0000008334 [22-spot Ladybird]`
**ST615777**,`NHMSYS0020705811 [Cuckoo-Spit Insect]`
**ST61577842**,`NBNSYS0000008289 [24-spot Ladybird]`
**ST61577843**,`NBNSYS0000011206 [Alder Leaf Beetle]`
**ST615789**,`NBNSYS0000007098 [Hornet Hoverfly]`
**ST61597660**,`NHMSYS0020976956`
**ST61597823**,"`NBNSYS0000008330 [14-spot Ladybird], NHMSYS0020309271 [Box Bug]`"
**ST61597824**,`NBNSYS0000006825 [Speckled Bush-cricket]`
**ST61607326**,`NHMSYS0020480853 [Cherry Slugworm]`
**ST61607435**,`NBNSYS0000008324 [7-spot Ladybird]`
**ST61617487**,`NBNSYS0000023054`
**ST61627405**,`NHMSYS0020528153 [Common Garden Snail]`
**ST61627545**,`NHMSYS0000544665 [Common Carp]`
**ST61627701**,`NHMSYS0021178937 [Grass Snake]`
**ST61627702**,"`NBNSYS0000005060 [Common Frog], NHMSYS0020704813`"
**ST61627703**,`NBNSYS0000010994 [Glow-worm]`
**ST61637455**,`NHMSYS0001702050 [Girdled Snail]`
**ST61657691**,`NBNSYS0000010994 [Glow-worm]`
**ST61667492**,"`NBNSYS0000007054, NHMSYS0020109266 [Green Shieldbug]`"
**ST616712**,`NHMSYS0000712592 [Harlequin Ladybird]`
**ST616726**,`NBNSYS0000000004 [Cormorant]`
**ST616728**,`NHMSYS0020309315 [Ant Damsel Bug]`
**ST616729**,"`NBNSYS0000006456, NBNSYS0000008289 [24-spot Ladybird], NHMSYS0020109262, NHMSYS0020309144, NHMSYS0021583970 [Meadow Grasshopper]`"
**ST616737**,`NHMSYS0020528153 [Common Garden Snail]`
**ST616738**,`NHMSYS0000530537 [House Sparrow]`
**ST616739**,`NHMSYS0000530739 [Robin]`
**ST616743**,`NHMSYS0000712592 [Harlequin Ladybird]`
**ST616746**,`NBNSYS0000008312 [Pine Ladybird]`
**ST616747**,"`NBNSYS0000006894, NBNSYS0000006916 [Marmalade Hoverfly], NBNSYS0000006959, NBNSYS0000007057, NBNSYS0000008312 [Pine Ladybird], NBNSYS0000008324 [7-spot Ladybird], NBNSYS0000008326 [Cream-streaked Ladybird], NHMSYS0020308897 [Lucerne Bug]`"
**ST616748**,"`NBNSYS0000006446, NBNSYS0000006842 [Field Grasshopper]`"
**ST616749**,"`NBNSYS0000006842 [Field Grasshopper], NBNSYS0000033260`"
**ST616753**,"`BMSSYS0000001357, BMSSYS0000009425, BMSSYS0000009449(2), BMSSYS0000011894, BMSSYS0000016782, BMSSYS0000043742, BMSSYS0000043743, BMSSYS0000046957, BMSSYS0000047935, BMSSYS0000048292, BMSSYS0000048296, BMSSYS0000048298, BMSSYS0000048300, BMSSYS0000049685, BMSSYS0000533823, BMSSYS0000533914, BMSSYS0000534107, BMSSYS0000534108, BMSSYS0000534141, NBNSYS0000015513, NBNSYS0000018300, NBNSYS0000018421, NBNSYS0000018480 [Oak Moss], NBNSYS0000018579, NBNSYS0000018589, NBNSYS0000018739, NBNSYS0000018745, NBNSYS0000018746, NBNSYS0000018905 [Netted Shield Lichen], NBNSYS0000018934, NBNSYS0000018941, NBNSYS0000039692, NBNSYS0000147457, NBNSYS0000147458, NBNSYS0000154736, NHMSYS0001474641, NHMSYS0001476782, NHMSYS0001476787, NHMSYS0001476799, NHMSYS0001480937, NHMSYS0001482509, NHMSYS0001484847, NHMSYS0001485112, NHMSYS0001486275, NHMSYS0001486328, NHMSYS0001486984, NHMSYS0001489123, NHMSYS0001489135, NHMSYS0001489138, NHMSYS0001493019, NHMSYS0001493681, NHMSYS0001494846 [Chewing Gum Lichen], NHMSYS0001497325, NHMSYS0001501925 [Common Orange Lichen], NHMSYS0020039387, NHMSYS0020327881, NHMSYS0020535798, NHMSYS0020989718, NHMSYS0020989760, NHMSYS0020990108, NHMSYS0020990207, NHMSYS0020991038`"
**ST616754**,"`NBNSYS0000000004 [Cormorant], NBNSYS0000000006 [Grey Heron], NBNSYS0000000009 [Canada Goose(2)], NBNSYS0000000010 [Mute Swan(3)], NBNSYS0000000024 [Moorhen(2)], NBNSYS0000000354 [Common Gull], NBNSYS0000008299, NHMSYS0000530533 [Great Tit], NHMSYS0000530671 [Wren], NHMSYS0000544718 [Perch], NHMSYS0000544738 [Roach], NHMSYS0001688296 [Blue Tit(2)], NHMSYS0001702050 [Girdled Snail], NHMSYS0020152181 [Green Dock Beetle], NHMSYS0020213805`"
**ST616755**,"`NBNSYS0000000004 [Cormorant], NBNSYS0000000024 [Moorhen], NBNSYS0000000025 [Coot], NHMSYS0000530309 [Woodpigeon], NHMSYS0000530494 [Grey Wagtail], NHMSYS0000530761 [Magpie], NHMSYS0021178877 [Jackdaw]`"
**ST616756**,`NHMSYS0000530674 [Blackbird]`
**ST616757**,`NBNSYS0000007116`
**ST616759**,`NBNSYS0000005102 [Brown Long-eared Bat]`
**ST616769**,"`BMSSYS0000043743(2), NBNSYS0000018589(2), NBNSYS0000018924(2), NBNSYS0000018941(2), NBNSYS0000019399(2), NBNSYS0000155498(2), NHMSYS0001476657(2), NHMSYS0001480937(2), NHMSYS0021645535(2)`"
**ST616772**,`NBNSYS0000006916 [Marmalade Hoverfly]`
**ST616773**,"`BMSSYS0000001474(2), NHMSYS0001474644(2), NHMSYS0001474939(2), NHMSYS0021647175(2)`"
**ST616774**,"`BMSSYS0000001357(2), BMSSYS0000009425(2), BMSSYS0000048300(2), BMSSYS0000049685(2), BMSSYS0000533914(2), BMSSYS0000534050(2), BMSSYS0000534141(2), NBNSYS0000015513(2), NBNSYS0000018300(2), NBNSYS0000018320(2), NBNSYS0000018421(2), NBNSYS0000018480 [Oak Moss(2)], NBNSYS0000018579(2), NBNSYS0000018905 [Netted Shield Lichen(2)], NBNSYS0000018934(2), NBNSYS0000018986(2), NBNSYS0000019233(2), NBNSYS0000147457(2), NBNSYS0000154736(2), NHMSYS0000875564 [Tree Bumblebee], NHMSYS0001476782(2), NHMSYS0001482509(2), NHMSYS0001484847(2), NHMSYS0001485112(2), NHMSYS0001486275(2), NHMSYS0001486984(2), NHMSYS0001489123(2), NHMSYS0001489135(2), NHMSYS0001493681(2), NHMSYS0001493903(2), NHMSYS0001497325(2), NHMSYS0001501925 [Common Orange Lichen(2)], NHMSYS0020039387(2), NHMSYS0020109270, NHMSYS0020327881(2), NHMSYS0020989760(2), NHMSYS0021576638(2)`"
**ST61677467**,`NBNSYS0000005602 [Common Blue Damselfly]`
**ST61677492**,`NHMSYS0020109266 [Green Shieldbug]`
**ST616779**,"`NBNSYS0000006825 [Speckled Bush-cricket], NHMSYS0000712592 [Harlequin Ladybird], NHMSYS0000875423 [Western Honey Bee], NHMSYS0000875567 [Red-tailed Bumblebee], NHMSYS0000875576 [Common Carder Bee], NHMSYS0021351693 [Roesel's Bush-cricket]`"
**ST616782**,"`NHMSYS0000530749 [Chiffchaff], NHMSYS0000530759 [Willow Warbler]`"
**ST616784**,`NBNSYS0000005602 [Common Blue Damselfly]`
**ST61697483**,"`NBNSYS0000006203, NBNSYS0000007061 [Batman Hoverfly]`"
**ST61697489**,"`NHMSYS0020309198 [Birch Shieldbug], NHMSYS0020309200 [Parent Bug]`"
**ST6170**,"`NBNSYS0000001346 [Pied Wagtail], NBNSYS0000005599 [Large Red Damselfly(2)], NBNSYS0000005626 [Southern Hawker], NBNSYS0000007943 [Dark-edged Bee-fly], NHMSYS0000530358 [Kestrel], NHMSYS0000712592 [Harlequin Ladybird]`"
**ST61707336**,`NHMSYS0020705811 [Cuckoo-Spit Insect]`
**ST6171**,"`NBNSYS0000000007 [Mallard], NBNSYS0000000038 [Herring Gull], NBNSYS0000007943 [Dark-edged Bee-fly], NHMSYS0000530120 [Sparrowhawk(4)], NHMSYS0000530225 [Buzzard], NHMSYS0000530533 [Great Tit(2)], NHMSYS0000530628 [Starling(30)], NHMSYS0000530671 [Wren], NHMSYS0000530674 [Blackbird(10)], NHMSYS0000530678 [Song Thrush], NHMSYS0000530679 [Fieldfare], NHMSYS0000530734 [Reed Bunting], NHMSYS0000530749 [Chiffchaff], NHMSYS0000730335 [Castor Bean Tick(3)], NHMSYS0001688296 [Blue Tit(6)], NHMSYS0020001356 [Pipistrelle(2)], NHMSYS0021002985 [Greenfinch(4)]`"
**ST6172**,"`NBNSYS0000000010 [Mute Swan(2)], NBNSYS0000005598 [White-legged Damselfly(2)], NBNSYS0000006825 [Speckled Bush-cricket], NBNSYS0000006842 [Field Grasshopper(2)], NBNSYS0000006916 [Marmalade Hoverfly], NBNSYS0000006959, NBNSYS0000006964, NBNSYS0000006984, NBNSYS0000007057, NBNSYS0000007825 [Broad Centurion(2)], NBNSYS0000007943 [Dark-edged Bee-fly], NBNSYS0000008324 [7-spot Ladybird(2)], NBNSYS0000011045 [Wasp Beetle], NBNSYS0000030074, NBNSYS0100004720 [Soprano Pipistrelle(3)], NHMSYS0000376160 [Bat(7)], NHMSYS0000528028 [Daubenton's Bat], NHMSYS0000730335 [Castor Bean Tick], NHMSYS0000875595 [Buff-tailed Bumblebee(3)], NHMSYS0001387435 [Dark Bush-cricket], NHMSYS0001701949 [Brown-lipped Snail], NHMSYS0020109255 [Dock Bug], NHMSYS0020109266 [Green Shieldbug(3)], NHMSYS0020309142, NHMSYS0020309315 [Ant Damsel Bug], NHMSYS0020309360 [Meadow Plant Bug], NHMSYS0020705258 [Tree Hopper], NHMSYS0020752279 [Long-winged Cone-head], NHMSYS0020976950 [Potato Capsid], NHMSYS0021351693 [Roesel's Bush-cricket(2)]`"
**ST61727155**,`NHMSYS0000876769 [Hornet]`
**ST61727481**,`NHMSYS0001702070 [Green Cellar Slug]`
**ST6173**,"`NBNSYS0000000037 [Lesser Black-backed Gull(3)], NBNSYS0000000038 [Herring Gull(3)], NBNSYS0000005500, NBNSYS0000006456, NBNSYS0000006842 [Field Grasshopper], NBNSYS0000006916 [Marmalade Hoverfly(2)], NBNSYS0000006937, NBNSYS0000007047, NBNSYS0000007052(2), NBNSYS0000007054, NBNSYS0000007061 [Batman Hoverfly(4)], NBNSYS0000007069 [Greater Bulb-Fly(4)], NBNSYS0000007110(2), NBNSYS0000007203, NBNSYS0000008324 [7-spot Ladybird], NBNSYS0000008330 [14-spot Ladybird], NBNSYS0000008490, NBNSYS0000011741, NBNSYS0000012057, NBNSYS0000030074, NBNSYS0000030519(2), NBNSYS0000030633, NBNSYS0000033260(4), NBNSYS0100002030 [Vestal Cuckoo Bee], NBNSYS0100002273, NBNSYS0100002804(2), NBNSYS0100025533(2), NHMSYS0000530533 [Great Tit], NHMSYS0000875564 [Tree Bumblebee(6)], NHMSYS0000875567 [Red-tailed Bumblebee(11)], NHMSYS0000875576 [Common Carder Bee(23)], NHMSYS0000875578 [Early Bumblebee(9)], NHMSYS0000875595 [Buff-tailed Bumblebee(5)], NHMSYS0001702070 [Green Cellar Slug], NHMSYS0020309142, NHMSYS0020309501 [Broad Damselbug], NHMSYS0020326925(2), NHMSYS0020528153 [Common Garden Snail], NHMSYS0020528292 [Atlantic Shelled Slug(2)], NHMSYS0020752279 [Long-winged Cone-head], NHMSYS0020772188 [White/Buff-tailed Bumblebee workers(10)], NHMSYS0020936546(4), NHMSYS0020978338`"
**ST6174**,"`NBNSYS0000005645 [Common Darter], NBNSYS0000008324 [7-spot Ladybird], NHMSYS0000501034 [Small Tortoiseshell(7)], NHMSYS0000501120 [Ringlet(33)], NHMSYS0000502045 [Small Blue(2)], NHMSYS0000503827 [Large White(38)], NHMSYS0000503832 [Small White(43)], NHMSYS0000503893 [Comma(8)], NHMSYS0000504514 [Essex Skipper(5)], NHMSYS0000504515 [Small Skipper(14)], NHMSYS0000504624 [Red Admiral(20)], NHMSYS0000516186 [Orange-tip(4)], NHMSYS0000516260 [Holly Blue(24)], NHMSYS0000516380 [Brimstone(8)], NHMSYS0000516630 [Green-veined White(5)], NHMSYS0000516660 [Common Blue(19)], NHMSYS0000521977 [Meadow Brown(72)], NHMSYS0000522017 [Marbled White(12)], NHMSYS0000522857 [Gatekeeper(22)], NHMSYS0000523344 [Speckled Wood(134)], NHMSYS0000530247 [Goldfinch], NHMSYS0000530533 [Great Tit(3)], NHMSYS0000530537 [House Sparrow], NHMSYS0000530671 [Wren(2)], NHMSYS0001688296 [Blue Tit(5)], NHMSYS0020309360 [Meadow Plant Bug], NHMSYS0020755521 [Large Skipper(6)], NHMSYS0021143568 [Peacock(10)], NHMSYS0021143605 [Brown Argus(3)], NHMSYS0021297309 [Dark Green Fritillary]`"
**ST61747083**,`NHMSYS0000875564 [Tree Bumblebee]`
**ST61747485**,`NHMSYS0000712592 [Harlequin Ladybird]`
**ST6174876141**,"`NBNSYS0000188599 [European Eel], NBNSYS0000188607 [Brown/Sea Trout], NHMSYS0020755076 [Bullhead]`"
**ST6175**,"`NBNSYS0000000009 [Canada Goose(8)], NBNSYS0000000010 [Mute Swan(4)], NBNSYS0000000035 [Dunlin], NBNSYS0000000038 [Herring Gull], NBNSYS0000005598 [White-legged Damselfly(3)], NBNSYS0000005599 [Large Red Damselfly(17)], NBNSYS0000005602 [Common Blue Damselfly], NBNSYS0000005606 [Azure Damselfly(8)], NBNSYS0000005610 [Red-eyed Damselfly], NBNSYS0000005616 [Beautiful Demoiselle(50)], NBNSYS0000005617 [Banded Demoiselle(16)], NBNSYS0000005625 [Brown Hawker(20)], NBNSYS0000005626 [Southern Hawker(3)], NBNSYS0000005627 [Migrant Hawker], NBNSYS0000005630 [Emperor Dragonfly(15)], NBNSYS0000005638 [Scarce Chaser], NBNSYS0000005641 [Black-tailed Skimmer], NBNSYS0000005645 [Common Darter(17)], NBNSYS0000005650 [Ruddy Darter(3)], NBNSYS0000007943 [Dark-edged Bee-fly], NBNSYS0000136578 [Pipistrelle Bat species], NBNSYS0100004720 [Soprano Pipistrelle(2)], NHMSYS0000332764 [Grey Squirrel(2)], NHMSYS0000344179 [Blue-tailed Damselfly(7)], NHMSYS0000528028 [Daubenton's Bat(2)], NHMSYS0000530533 [Great Tit], NHMSYS0000530537 [House Sparrow(2)], NHMSYS0000530628 [Starling(2)], NHMSYS0020001355 [Common Pipistrelle(3)], NHMSYS0020109255 [Dock Bug], NHMSYS0020309144, NHMSYS0020962539 [Black-headed Gull(3)]`"
**ST61757850**,`NBNSYS0000007061 [Batman Hoverfly]`
**ST6176**,"`NBNSYS0000000002 [Little Grebe(14)], NBNSYS0000000004 [Cormorant(21)], NBNSYS0000000006 [Grey Heron(26)], NBNSYS0000000007 [Mallard(57)], NBNSYS0000000009 [Canada Goose(21)], NBNSYS0000000010 [Mute Swan(26)], NBNSYS0000000024 [Moorhen(65)], NBNSYS0000000025 [Coot(53)], NBNSYS0000000030 [Snipe], NBNSYS0000000037 [Lesser Black-backed Gull(10)], NBNSYS0000000038 [Herring Gull(15)], NBNSYS0000000131 [Teal], NBNSYS0000000143 [Jack Snipe], NBNSYS0000000354 [Common Gull], NBNSYS0000005133 [Otter], NBNSYS0000005598 [White-legged Damselfly(3)], NBNSYS0000005599 [Large Red Damselfly], NBNSYS0000005602 [Common Blue Damselfly(21)], NBNSYS0000005606 [Azure Damselfly(9)], NBNSYS0000005610 [Red-eyed Damselfly(5)], NBNSYS0000005616 [Beautiful Demoiselle(2)], NBNSYS0000005617 [Banded Demoiselle(10)], NBNSYS0000005625 [Brown Hawker(9)], NBNSYS0000005627 [Migrant Hawker(5)], NBNSYS0000005630 [Emperor Dragonfly(18)], NBNSYS0000005637 [Broad-bodied Chaser(4)], NBNSYS0000005639 [Four-spotted Chaser], NBNSYS0000005641 [Black-tailed Skimmer(18)], NBNSYS0000005645 [Common Darter(18)], NBNSYS0000005650 [Ruddy Darter], NBNSYS0000006824 [Short-winged Cone-head(3)], NBNSYS0000006838 [Common Green Grasshopper(3)], NBNSYS0000006867, NBNSYS0000007057, NBNSYS0000007943 [Dark-edged Bee-fly], NBNSYS0000008324 [7-spot Ladybird], NBNSYS0000008330 [14-spot Ladybird], NBNSYS0000018320(2), NBNSYS0000018421(2), NHMSYS0000080191 [Badger], NHMSYS0000344177 [Small Red-eyed Damselfly], NHMSYS0000344179 [Blue-tailed Damselfly(17)], NHMSYS0000527503 [River Skater], NHMSYS0000530120 [Sparrowhawk], NHMSYS0000530129 [Sedge Warbler], NHMSYS0000530130 [Reed Warbler(7)], NHMSYS0000530139 [Skylark], NHMSYS0000530141 [Kingfisher(2)], NHMSYS0000530159 [Meadow Pipit(7)], NHMSYS0000530225 [Buzzard(17)], NHMSYS0000530313 [Raven(7)], NHMSYS0000530315 [Carrion Crow(23)], NHMSYS0000530358 [Kestrel(4)], NHMSYS0000530406 [Swallow(6)], NHMSYS0000530586 [Sand Martin(2)], NHMSYS0000530674 [Blackbird], NHMSYS0000530734 [Reed Bunting(6)], NHMSYS0000530803 [Water Rail], NHMSYS0020109266 [Green Shieldbug], NHMSYS0020152181 [Green Dock Beetle], NHMSYS0020528135 [White-lipped Snail], NHMSYS0020962539 [Black-headed Gull(27)], NHMSYS0021002960 [Stonechat(7)], NHMSYS0021053542 [Common Sandpiper], NHMSYS0021178877 [Jackdaw(14)]`"
**ST6176375378**,"`NBNSYS0000188599 [European Eel], NBNSYS0000188607 [Brown/Sea Trout], NHMSYS0020755076 [Bullhead]`"
**ST61767142**,`NBNSYS0000005637 [Broad-bodied Chaser]`
**ST61767403**,`NHMSYS0020528153 [Common Garden Snail]`
**ST61767850**,`NBNSYS0000006203`
**ST6177**,"`NBNSYS0000000006 [Grey Heron(2)], NBNSYS0000000007 [Mallard(3)], NBNSYS0000000010 [Mute Swan], NBNSYS0000000024 [Moorhen(6)], NBNSYS0000000037 [Lesser Black-backed Gull(13)], NBNSYS0000000038 [Herring Gull(11)], NBNSYS0000005599 [Large Red Damselfly(2)], NBNSYS0000005602 [Common Blue Damselfly], NBNSYS0000005606 [Azure Damselfly(3)], NBNSYS0000005626 [Southern Hawker], NBNSYS0000005630 [Emperor Dragonfly(3)], NBNSYS0000005637 [Broad-bodied Chaser(2)], NBNSYS0000005639 [Four-spotted Chaser], NBNSYS0000005641 [Black-tailed Skimmer(2)], NBNSYS0000005645 [Common Darter], NBNSYS0000006446, NBNSYS0000006725 [Worm Slug], NBNSYS0000006864, NBNSYS0000006866, NBNSYS0000006916 [Marmalade Hoverfly], NBNSYS0000006993, NBNSYS0000007095, NBNSYS0000007115, NBNSYS0000008324 [7-spot Ladybird(2)], NBNSYS0000008330 [14-spot Ladybird(3)], NBNSYS0100004720 [Soprano Pipistrelle], NHMSYS0000080188 [Red Fox(4)], NHMSYS0000080203 [Roe Deer], NHMSYS0000080204 [Muntjac], NHMSYS0000080219 [Rabbit(9)], NHMSYS0000332764 [Grey Squirrel(5)], NHMSYS0000344179 [Blue-tailed Damselfly], NHMSYS0000501034 [Small Tortoiseshell(5)], NHMSYS0000501120 [Ringlet(13)], NHMSYS0000501356 [Silver-washed Fritillary], NHMSYS0000503827 [Large White(35)], NHMSYS0000503832 [Small White(36)], NHMSYS0000503893 [Comma(14)], NHMSYS0000504515 [Small Skipper(4)], NHMSYS0000504624 [Red Admiral(15)], NHMSYS0000516186 [Orange-tip(2)], NHMSYS0000516260 [Holly Blue(12)], NHMSYS0000516380 [Brimstone(5)], NHMSYS0000516465 [Small Copper(6)], NHMSYS0000516630 [Green-veined White(6)], NHMSYS0000516660 [Common Blue(4)], NHMSYS0000519083 [Small Heath(2)], NHMSYS0000521977 [Meadow Brown(81)], NHMSYS0000522017 [Marbled White(6)], NHMSYS0000522857 [Gatekeeper(19)], NHMSYS0000523344 [Speckled Wood(115)], NHMSYS0000530120 [Sparrowhawk(4)], NHMSYS0000530133 [Long-tailed Tit(11)], NHMSYS0000530165 [Swift(4)], NHMSYS0000530225 [Buzzard(7)], NHMSYS0000530247 [Goldfinch(14)], NHMSYS0000530266 [Treecreeper(4)], NHMSYS0000530307 [Rock Dove(14)], NHMSYS0000530308 [Stock Dove(4)], NHMSYS0000530309 [Woodpigeon(14)], NHMSYS0000530315 [Carrion Crow(14)], NHMSYS0000530329 [House Martin], NHMSYS0000530331 [Great Spotted Woodpecker(13)], NHMSYS0000530367 [Chaffinch(2)], NHMSYS0000530374 [Jay(6)], NHMSYS0000530406 [Swallow(4)], NHMSYS0000530444 [Grasshopper Warbler], NHMSYS0000530493 [Pied Wagtail], NHMSYS0000530533 [Great Tit(36)], NHMSYS0000530537 [House Sparrow(15)], NHMSYS0000530579 [Goldcrest(11)], NHMSYS0000530610 [Nuthatch(10)], NHMSYS0000530621 [Collared Dove(14)], NHMSYS0000530625 [Tawny Owl], NHMSYS0000530628 [Starling(11)], NHMSYS0000530633 [Blackcap(10)], NHMSYS0000530671 [Wren(15)], NHMSYS0000530674 [Blackbird(18)], NHMSYS0000530678 [Song Thrush(13)], NHMSYS0000530682 [Mistle Thrush(3)], NHMSYS0000530739 [Robin(15)], NHMSYS0000530749 [Chiffchaff(14)], NHMSYS0000530759 [Willow Warbler], NHMSYS0000530761 [Magpie(14)], NHMSYS0000530763 [Green Woodpecker(9)], NHMSYS0000530790 [Dunnock(13)], NHMSYS0000530792 [Ring-necked Parakeet(2)], NHMSYS0000530802 [Bullfinch(2)], NHMSYS0000876221 [Brown Tree Ant(2)], NHMSYS0000876224 [Jet Ant], NHMSYS0001387435 [Dark Bush-cricket], NHMSYS0001688296 [Blue Tit(36)], NHMSYS0001688300 [Coal Tit(3)], NHMSYS0020001355 [Common Pipistrelle], NHMSYS0020109262(2), NHMSYS0020109266 [Green Shieldbug], NHMSYS0020308938 [Common Flower Bug], NHMSYS0020309177 [Hairy Shieldbug], NHMSYS0020528135 [White-lipped Snail], NHMSYS0020784510, NHMSYS0021002985 [Greenfinch(13)], NHMSYS0021143568 [Peacock(9)], NHMSYS0021178877 [Jackdaw(14)], NHMSYS0021178937 [Grass Snake], NHMSYS0021311327 [Whitethroat(12)], NHMSYS0021311347 [Lesser Whitethroat(2)]`"
**ST617704**,`NBNSYS0000003189 [Himalayan Balsam(2)]`
**ST617709**,`NHMSYS0020308885 [Hawthorn Shieldbug]`
**ST617722**,"`NHMSYS0000530309 [Woodpigeon], NHMSYS0000530315 [Carrion Crow]`"
**ST617724**,"`NBNSYS0000006871, NBNSYS0000006933(2), NBNSYS0000006951, NBNSYS0000007047(2), NBNSYS0000007054, NBNSYS0000007056, NBNSYS0000007057(2), NBNSYS0000007110, NBNSYS0000027300 [Non-biting midges], NBNSYS0000030351 [Sheep-strike Greenbottle(3)], NHMSYS0000875567 [Red-tailed Bumblebee], NHMSYS0000875576 [Common Carder Bee(4)], NHMSYS0000876509 [Red Mason Bee], NHMSYS0020152556`"
**ST617725**,`NBNSYS0000008334 [22-spot Ladybird]`
**ST617727**,`NHMSYS0000712592 [Harlequin Ladybird]`
**ST617733**,`NHMSYS0020528153 [Common Garden Snail]`
**ST617736**,"`NHMSYS0000530309 [Woodpigeon], NHMSYS0000530739 [Robin], NHMSYS0000530761 [Magpie], NHMSYS0020962539 [Black-headed Gull]`"
**ST617737**,"`NBNSYS0000006959, NHMSYS0000712592 [Harlequin Ladybird], NHMSYS0020309113, NHMSYS0020309144, NHMSYS0020528153 [Common Garden Snail(3)]`"
**ST617739**,`NHMSYS0020302075`
**ST617746**,`NBNSYS0000008334 [22-spot Ladybird]`
**ST617748**,"`NBNSYS0000007829 [Twin-spot Centurion], NHMSYS0020480770 [Broad-barred Fusehorn]`"
**ST617749**,"`NBNSYS0000005625 [Brown Hawker], NHMSYS0020309113`"
**ST617752**,`NBNSYS0000005638 [Scarce Chaser]`
**ST617754**,"`NBNSYS0000000024 [Moorhen], NBNSYS0000000037 [Lesser Black-backed Gull], NBNSYS0000007103, NHMSYS0000530307 [Rock Dove], NHMSYS0020213805`"
**ST617755**,"`NBNSYS0000000006 [Grey Heron(2)], NBNSYS0000000025 [Coot], NHMSYS0000309936 [Crescent-cup Liverwort], NHMSYS0000332764 [Grey Squirrel], NHMSYS0000530133 [Long-tailed Tit], NHMSYS0000530247 [Goldfinch], NHMSYS0000530315 [Carrion Crow], NHMSYS0020962539 [Black-headed Gull]`"
**ST617758**,`NBNSYS0000000024 [Moorhen]`
**ST617760**,"`NBNSYS0000006984, NHMSYS0021583970 [Meadow Grasshopper]`"
**ST617768**,`NBNSYS0000008330 [14-spot Ladybird]`
**ST617769**,"`NBNSYS0000000010 [Mute Swan], NBNSYS0000000025 [Coot], NBNSYS0000005641 [Black-tailed Skimmer], NBNSYS0000007061 [Batman Hoverfly], NHMSYS0000344179 [Blue-tailed Damselfly], NHMSYS0000530133 [Long-tailed Tit], NHMSYS0000530247 [Goldfinch], NHMSYS0000530749 [Chiffchaff]`"
**ST617771**,"`NBNSYS0000005599 [Large Red Damselfly(2)], NBNSYS0000005606 [Azure Damselfly(2)], NBNSYS0000005637 [Broad-bodied Chaser], NHMSYS0000344179 [Blue-tailed Damselfly]`"
**ST617772**,"`NBNSYS0000006867, NHMSYS0001701946`"
**ST617774**,"`NBNSYS0000006203, NHMSYS0000876221 [Brown Tree Ant], NHMSYS0020481207 [Elm Mining Sawfly]`"
**ST617775**,"`NBNSYS0000012409, NHMSYS0020528135 [White-lipped Snail]`"
**ST61777722**,`NHMSYS0021351693 [Roesel's Bush-cricket]`
**ST617779**,"`NBNSYS0000000024 [Moorhen(4)], NHMSYS0000530247 [Goldfinch(3)], NHMSYS0000530309 [Woodpigeon(4)], NHMSYS0000530749 [Chiffchaff], NHMSYS0000530761 [Magpie], NHMSYS0000530792 [Ring-necked Parakeet], NHMSYS0000544594 [Common Bream], NHMSYS0000544718 [Perch], NHMSYS0000544738 [Roach], NHMSYS0021178877 [Jackdaw(2)]`"
**ST617780**,"`NBNSYS0000000038 [Herring Gull], NHMSYS0000530309 [Woodpigeon], NHMSYS0000530315 [Carrion Crow(2)], NHMSYS0000530671 [Wren], NHMSYS0000530739 [Robin], NHMSYS0000530761 [Magpie(2)], NHMSYS0001688296 [Blue Tit(3)], NHMSYS0021178877 [Jackdaw(2)]`"
**ST6178**,"`NBNSYS0000000004 [Cormorant(7)], NBNSYS0000000006 [Grey Heron(4)], NBNSYS0000000007 [Mallard(11)], NBNSYS0000000009 [Canada Goose(10)], NBNSYS0000000010 [Mute Swan(15)], NBNSYS0000000024 [Moorhen(14)], NBNSYS0000000025 [Coot(6)], NBNSYS0000000037 [Lesser Black-backed Gull(7)], NBNSYS0000000038 [Herring Gull(8)], NBNSYS0000001346 [Pied Wagtail], NBNSYS0000005606 [Azure Damselfly], NBNSYS0000005641 [Black-tailed Skimmer], NBNSYS0000005645 [Common Darter], NBNSYS0000011206 [Alder Leaf Beetle], NHMSYS0000530141 [Kingfisher(3)], NHMSYS0000530358 [Kestrel], NHMSYS0000530494 [Grey Wagtail(4)], NHMSYS0000530628 [Starling(9)], NHMSYS0000530674 [Blackbird(2)], NHMSYS0001688296 [Blue Tit], NHMSYS0020309271 [Box Bug], NHMSYS0020962539 [Black-headed Gull(6)], NHMSYS0021002985 [Greenfinch]`"
**ST61787603**,"`NBNSYS0000007097, NBNSYS0000007098 [Hornet Hoverfly]`"
**ST61787681**,`NBNSYS0000008324 [7-spot Ladybird]`
**ST61787692**,`NBNSYS0000005638 [Scarce Chaser]`
**ST61787851**,`NHMSYS0020109266 [Green Shieldbug(2)]`
**ST6179**,"`NBNSYS0000000037 [Lesser Black-backed Gull], NBNSYS0000005630 [Emperor Dragonfly], NBNSYS0000005645 [Common Darter], NHMSYS0000344179 [Blue-tailed Damselfly]`"
**ST61797692**,"`NBNSYS0000005598 [White-legged Damselfly], NBNSYS0000005602 [Common Blue Damselfly(2)]`"
**ST6180075608**,"`NBNSYS0000188599 [European Eel], NBNSYS0000188607 [Brown/Sea Trout], NHMSYS0000544621 [Barbel], NHMSYS0020755076 [Bullhead]`"
**ST6180575612**,`NBNSYS0000188599 [European Eel]`
**ST6180675615**,"`NBNSYS0000003189 [Himalayan Balsam], NHMSYS0020755076 [Bullhead]`"
**ST61807589**,`NHMSYS0020528135 [White-lipped Snail]`
**ST61807696**,`NBNSYS0000005637 [Broad-bodied Chaser]`
**ST61807697**,`NHMSYS0000344179 [Blue-tailed Damselfly(2)]`
**ST61807851**,"`NBNSYS0000008334 [22-spot Ladybird], NHMSYS0001387435 [Dark Bush-cricket]`"
**ST61817687**,`NBNSYS0000010994 [Glow-worm]`
**ST61817700**,"`NBNSYS0000005602 [Common Blue Damselfly], NHMSYS0020109255 [Dock Bug]`"
**ST61817720**,`NBNSYS0000159623 [Stem-sawflies]`
**ST61817721**,`NBNSYS0000006911`
**ST61817768**,`NBNSYS0000007019`
**ST61827091**,`NHMSYS0020528153 [Common Garden Snail]`
**ST61827537**,`NHMSYS0021009882`
**ST61827538**,`NHMSYS0000712592 [Harlequin Ladybird]`
**ST61827563**,"`NBNSYS0000188599 [European Eel], NHMSYS0020755076 [Bullhead]`"
**ST61837537**,`NHMSYS0020309624 [Red-legged Shieldbug]`
**ST61837543**,"`NBNSYS0000008329 [Cream-spot Ladybird], NBNSYS0000008332 [Orange Ladybird]`"
**ST61837564**,"`NBNSYS0000188599 [European Eel], NBNSYS0000188607 [Brown/Sea Trout], NHMSYS0020755076 [Bullhead]`"
**ST61837581**,`NBNSYS0000003189 [Himalayan Balsam(2)]`
**ST61837605**,`NBNSYS0000007943 [Dark-edged Bee-fly]`
**ST61837687**,"`NBNSYS0000005598 [White-legged Damselfly], NBNSYS0000011092`"
**ST61837688**,`NHMSYS0000344179 [Blue-tailed Damselfly]`
**ST6184275670**,`NBNSYS0000003189 [Himalayan Balsam]`
**ST61847484**,`NHMSYS0000876769 [Hornet]`
**ST61847567**,`NBNSYS0000037145 [Cranefly]`
**ST61847769**,`NBNSYS0000007825 [Broad Centurion]`
**ST61847874**,`NHMSYS0020302075`
**ST61857478**,`NBNSYS0000006446`
**ST61857614**,`NBNSYS0000006984`
**ST61857616**,`NBNSYS0000006984`
**ST61857691**,`NBNSYS0000010994 [Glow-worm]`
**ST61857697**,`NBNSYS0000010994 [Glow-worm]`
**ST61867619**,`NHMSYS0000066970 [Green Drake]`
**ST61867623**,`NHMSYS0001702223 [Large Amber Snail]`
**ST61867694**,`NBNSYS0000010994 [Glow-worm]`
**ST61867720**,`NBNSYS0000005606 [Azure Damselfly]`
**ST61867848**,`NBNSYS0000005626 [Southern Hawker]`
**ST618717**,`NHMSYS0020705811 [Cuckoo-Spit Insect]`
**ST618722**,`NBNSYS0000003189 [Himalayan Balsam]`
**ST618723**,`NBNSYS0100002538 [Ivy Bee]`
**ST618724**,`NHMSYS0020705811 [Cuckoo-Spit Insect]`
**ST618729**,`NHMSYS0000462335 [Japanese Knotweed]`
**ST618730**,"`NHMSYS0000875576 [Common Carder Bee], NHMSYS0000875595 [Buff-tailed Bumblebee]`"
**ST618736**,`NHMSYS0020962539 [Black-headed Gull]`
**ST618737**,`NHMSYS0000712592 [Harlequin Ladybird]`
**ST618738**,"`NHMSYS0000530533 [Great Tit], NHMSYS0000530579 [Goldcrest], NHMSYS0001688296 [Blue Tit]`"
**ST618744**,"`NBNSYS0000007047(8), NBNSYS0000007054(3), NBNSYS0000007057(2), NBNSYS0000007110, NBNSYS0000030273 [Pouting Woodlouse-fly(2)], NBNSYS0100002042, NHMSYS0000875423 [Western Honey Bee], NHMSYS0000875576 [Common Carder Bee(23)], NHMSYS0000875595 [Buff-tailed Bumblebee(2)]`"
**ST618746**,"`NBNSYS0000007098 [Hornet Hoverfly], NBNSYS0000008334 [22-spot Ladybird]`"
**ST618748**,`NBNSYS0000011544 [Rose Chafer]`
**ST618753**,"`NBNSYS0000006825 [Speckled Bush-cricket], NBNSYS0000006916 [Marmalade Hoverfly], NBNSYS0000007047(4), NBNSYS0000007054(2), NBNSYS0000007057, NBNSYS0000008329 [Cream-spot Ladybird], NBNSYS0000024663(2), NBNSYS0000030351 [Sheep-strike Greenbottle(2)], NBNSYS0000037145 [Cranefly], NHMSYS0000875423 [Western Honey Bee(5)], NHMSYS0000875564 [Tree Bumblebee], NHMSYS0000876174 [Common Furrow Bee(2)], NHMSYS0000876212 [Smeathman's Furrow Bee], NHMSYS0020109272, NHMSYS0020152556(3), NHMSYS0020308938 [Common Flower Bug]`"
**ST618755**,"`NBNSYS0000000139 [Tufted Duck], NHMSYS0000530331 [Great Spotted Woodpecker], NHMSYS0021053542 [Common Sandpiper]`"
**ST618756**,"`NBNSYS0000003189 [Himalayan Balsam], NBNSYS0000006446, NBNSYS0000008339, NBNSYS0000008347, NBNSYS0000008409, NBNSYS0000008419, NBNSYS0000008421, NBNSYS0000008457, NBNSYS0000008506, NHMSYS0000530674 [Blackbird], NHMSYS0000530739 [Robin], NHMSYS0020704776, NHMSYS0020704791, NHMSYS0021055602 [Jenkins' Spire Snail(2)]`"
**ST618757**,"`NBNSYS0000000009 [Canada Goose], NBNSYS0000000010 [Mute Swan], NBNSYS0000000038 [Herring Gull], NBNSYS0000007009, NBNSYS0000007103, NBNSYS0000008324 [7-spot Ladybird], NBNSYS0000030116, NHMSYS0000530133 [Long-tailed Tit(2)], NHMSYS0000530141 [Kingfisher(2)], NHMSYS0000530225 [Buzzard], NHMSYS0000530289 [Dipper], NHMSYS0000530309 [Woodpigeon(2)], NHMSYS0000530374 [Jay(2)], NHMSYS0000530494 [Grey Wagtail], NHMSYS0000530586 [Sand Martin], NHMSYS0000530671 [Wren], NHMSYS0000530739 [Robin(3)], NHMSYS0000530761 [Magpie], NHMSYS0001688296 [Blue Tit]`"
**ST618758**,"`NBNSYS0000005616 [Beautiful Demoiselle(2)], NBNSYS0000005617 [Banded Demoiselle(2)], NBNSYS0000007943 [Dark-edged Bee-fly], NHMSYS0000344179 [Blue-tailed Damselfly], NHMSYS0000530266 [Treecreeper], NHMSYS0000530674 [Blackbird], NHMSYS0021178877 [Jackdaw]`"
**ST618759**,"`NBNSYS0000005625 [Brown Hawker], NHMSYS0000344179 [Blue-tailed Damselfly]`"
**ST618760**,`NHMSYS0020152181 [Green Dock Beetle]`
**ST618761**,"`NHMSYS0020109262, NHMSYS0020309684`"
**ST618762**,"`NBNSYS0000005599 [Large Red Damselfly(4)], NBNSYS0000005606 [Azure Damselfly], NBNSYS0000005616 [Beautiful Demoiselle(7)], NBNSYS0000005617 [Banded Demoiselle(5)], NBNSYS0000005625 [Brown Hawker], NBNSYS0000005637 [Broad-bodied Chaser], NBNSYS0000005645 [Common Darter(2)], NHMSYS0000344179 [Blue-tailed Damselfly]`"
**ST618763**,"`NBNSYS0000005598 [White-legged Damselfly(2)], NBNSYS0000005599 [Large Red Damselfly(2)], NBNSYS0000005616 [Beautiful Demoiselle(8)], NBNSYS0000005617 [Banded Demoiselle(5)], NBNSYS0000005626 [Southern Hawker(2)], NBNSYS0000005627 [Migrant Hawker], NBNSYS0000005630 [Emperor Dragonfly(2)], NBNSYS0000005645 [Common Darter]`"
**ST618767**,`NHMSYS0000530225 [Buzzard]`
**ST618768**,"`NBNSYS0000005602 [Common Blue Damselfly(5)], NBNSYS0000005606 [Azure Damselfly], NBNSYS0000005617 [Banded Demoiselle(2)], NBNSYS0000005625 [Brown Hawker], NBNSYS0000005630 [Emperor Dragonfly(2)], NBNSYS0000005641 [Black-tailed Skimmer], NBNSYS0000005645 [Common Darter], NBNSYS0000006824 [Short-winged Cone-head], NBNSYS0000010994 [Glow-worm], NBNSYS0000011092, NHMSYS0000344179 [Blue-tailed Damselfly(6)], NHMSYS0020213805, NHMSYS0020752279 [Long-winged Cone-head]`"
**ST618769**,"`NBNSYS0000000009 [Canada Goose], NBNSYS0000000010 [Mute Swan], NBNSYS0000000024 [Moorhen(2)], NBNSYS0000005599 [Large Red Damselfly(4)], NBNSYS0000005602 [Common Blue Damselfly(22)], NBNSYS0000005606 [Azure Damselfly(7)], NBNSYS0000005610 [Red-eyed Damselfly], NBNSYS0000005617 [Banded Demoiselle(7)], NBNSYS0000005625 [Brown Hawker(10)], NBNSYS0000005627 [Migrant Hawker(5)], NBNSYS0000005630 [Emperor Dragonfly(10)], NBNSYS0000005637 [Broad-bodied Chaser(4)], NBNSYS0000005639 [Four-spotted Chaser], NBNSYS0000005641 [Black-tailed Skimmer(13)], NBNSYS0000005645 [Common Darter(13)], NHMSYS0000344177 [Small Red-eyed Damselfly], NHMSYS0000344179 [Blue-tailed Damselfly(16)], NHMSYS0000530225 [Buzzard], NHMSYS0000530247 [Goldfinch], NHMSYS0000530315 [Carrion Crow(2)], NHMSYS0000530358 [Kestrel], NHMSYS0000530671 [Wren(2)], NHMSYS0000530674 [Blackbird], NHMSYS0000530739 [Robin(2)], NHMSYS0000530749 [Chiffchaff], NHMSYS0000530761 [Magpie], NHMSYS0001688296 [Blue Tit], NHMSYS0020213805`"
**ST618773**,"`NBNSYS0000005599 [Large Red Damselfly], NBNSYS0000005606 [Azure Damselfly], NBNSYS0000005630 [Emperor Dragonfly], NBNSYS0000005637 [Broad-bodied Chaser], NBNSYS0000006959, NBNSYS0000007829 [Twin-spot Centurion], NHMSYS0000344179 [Blue-tailed Damselfly], NHMSYS0001387435 [Dark Bush-cricket]`"
**ST618774**,"`NBNSYS0000030131, NHMSYS0000310549 [Even Scalewort], NHMSYS0000530763 [Green Woodpecker], NHMSYS0020308958, NHMSYS0020705926`"
**ST618775**,"`BMSSYS0000009449(2), NBNSYS0000008061, NBNSYS0000008289 [24-spot Ladybird], NBNSYS0000008332 [Orange Ladybird], NBNSYS0000009343 [Red Ant], NBNSYS0000018579, NHMSYS0000309902 [Dilated Scalewort], NHMSYS0000310185 [Forked Veilwort], NHMSYS0000876221 [Brown Tree Ant]`"
**ST61877686**,`NBNSYS0000005645 [Common Darter]`
**ST61877695**,`NBNSYS0000010994 [Glow-worm]`
**ST618780**,`NBNSYS0000008324 [7-spot Ladybird]`
**ST61887693**,`NBNSYS0000010994 [Glow-worm]`
**ST61887694**,`NBNSYS0000010994 [Glow-worm]`
**ST61907165**,"`NBNSYS0000006916 [Marmalade Hoverfly], NBNSYS0000007057, NBNSYS0000011544 [Rose Chafer], NBNSYS0000030304, NBNSYS0000037145 [Cranefly], NHMSYS0000875423 [Western Honey Bee], NHMSYS0001701949 [Brown-lipped Snail], NHMSYS0020528153 [Common Garden Snail]`"
**ST61907626**,`NBNSYS0000003322 [Raspberry]`
**ST61907686**,`NBNSYS0000007098 [Hornet Hoverfly]`
**ST61907690**,`NBNSYS0000005602 [Common Blue Damselfly]`
**ST61907721**,`NHMSYS0021351693 [Roesel's Bush-cricket]`
**ST61917398**,`NHMSYS0020528153 [Common Garden Snail]`
**ST61917538**,`NHMSYS0020309624 [Red-legged Shieldbug]`
**ST61917570**,`NHMSYS0020784510`
**ST61927060**,`NBNSYS0000005637 [Broad-bodied Chaser]`
**ST61927212**,`NHMSYS0020528153 [Common Garden Snail]`
**ST61927535**,`NBNSYS0000008332 [Orange Ladybird]`
**ST61927719**,"`NBNSYS0000007057, NBNSYS0000039549`"
**ST61937086**,"`NBNSYS0000011544 [Rose Chafer], NHMSYS0020109266 [Green Shieldbug], NHMSYS0020528153 [Common Garden Snail]`"
**ST61937212**,`NHMSYS0001701949 [Brown-lipped Snail]`
**ST61937629**,`NBNSYS0000006916 [Marmalade Hoverfly]`
**ST61937688**,`NBNSYS0000005627 [Migrant Hawker]`
**ST61937691**,`NBNSYS0000005613 [Emerald Damselfly]`
**ST61937719**,`NBNSYS0000005606 [Azure Damselfly]`
**ST61947572**,`NHMSYS0020109266 [Green Shieldbug]`
**ST61947693**,`NBNSYS0000005645 [Common Darter]`
**ST61957332**,`NHMSYS0001701949 [Brown-lipped Snail]`
**ST61957338**,`NBNSYS0000008061`
**ST61957488**,`NBNSYS0000003323 [Japanese Wineberry]`
**ST61957702**,`NBNSYS0000007972`
**ST61957772**,`NBNSYS0000008332 [Orange Ladybird]`
**ST61967340**,"`NBNSYS0000008324 [7-spot Ladybird(2)], NHMSYS0020309177 [Hairy Shieldbug]`"
**ST61967693**,`NBNSYS0000005641 [Black-tailed Skimmer]`
**ST61967702**,`NBNSYS0100004599`
**ST61967719**,`NBNSYS0000007825 [Broad Centurion]`
**ST619719**,`NHMSYS0000530739 [Robin]`
**ST619721**,"`NHMSYS0001701949 [Brown-lipped Snail], NHMSYS0020476639 [Western Conifer Seed Bug(2)], NHMSYS0020528135 [White-lipped Snail]`"
**ST619730**,`NHMSYS0000462335 [Japanese Knotweed]`
**ST619731**,"`NBNSYS0000006446, NHMSYS0020109255 [Dock Bug]`"
**ST619733**,"`NBNSYS0000007054, NHMSYS0020528135 [White-lipped Snail]`"
**ST619734**,"`NBNSYS0000006446, NBNSYS0000006456, NBNSYS0000006889, NBNSYS0000006951, NBNSYS0000006959, NBNSYS0000007054(4), NBNSYS0000007057(2), NBNSYS0000007061 [Batman Hoverfly], NBNSYS0000007069 [Greater Bulb-Fly(2)], NBNSYS0000007110(2), NBNSYS0000008318 [16-spot Ladybird], NBNSYS0000008324 [7-spot Ladybird(5)], NBNSYS0000008330 [14-spot Ladybird], NBNSYS0000030717, NBNSYS0000033260(5), NBNSYS0000133089, NHMSYS0001701949 [Brown-lipped Snail(2)], NHMSYS0001702050 [Girdled Snail(2)], NHMSYS0020109266 [Green Shieldbug(4)], NHMSYS0020151686 [Rosemary Beetle], NHMSYS0020309142, NHMSYS0020309777(2), NHMSYS0020326925, NHMSYS0020528153 [Common Garden Snail], NHMSYS0020705811 [Cuckoo-Spit Insect(2)], NHMSYS0020752279 [Long-winged Cone-head]`"
**ST619735**,`NBNSYS0000006446`
**ST619736**,"`NHMSYS0000530315 [Carrion Crow], NHMSYS0000530761 [Magpie]`"
**ST619748**,`NBNSYS0000008330 [14-spot Ladybird]`
**ST619749**,`NBNSYS0000006203`
**ST619757**,`NHMSYS0021196476`
**ST619760**,`NBNSYS0100009558`
**ST619762**,"`NBNSYS0000006825 [Speckled Bush-cricket], NBNSYS0000007003, NBNSYS0000007047(3), NBNSYS0000007052, NBNSYS0000007054(2), NBNSYS0000007058, NBNSYS0000007110, NBNSYS0000008324 [7-spot Ladybird(3)], NBNSYS0000024301 [Varied Carpet Beetle], NBNSYS0000024943 [Swollen-thighed Beetle(9)], NBNSYS0000027831, NBNSYS0000030557, NBNSYS0100003978 [Dark-palped Melinda], NBNSYS0100004477(3), NHMSYS0000503832 [Small White], NHMSYS0000712592 [Harlequin Ladybird], NHMSYS0000875234 [Common Mini-miner], NHMSYS0000875423 [Western Honey Bee], NHMSYS0000875567 [Red-tailed Bumblebee(2)], NHMSYS0000875570 [White-tailed Bumblebee(3)], NHMSYS0000875576 [Common Carder Bee(9)], NHMSYS0000875595 [Buff-tailed Bumblebee(10)], NHMSYS0000876202 [Long-faced Furrow Bee], NHMSYS0000876295 [Patchwork Leafcutter Bee], NHMSYS0001685273 [Grey-patched Mining Bee], NHMSYS0020151555 [Raspberry Beetle(2)], NHMSYS0020152556(4), NHMSYS0020309360 [Meadow Plant Bug]`"
**ST619763**,`NBNSYS0000005616 [Beautiful Demoiselle]`
**ST619767**,"`NBNSYS0000005606 [Azure Damselfly], NBNSYS0000005641 [Black-tailed Skimmer], NHMSYS0000344179 [Blue-tailed Damselfly]`"
**ST619769**,"`NBNSYS0000005598 [White-legged Damselfly(3)], NBNSYS0000005599 [Large Red Damselfly], NBNSYS0000005602 [Common Blue Damselfly(7)], NBNSYS0000005617 [Banded Demoiselle(2)], NBNSYS0000005625 [Brown Hawker(2)], NBNSYS0000005627 [Migrant Hawker], NBNSYS0000005630 [Emperor Dragonfly(5)], NBNSYS0000005639 [Four-spotted Chaser], NBNSYS0000005641 [Black-tailed Skimmer(4)], NBNSYS0000005645 [Common Darter(3)], NBNSYS0000010994 [Glow-worm], NHMSYS0000344177 [Small Red-eyed Damselfly], NHMSYS0000344179 [Blue-tailed Damselfly(8)], NHMSYS0000530533 [Great Tit]`"
**ST619771**,`NBNSYS0000008324 [7-spot Ladybird]`
**ST61977119**,`NBNSYS0000011449 [Lesser Stag Beetle]`
**ST619773**,`NHMSYS0020109266 [Green Shieldbug]`
**ST61977335**,`NHMSYS0020528135 [White-lipped Snail]`
**ST61977339**,`NBNSYS0000008324 [7-spot Ladybird]`
**ST61977340**,"`NBNSYS0000006937(2), NBNSYS0000006951, NBNSYS0000006959(3), NBNSYS0000007054, NBNSYS0000007061 [Batman Hoverfly], NBNSYS0000007069 [Greater Bulb-Fly], NBNSYS0000007110(3), NHMSYS0020309777, NHMSYS0020705811 [Cuckoo-Spit Insect]`"
**ST619775**,`NBNSYS0000007919 [Common Red-legged Robberfly]`
**ST619776**,`NHMSYS0000310185 [Forked Veilwort]`
**ST61977692**,"`NBNSYS0000013013, NHMSYS0000344177 [Small Red-eyed Damselfly(2)]`"
**ST61977703**,`NHMSYS0000344179 [Blue-tailed Damselfly]`
**ST61977719**,`NBNSYS0000011045 [Wasp Beetle]`
**ST619778**,`NHMSYS0020734178 [Bright Four-spined Legionnaire]`
**ST619780**,"`NHMSYS0000530493 [Pied Wagtail], NHMSYS0000530790 [Dunnock]`"
**ST619782**,`NBNSYS0000011206 [Alder Leaf Beetle]`
**ST619795**,`NHMSYS0001702050 [Girdled Snail]`
**ST61987340**,"`NBNSYS0000006916 [Marmalade Hoverfly], NBNSYS0000006933, NBNSYS0000007052, NBNSYS0000007069 [Greater Bulb-Fly], NBNSYS0000007825 [Broad Centurion], NBNSYS0000008330 [14-spot Ladybird], NBNSYS0000033260(2), NBNSYS0000133089, NHMSYS0020309142, NHMSYS0020309777, NHMSYS0020528153 [Common Garden Snail], NHMSYS0020705811 [Cuckoo-Spit Insect]`"
**ST61987341**,"`NBNSYS0000007052(2), NBNSYS0000007110, NBNSYS0000033260, NHMSYS0020109266 [Green Shieldbug(2)], NHMSYS0021196425`"
**ST61987689**,`NBNSYS0000006967`
**ST61987694**,`NBNSYS0000005630 [Emperor Dragonfly]`
**ST61987720**,`NHMSYS0020309360 [Meadow Plant Bug]`
**ST61997693**,`NHMSYS0000873237 [Small Black Ant]`
**ST61997694**,`NBNSYS0000005630 [Emperor Dragonfly]`
**ST61997721**,`NBNSYS0000006964`
**ST62007398**,`NBNSYS0000159635 [Froghopper]`
**ST62007689**,`NHMSYS0001387435 [Dark Bush-cricket]`
**ST62007694**,"`NBNSYS0000005645 [Common Darter(2)], NHMSYS0020528135 [White-lipped Snail]`"
**ST62007721**,`NHMSYS0020309360 [Meadow Plant Bug]`
**ST62007771**,`NHMSYS0001702050 [Girdled Snail]`
**ST62007772**,`NHMSYS0020326925`
**ST62007773**,`NHMSYS0021196425`
**ST62017755**,`NHMSYS0020309624 [Red-legged Shieldbug]`
**ST62027694**,`NBNSYS0000008324 [7-spot Ladybird]`
**ST62037214**,`NBNSYS0000005599 [Large Red Damselfly]`
**ST62047701**,`NBNSYS0000033260`
**ST62067490**,`NBNSYS0000005599 [Large Red Damselfly]`
**ST620711**,`NBNSYS0000006727 [Leopard Slug]`
**ST620713**,`NHMSYS0000530761 [Magpie]`
**ST620714**,"`NBNSYS0000000037 [Lesser Black-backed Gull], NBNSYS0000000038 [Herring Gull], NHMSYS0000530494 [Grey Wagtail], NHMSYS0000530671 [Wren]`"
**ST620715**,"`NHMSYS0000530307 [Rock Dove], NHMSYS0000530315 [Carrion Crow], NHMSYS0000530374 [Jay], NHMSYS0000530533 [Great Tit], NHMSYS0000530674 [Blackbird], NHMSYS0000530739 [Robin], NHMSYS0001688296 [Blue Tit]`"
**ST620721**,`NHMSYS0000712592 [Harlequin Ladybird]`
**ST620729**,`NBNSYS0000005617 [Banded Demoiselle]`
**ST620730**,`NHMSYS0000875567 [Red-tailed Bumblebee]`
**ST620734**,`NHMSYS0001702050 [Girdled Snail]`
**ST620735**,"`NBNSYS0000033260, NHMSYS0020309579`"
**ST620736**,`NHMSYS0000530374 [Jay]`
**ST620737**,"`NBNSYS0000000036 [Great Black-backed Gull], NBNSYS0000000038 [Herring Gull], NHMSYS0000530133 [Long-tailed Tit], NHMSYS0000530494 [Grey Wagtail], NHMSYS0020213805, NHMSYS0020962539 [Black-headed Gull]`"
**ST620738**,"`NBNSYS0000000038 [Herring Gull], NHMSYS0000530374 [Jay], NHMSYS0000530628 [Starling]`"
**ST620746**,`NBNSYS0000006446`
**ST620749**,`NHMSYS0020109266 [Green Shieldbug]`
**ST620750**,`NBNSYS0000008305`
**ST620760**,`NHMSYS0020302075`
**ST620767**,`NBNSYS0000007095`
**ST620769**,"`NHMSYS0000344177 [Small Red-eyed Damselfly], NHMSYS0021583970 [Meadow Grasshopper]`"
**ST620771**,`NBNSYS0000000009 [Canada Goose]`
**ST62077111**,"`NHMSYS0000875578 [Early Bumblebee], NHMSYS0000875595 [Buff-tailed Bumblebee(2)]`"
**ST620772**,`NHMSYS0020309624 [Red-legged Shieldbug]`
**ST620773**,"`NBNSYS0000037145 [Cranefly], NHMSYS0000309902 [Dilated Scalewort], NHMSYS0020528135 [White-lipped Snail]`"
**ST620775**,"`NBNSYS0000008330 [14-spot Ladybird], NHMSYS0000530761 [Magpie]`"
**ST620779**,"`NHMSYS0000530247 [Goldfinch], NHMSYS0000530533 [Great Tit], NHMSYS0000530674 [Blackbird], NHMSYS0000530739 [Robin], NHMSYS0001688296 [Blue Tit(2)]`"
**ST620795**,"`NBNSYS0000005599 [Large Red Damselfly(5)], NBNSYS0000005602 [Common Blue Damselfly], NBNSYS0000005606 [Azure Damselfly(6)], NBNSYS0000005617 [Banded Demoiselle(2)], NBNSYS0000005625 [Brown Hawker(2)], NBNSYS0000005627 [Migrant Hawker(9)], NBNSYS0000005630 [Emperor Dragonfly(14)], NBNSYS0000005641 [Black-tailed Skimmer(10)], NBNSYS0000005645 [Common Darter(15)], NBNSYS0000005650 [Ruddy Darter], NHMSYS0000344179 [Blue-tailed Damselfly(15)]`"
**ST62087706**,"`NBNSYS0000007866 [Marsh Snipefly], NHMSYS0021351693 [Roesel's Bush-cricket]`"
**ST62087707**,`NHMSYS0020109260 [Nettle Groundbug]`
**ST62097170**,`NBNSYS0000005606 [Azure Damselfly]`
**ST62107170**,`NBNSYS0000007057`
**ST62107171**,`NBNSYS0000006446`
**ST62107713**,`NBNSYS0000006446`
**ST62117175**,`NBNSYS0000006916 [Marmalade Hoverfly]`
**ST62137384**,`NBNSYS0000007943 [Dark-edged Bee-fly]`
**ST62137727**,`NBNSYS0000132913`
**ST62147509**,`NHMSYS0020705811 [Cuckoo-Spit Insect]`
**ST62157225**,`NBNSYS0000008332 [Orange Ladybird]`
**ST62157252**,`NBNSYS0000005638 [Scarce Chaser]`
**ST62157729**,`NBNSYS0000008324 [7-spot Ladybird]`
**ST62157734**,`NHMSYS0020152181 [Green Dock Beetle]`
**ST62167255**,`NBNSYS0000007095`
**ST62167258**,`NHMSYS0001702050 [Girdled Snail]`
**ST621717**,`NHMSYS0001701949 [Brown-lipped Snail]`
**ST621718**,"`NBNSYS0000005599 [Large Red Damselfly], NBNSYS0000005606 [Azure Damselfly], NBNSYS0000005617 [Banded Demoiselle], NBNSYS0000005626 [Southern Hawker], NBNSYS0000005637 [Broad-bodied Chaser], NBNSYS0000011177`"
**ST621721**,`NHMSYS0020309113`
**ST621722**,`NBNSYS0000008324 [7-spot Ladybird]`
**ST621724**,"`NBNSYS0000008330 [14-spot Ladybird], NHMSYS0020309200 [Parent Bug]`"
**ST621725**,"`NBNSYS0000005616 [Beautiful Demoiselle], NBNSYS0000007098 [Hornet Hoverfly]`"
**ST621732**,"`NBNSYS0000007054, NBNSYS0000008324 [7-spot Ladybird], NHMSYS0000530763 [Green Woodpecker]`"
**ST621737**,"`NBNSYS0000008324 [7-spot Ladybird], NHMSYS0020309144, NHMSYS0020309360 [Meadow Plant Bug]`"
**ST621738**,"`NBNSYS0000000006 [Grey Heron], NBNSYS0000000024 [Moorhen], NBNSYS0000000025 [Coot(2)], NHMSYS0000530307 [Rock Dove], NHMSYS0000530674 [Blackbird]`"
**ST621739**,"`NBNSYS0000000006 [Grey Heron], NHMSYS0000530628 [Starling]`"
**ST621749**,`NHMSYS0000712592 [Harlequin Ladybird]`
**ST621751**,`NHMSYS0021196425`
**ST621752**,`NHMSYS0000875595 [Buff-tailed Bumblebee]`
**ST621753**,`NHMSYS0020920019`
**ST621754**,`NBNSYS0000007098 [Hornet Hoverfly]`
**ST621757**,"`NHMSYS0000530367 [Chaffinch], NHMSYS0000530533 [Great Tit], NHMSYS0001688300 [Coal Tit]`"
**ST621758**,"`NBNSYS0000000006 [Grey Heron], NHMSYS0000530133 [Long-tailed Tit], NHMSYS0000530247 [Goldfinch], NHMSYS0000530309 [Woodpigeon], NHMSYS0000530315 [Carrion Crow], NHMSYS0000530533 [Great Tit], NHMSYS0000530537 [House Sparrow], NHMSYS0000530621 [Collared Dove(2)], NHMSYS0000530671 [Wren], NHMSYS0000530674 [Blackbird(2)], NHMSYS0000530739 [Robin(2)], NHMSYS0000530761 [Magpie], NHMSYS0000530790 [Dunnock], NHMSYS0001688296 [Blue Tit]`"
**ST621764**,`NHMSYS0000309660 [Bifid Crestwort]`
**ST621770**,`NBNSYS0000007972`
**ST621771**,`NHMSYS0000530133 [Long-tailed Tit]`
**ST62177159**,`NBNSYS0000007094`
**ST621772**,"`NHMSYS0020309624 [Red-legged Shieldbug], NHMSYS0021351693 [Roesel's Bush-cricket]`"
**ST621773**,"`NBNSYS0000006916 [Marmalade Hoverfly], NBNSYS0000007116, NHMSYS0020309360 [Meadow Plant Bug]`"
**ST621774**,"`NBNSYS0100000425, NHMSYS0001702244 [Strawberry Snail], NHMSYS0020528110 [Brown Soil Slug]`"
**ST621775**,"`NBNSYS0000000006 [Grey Heron], NBNSYS0000000010 [Mute Swan], NBNSYS0000000037 [Lesser Black-backed Gull], NHMSYS0000530133 [Long-tailed Tit(2)], NHMSYS0000530247 [Goldfinch(5)], NHMSYS0000530309 [Woodpigeon(5)], NHMSYS0000530313 [Raven], NHMSYS0000530315 [Carrion Crow(2)], NHMSYS0000530358 [Kestrel], NHMSYS0000530374 [Jay], NHMSYS0000530533 [Great Tit(2)], NHMSYS0000530537 [House Sparrow(7)], NHMSYS0000530579 [Goldcrest(2)], NHMSYS0000530610 [Nuthatch], NHMSYS0000530628 [Starling(5)], NHMSYS0000530633 [Blackcap], NHMSYS0000530671 [Wren], NHMSYS0000530674 [Blackbird(3)], NHMSYS0000530739 [Robin(3)], NHMSYS0000530761 [Magpie(6)], NHMSYS0000876769 [Hornet], NHMSYS0001688296 [Blue Tit(6)], NHMSYS0001688300 [Coal Tit(2)], NHMSYS0020213805(2), NHMSYS0021178877 [Jackdaw(6)]`"
**ST62177760**,`NBNSYS0000006916 [Marmalade Hoverfly]`
**ST621779**,`NHMSYS0000530309 [Woodpigeon]`
**ST621780**,`NHMSYS0000530763 [Green Woodpecker]`
**ST621789**,`NHMSYS0000080156 [Great Crested Newt]`
**ST621793**,"`NBNSYS0000005599 [Large Red Damselfly(5)], NBNSYS0000005602 [Common Blue Damselfly(3)], NBNSYS0000005616 [Beautiful Demoiselle], NBNSYS0000005617 [Banded Demoiselle], NBNSYS0000005625 [Brown Hawker(17)], NBNSYS0000005626 [Southern Hawker], NBNSYS0000005627 [Migrant Hawker(32)], NBNSYS0000005630 [Emperor Dragonfly(32)], NBNSYS0000005641 [Black-tailed Skimmer(13)], NBNSYS0000005645 [Common Darter(53)], NBNSYS0000005650 [Ruddy Darter(4)], NHMSYS0000344179 [Blue-tailed Damselfly(37)]`"
**ST62187223**,`NHMSYS0020309624 [Red-legged Shieldbug]`
**ST62187385**,`NBNSYS0000007057`
**ST62187514**,"`NBNSYS0000006867, NBNSYS0000006916 [Marmalade Hoverfly], NBNSYS0000007052, NBNSYS0000007057, NBNSYS0000007061 [Batman Hoverfly], NBNSYS0000007069 [Greater Bulb-Fly], NHMSYS0000712592 [Harlequin Ladybird], NHMSYS0020309344 [Birch Catkin Bug], NHMSYS0020309777(2)`"
**ST62187746**,`NHMSYS0020528153 [Common Garden Snail]`
**ST62197162**,`NBNSYS0000006941`
**ST62197247**,`NHMSYS0020755076 [Bullhead]`
**ST62197347**,`NHMSYS0020705811 [Cuckoo-Spit Insect]`
**ST62197740**,`NHMSYS0020309387 [Common Green Capsid]`
**ST62207247**,"`NBNSYS0000005638 [Scarce Chaser], NBNSYS0000007094`"
**ST62207743**,"`NBNSYS0000007061 [Batman Hoverfly], NBNSYS0000007115`"
**ST62207745**,`NBNSYS0000007943 [Dark-edged Bee-fly]`
**ST62227189**,`NHMSYS0020528135 [White-lipped Snail]`
**ST62227511**,`NBNSYS0000011544 [Rose Chafer]`
**ST62227781**,`NHMSYS0021056362 [Great Pond Snail]`
**ST62227784**,`NHMSYS0001702166 [Great Ramshorn]`
**ST62237190**,`NBNSYS0000007069 [Greater Bulb-Fly]`
**ST62247241**,`NBNSYS0000005616 [Beautiful Demoiselle]`
**ST62247263**,`NHMSYS0020528153 [Common Garden Snail]`
**ST62257238**,`NHMSYS0020755076 [Bullhead]`
**ST622717**,"`NBNSYS0000018582, NHMSYS0001486984`"
**ST622719**,"`NBNSYS0000138116, NHMSYS0000530309 [Woodpigeon], NHMSYS0000530493 [Pied Wagtail], NHMSYS0000712592 [Harlequin Ladybird]`"
**ST622720**,`NHMSYS0000873237 [Small Black Ant]`
**ST622722**,`NHMSYS0020528153 [Common Garden Snail]`
**ST622723**,`NHMSYS0000462335 [Japanese Knotweed]`
**ST622724**,`NHMSYS0020755076 [Bullhead]`
**ST622725**,"`NBNSYS0000005599 [Large Red Damselfly], NBNSYS0000005616 [Beautiful Demoiselle], NBNSYS0000005617 [Banded Demoiselle]`"
**ST622727**,`NBNSYS0000006842 [Field Grasshopper]`
**ST622733**,"`NBNSYS0000007054, NHMSYS0020705221`"
**ST622736**,"`NHMSYS0000530307 [Rock Dove], NHMSYS0000530309 [Woodpigeon], NHMSYS0000530671 [Wren]`"
**ST622737**,"`NBNSYS0000006871, NBNSYS0000006916 [Marmalade Hoverfly(9)], NBNSYS0000006964(2), NBNSYS0000006966(17), NBNSYS0000007110(2), NBNSYS0000007825 [Broad Centurion], NBNSYS0000012393, NBNSYS0000030162(2), NBNSYS0000030351 [Sheep-strike Greenbottle(6)], NBNSYS0000030719(2), NBNSYS0000030978(2), NBNSYS0000033260, NBNSYS0000132285, NBNSYS0000135831, NBNSYS0100002030 [Vestal Cuckoo Bee(4)], NBNSYS0100003109(3), NBNSYS0100004477, NBNSYS0100022723, NHMSYS0000530374 [Jay], NHMSYS0000875171 [Gwynne's Mining Bee(2)], NHMSYS0000875564 [Tree Bumblebee], NHMSYS0000875567 [Red-tailed Bumblebee(3)], NHMSYS0000875570 [White-tailed Bumblebee(4)], NHMSYS0000875576 [Common Carder Bee(3)], NHMSYS0000875595 [Buff-tailed Bumblebee(4)], NHMSYS0000876034 [Bronze Furrow Bee], NHMSYS0000876174 [Common Furrow Bee], NHMSYS0020152556(6), NHMSYS0020309882`"
**ST622738**,"`NBNSYS0000006867, NBNSYS0000007098 [Hornet Hoverfly], NHMSYS0020151686 [Rosemary Beetle], NHMSYS0020213805(2), NHMSYS0020480658 [Red-belted Cleaver]`"
**ST622739**,`NBNSYS0000006727 [Leopard Slug]`
**ST622750**,"`NBNSYS0000008324 [7-spot Ladybird], NBNSYS0000008330 [14-spot Ladybird], NHMSYS0000712592 [Harlequin Ladybird(2)]`"
**ST622758**,"`NBNSYS0000005616 [Beautiful Demoiselle], NHMSYS0000530739 [Robin]`"
**ST622764**,"`NBNSYS0000003189 [Himalayan Balsam], NBNSYS0000006727 [Leopard Slug], NBNSYS0000008324 [7-spot Ladybird], NHMSYS0000530225 [Buzzard], NHMSYS0000530309 [Woodpigeon(7)], NHMSYS0000530315 [Carrion Crow], NHMSYS0000530374 [Jay], NHMSYS0000530494 [Grey Wagtail], NHMSYS0000530671 [Wren(2)], NHMSYS0000530674 [Blackbird(2)], NHMSYS0000530739 [Robin(11)], NHMSYS0000530761 [Magpie], NHMSYS0000876224 [Jet Ant], NHMSYS0001688296 [Blue Tit(9)], NHMSYS0001702050 [Girdled Snail]`"
**ST622765**,`NHMSYS0000530289 [Dipper]`
**ST622773**,"`BMSSYS0000048296(2), NHMSYS0001493019(2), NHMSYS0001493685(2), NHMSYS0001494846 [Chewing Gum Lichen(2)], NHMSYS0020990212(2), NHMSYS0020991038(2)`"
**ST622775**,"`NBNSYS0000000006 [Grey Heron], NBNSYS0000000024 [Moorhen], NHMSYS0000530141 [Kingfisher(2)], NHMSYS0000530225 [Buzzard], NHMSYS0000530309 [Woodpigeon], NHMSYS0000530315 [Carrion Crow], NHMSYS0000530533 [Great Tit], NHMSYS0000530761 [Magpie], NHMSYS0020213805`"
**ST62277645**,`NBNSYS0000008061`
**ST622778**,`NHMSYS0000544665 [Common Carp]`
**ST622779**,`NHMSYS0020213805`
**ST622780**,"`NHMSYS0000530315 [Carrion Crow], NHMSYS0001688296 [Blue Tit(2)]`"
**ST622781**,"`NHMSYS0000530315 [Carrion Crow], NHMSYS0000530331 [Great Spotted Woodpecker], NHMSYS0000530533 [Great Tit], NHMSYS0000530674 [Blackbird], NHMSYS0000530761 [Magpie], NHMSYS0001688296 [Blue Tit]`"
**ST622782**,`NHMSYS0000530309 [Woodpigeon]`
**ST622783**,"`NHMSYS0000530309 [Woodpigeon(2)], NHMSYS0020962539 [Black-headed Gull]`"
**ST622784**,"`NHMSYS0000530309 [Woodpigeon], NHMSYS0000530315 [Carrion Crow]`"
**ST622785**,"`NHMSYS0000530309 [Woodpigeon], NHMSYS0000530761 [Magpie], NHMSYS0021178877 [Jackdaw(2)]`"
**ST622794**,"`NBNSYS0000005599 [Large Red Damselfly(2)], NBNSYS0000005602 [Common Blue Damselfly], NBNSYS0000005606 [Azure Damselfly(7)], NBNSYS0000005617 [Banded Demoiselle], NBNSYS0000005625 [Brown Hawker(5)], NBNSYS0000005627 [Migrant Hawker(20)], NBNSYS0000005630 [Emperor Dragonfly(20)], NBNSYS0000005641 [Black-tailed Skimmer(17)], NBNSYS0000005645 [Common Darter(27)], NHMSYS0000344179 [Blue-tailed Damselfly(12)]`"
**ST622795**,"`NBNSYS0000005599 [Large Red Damselfly(2)], NBNSYS0000005617 [Banded Demoiselle], NBNSYS0000005625 [Brown Hawker(2)], NBNSYS0000005627 [Migrant Hawker(21)], NBNSYS0000005630 [Emperor Dragonfly(21)], NBNSYS0000005641 [Black-tailed Skimmer(14)], NBNSYS0000005645 [Common Darter(29)], NHMSYS0000344169 [Lesser Emperor], NHMSYS0000344179 [Blue-tailed Damselfly(13)]`"
**ST622796**,`NHMSYS0000344169 [Lesser Emperor]`
**ST62287566**,`NBNSYS0000005626 [Southern Hawker]`
**ST62317570**,`NHMSYS0020705811 [Cuckoo-Spit Insect]`
**ST62327374**,`NHMSYS0000712592 [Harlequin Ladybird]`
**ST62357780**,`NHMSYS0020109255 [Dock Bug]`
**ST62367524**,`NHMSYS0020528135 [White-lipped Snail]`
**ST62367552**,`NHMSYS0001702106 [Kentish Snail]`
**ST623709**,"`NBNSYS0000028481(2), NHMSYS0000875423 [Western Honey Bee]`"
**ST623719**,`NHMSYS0021055602 [Jenkins' Spire Snail(2)]`
**ST623720**,"`NHMSYS0000530494 [Grey Wagtail], NHMSYS0021178877 [Jackdaw]`"
**ST623725**,`NHMSYS0000344179 [Blue-tailed Damselfly]`
**ST623727**,`NBNSYS0000006456`
**ST623732**,`NHMSYS0020309032`
**ST623733**,`NBNSYS0000008324 [7-spot Ladybird]`
**ST623734**,`NHMSYS0020528153 [Common Garden Snail]`
**ST623737**,"`NBNSYS0000007061 [Batman Hoverfly], NHMSYS0021056362 [Great Pond Snail]`"
**ST623752**,"`NHMSYS0000875570 [White-tailed Bumblebee], NHMSYS0020528153 [Common Garden Snail(3)]`"
**ST623754**,`NBNSYS0000007943 [Dark-edged Bee-fly]`
**ST623755**,`NHMSYS0020528153 [Common Garden Snail]`
**ST623756**,`NHMSYS0020705811 [Cuckoo-Spit Insect]`
**ST623761**,`NHMSYS0000530309 [Woodpigeon]`
**ST623762**,`NHMSYS0021178877 [Jackdaw]`
**ST623764**,"`NBNSYS0000011206 [Alder Leaf Beetle], NHMSYS0000530671 [Wren], NHMSYS0000530674 [Blackbird], NHMSYS0000530739 [Robin]`"
**ST623765**,"`NHMSYS0000530133 [Long-tailed Tit], NHMSYS0000530374 [Jay], NHMSYS0001688300 [Coal Tit]`"
**ST623767**,`NHMSYS0000462335 [Japanese Knotweed]`
**ST623779**,"`NBNSYS0000008315 [Adonis' Ladybird], NBNSYS0000008320 [10-spot Ladybird]`"
**ST623780**,"`NHMSYS0000530309 [Woodpigeon(2)], NHMSYS0000530315 [Carrion Crow]`"
**ST623781**,"`NHMSYS0000530307 [Rock Dove], NHMSYS0000530309 [Woodpigeon(5)], NHMSYS0000530315 [Carrion Crow(3)], NHMSYS0000530761 [Magpie], NHMSYS0001688296 [Blue Tit]`"
**ST623782**,`NHMSYS0000530309 [Woodpigeon]`
**ST623783**,`NHMSYS0020528153 [Common Garden Snail]`
**ST623785**,"`NHMSYS0000530225 [Buzzard], NHMSYS0000530761 [Magpie(3)]`"
**ST623795**,"`NBNSYS0000005599 [Large Red Damselfly(7)], NBNSYS0000005602 [Common Blue Damselfly(10)], NBNSYS0000005606 [Azure Damselfly(12)], NBNSYS0000005617 [Banded Demoiselle], NBNSYS0000005625 [Brown Hawker(2)], NBNSYS0000005627 [Migrant Hawker(12)], NBNSYS0000005630 [Emperor Dragonfly(13)], NBNSYS0000005641 [Black-tailed Skimmer(9)], NBNSYS0000005645 [Common Darter(15)], NBNSYS0000005650 [Ruddy Darter], NHMSYS0000344179 [Blue-tailed Damselfly(14)]`"
**ST62397288**,`NHMSYS0000712592 [Harlequin Ladybird]`
**ST62397369**,`NBNSYS0000011544 [Rose Chafer]`
**ST62397649**,"`NBNSYS0000005645 [Common Darter], NHMSYS0020528135 [White-lipped Snail]`"
**ST62397650**,`NBNSYS0000007943 [Dark-edged Bee-fly]`
**ST62397651**,"`NBNSYS0000005617 [Banded Demoiselle], NBNSYS0000007098 [Hornet Hoverfly]`"
**ST62397672**,`NBNSYS0000007057`
**ST62407515**,`NHMSYS0000875564 [Tree Bumblebee]`
**ST62407650**,"`NBNSYS0000005616 [Beautiful Demoiselle(2)], NBNSYS0000005617 [Banded Demoiselle(2)], NBNSYS0000005637 [Broad-bodied Chaser], NBNSYS0000006913, NHMSYS0020528135 [White-lipped Snail]`"
**ST62427581**,`NBNSYS0000007061 [Batman Hoverfly]`
**ST62427650**,"`NBNSYS0000005616 [Beautiful Demoiselle], NBNSYS0000005626 [Southern Hawker], NHMSYS0020755076 [Bullhead]`"
**ST62427651**,`NHMSYS0020528153 [Common Garden Snail]`
**ST62427943**,`NBNSYS0000007057`
**ST62437649**,`NHMSYS0001702166 [Great Ramshorn]`
**ST62437651**,`NBNSYS0000005637 [Broad-bodied Chaser]`
**ST62437758**,`NHMSYS0020976950 [Potato Capsid]`
**ST62447489**,`NHMSYS0001717495`
**ST624710**,"`NBNSYS0000006866(3), NBNSYS0000030719, NHMSYS0000840698`"
**ST624711**,`NBNSYS0000006725 [Worm Slug]`
**ST624718**,`NHMSYS0020308885 [Hawthorn Shieldbug]`
**ST624733**,"`NBNSYS0000006871, NBNSYS0000008324 [7-spot Ladybird], NBNSYS0000008330 [14-spot Ladybird], NBNSYS0000011200 [Hawthorn Leaf Beetle(2)], NHMSYS0020109266 [Green Shieldbug], NHMSYS0020309310, NHMSYS0020309624 [Red-legged Shieldbug], NHMSYS0020528135 [White-lipped Snail]`"
**ST624756**,`NHMSYS0000530247 [Goldfinch]`
**ST624761**,"`NHMSYS0000530309 [Woodpigeon], NHMSYS0000530374 [Jay], NHMSYS0000530674 [Blackbird]`"
**ST624762**,`NBNSYS0000000025 [Coot]`
**ST624764**,"`NHMSYS0000530331 [Great Spotted Woodpecker], NHMSYS0000530494 [Grey Wagtail], NHMSYS0000530671 [Wren], NHMSYS0020213805`"
**ST624765**,"`NBNSYS0000000038 [Herring Gull], NBNSYS0000007057, NBNSYS0000007061 [Batman Hoverfly], NBNSYS0000007095, NBNSYS0000036600 [Capillary Thread-moss], NHMSYS0000309700 [Great Scented Liverwort], NHMSYS0000530133 [Long-tailed Tit], NHMSYS0000530141 [Kingfisher(10)], NHMSYS0000530289 [Dipper(8)], NHMSYS0000530309 [Woodpigeon(4)], NHMSYS0000530313 [Raven], NHMSYS0000530494 [Grey Wagtail], NHMSYS0000530533 [Great Tit(2)], NHMSYS0000530674 [Blackbird(2)], NHMSYS0000530739 [Robin], NHMSYS0000530761 [Magpie(3)]`"
**ST624775**,`NHMSYS0020001356 [Pipistrelle]`
**ST624794**,"`NBNSYS0000005606 [Azure Damselfly], NBNSYS0000008324 [7-spot Ladybird]`"
**ST62517516**,`NHMSYS0000712592 [Harlequin Ladybird]`
**ST62517829**,`NHMSYS0020482173 [Iris Sawfly]`
**ST62547378**,`NHMSYS0001702050 [Girdled Snail]`
**ST62557660**,`NHMSYS0020309673`
**ST62557664**,`NBNSYS0000008324 [7-spot Ladybird]`
**ST62567313**,`NHMSYS0000712592 [Harlequin Ladybird]`
**ST62567320**,`NBNSYS0000007943 [Dark-edged Bee-fly]`
**ST62567701**,`NHMSYS0020705629`
**ST625719**,"`NBNSYS0000000038 [Herring Gull], NBNSYS0000003189 [Himalayan Balsam(2)]`"
**ST625730**,`NBNSYS0000007054`
**ST625735**,`NHMSYS0020705811 [Cuckoo-Spit Insect]`
**ST625750**,`NHMSYS0000462335 [Japanese Knotweed]`
**ST625755**,`NBNSYS0000007098 [Hornet Hoverfly]`
**ST625756**,"`NBNSYS0000000038 [Herring Gull], NHMSYS0000530225 [Buzzard], NHMSYS0000530247 [Goldfinch], NHMSYS0000530307 [Rock Dove], NHMSYS0000530309 [Woodpigeon(2)], NHMSYS0000530315 [Carrion Crow], NHMSYS0000530537 [House Sparrow(2)], NHMSYS0000530621 [Collared Dove], NHMSYS0000530628 [Starling], NHMSYS0000530671 [Wren], NHMSYS0000530674 [Blackbird(2)], NHMSYS0000530739 [Robin], NHMSYS0000530790 [Dunnock], NHMSYS0021178877 [Jackdaw]`"
**ST625761**,`NHMSYS0000530309 [Woodpigeon]`
**ST625765**,"`NHMSYS0000309700 [Great Scented Liverwort], NHMSYS0000530141 [Kingfisher], NHMSYS0000530309 [Woodpigeon], NHMSYS0000530313 [Raven], NHMSYS0000530315 [Carrion Crow], NHMSYS0000530374 [Jay(2)], NHMSYS0000530494 [Grey Wagtail(10)], NHMSYS0000530579 [Goldcrest], NHMSYS0000530633 [Blackcap], NHMSYS0000530678 [Song Thrush], NHMSYS0000530739 [Robin], NHMSYS0000530761 [Magpie(2)], NHMSYS0000875576 [Common Carder Bee], NHMSYS0020309200 [Parent Bug]`"
**ST625766**,`NBNSYS0000008329 [Cream-spot Ladybird]`
**ST625769**,`NBNSYS0000006832 [Slender Ground-hopper]`
**ST625770**,"`NBNSYS0000006967, NHMSYS0000530671 [Wren]`"
**ST62577161**,`NHMSYS0000712592 [Harlequin Ladybird]`
**ST62577218**,`NHMSYS0020705811 [Cuckoo-Spit Insect]`
**ST625778**,"`NBNSYS0000007866 [Marsh Snipefly], NBNSYS0000008010`"
**ST625786**,"`NHMSYS0000530225 [Buzzard(2)], NHMSYS0000530315 [Carrion Crow(2)]`"
**ST62587218**,`NHMSYS0020705811 [Cuckoo-Spit Insect]`
**ST62587567**,`NHMSYS0001702070 [Green Cellar Slug]`
**ST62587704**,`NBNSYS0000007057`
**ST62597700**,`NHMSYS0020153484`
**ST62597704**,`NBNSYS0000007061 [Batman Hoverfly]`
**ST62607310**,"`NBNSYS0000006727 [Leopard Slug], NHMSYS0001702070 [Green Cellar Slug]`"
**ST62607700**,`NBNSYS0000006832 [Slender Ground-hopper]`
**ST62607701**,`NBNSYS0000006446`
**ST62607702**,"`NBNSYS0000007098 [Hornet Hoverfly], NBNSYS0000008318 [16-spot Ladybird], NBNSYS0000011206 [Alder Leaf Beetle]`"
**ST62607703**,"`NHMSYS0020109272, NHMSYS0020151686 [Rosemary Beetle], NHMSYS0020309231 [Tortoise Bug]`"
**ST62607704**,`NBNSYS0000007057`
**ST62607705**,"`NBNSYS0000007052, NBNSYS0000011206 [Alder Leaf Beetle]`"
**ST62617698**,`NBNSYS0000008334 [22-spot Ladybird]`
**ST62617699**,`NHMSYS0020109255 [Dock Bug]`
**ST62617701**,`NHMSYS0020705221`
**ST62617704**,`NHMSYS0020151686 [Rosemary Beetle]`
**ST62617705**,`NBNSYS0000007057`
**ST62617763**,"`NHMSYS0000875562 [Small Garden Bumblebee(2)], NHMSYS0000875576 [Common Carder Bee(4)], NHMSYS0000875595 [Buff-tailed Bumblebee]`"
**ST62627205**,"`NBNSYS0000005598 [White-legged Damselfly(2)], NBNSYS0000005617 [Banded Demoiselle]`"
**ST62627206**,`NBNSYS0000013487 [Figwort Sawfly]`
**ST62627660**,`NBNSYS0000011206 [Alder Leaf Beetle]`
**ST62627697**,`NHMSYS0001387435 [Dark Bush-cricket]`
**ST62627699**,`NBNSYS0000006897`
**ST62627704**,"`NBNSYS0000006842 [Field Grasshopper], NHMSYS0001387435 [Dark Bush-cricket]`"
**ST62627705**,`NBNSYS0000006842 [Field Grasshopper]`
**ST62627806**,"`NBNSYS0000007820 [Dark-winged Black], NBNSYS0000007828 [Black-horned Gem], NBNSYS0000007866 [Marsh Snipefly], NBNSYS0000007911 [Striped Slender Robberfly]`"
**ST62637206**,`NBNSYS0000005617 [Banded Demoiselle]`
**ST62637698**,"`NBNSYS0000008289 [24-spot Ladybird], NBNSYS0000008334 [22-spot Ladybird]`"
**ST62637701**,`NBNSYS0000008324 [7-spot Ladybird]`
**ST62637703**,`NHMSYS0001702223 [Large Amber Snail]`
**ST62647698**,`NHMSYS0020309177 [Hairy Shieldbug]`
**ST62647699**,"`NBNSYS0000007942 [Dotted Bee-fly], NHMSYS0021583970 [Meadow Grasshopper]`"
**ST62647700**,"`NBNSYS0000006842 [Field Grasshopper], NHMSYS0001387435 [Dark Bush-cricket(2)]`"
**ST62647701**,"`NHMSYS0001387435 [Dark Bush-cricket], NHMSYS0020309231 [Tortoise Bug]`"
**ST62647702**,"`NBNSYS0000006842 [Field Grasshopper], NHMSYS0020309177 [Hairy Shieldbug]`"
**ST62647703**,`NBNSYS0000008320 [10-spot Ladybird]`
**ST62647705**,`NBNSYS0000007115`
**ST62647849**,`NBNSYS0000022337 [Green Worm]`
**ST62657208**,`NBNSYS0000012428`
**ST62657699**,"`NBNSYS0000011206 [Alder Leaf Beetle], NHMSYS0020309817 [Forget-me-not Shieldbug]`"
**ST62657700**,"`NBNSYS0100024929, NHMSYS0020309271 [Box Bug]`"
**ST62657701**,"`NBNSYS0000006446, NHMSYS0020109266 [Green Shieldbug]`"
**ST62657702**,"`NBNSYS0000007052, NBNSYS0000007874 [Notch-horned Cleg], NHMSYS0020109272`"
**ST62657703**,"`NBNSYS0000006727 [Leopard Slug], NBNSYS0000007057, NHMSYS0001716795, NHMSYS0020152181 [Green Dock Beetle]`"
**ST62667699**,`NBNSYS0000008334 [22-spot Ladybird]`
**ST62667700**,"`NBNSYS0000008289 [24-spot Ladybird], NBNSYS0000008330 [14-spot Ladybird], NBNSYS0000008332 [Orange Ladybird], NBNSYS0000008334 [22-spot Ladybird]`"
**ST62667701**,"`NBNSYS0000006825 [Speckled Bush-cricket], NBNSYS0000006867, NBNSYS0000006916 [Marmalade Hoverfly], NHMSYS0020151698`"
**ST62667702**,"`NBNSYS0000007052, NBNSYS0000007054, NBNSYS0000007098 [Hornet Hoverfly], NBNSYS0000008330 [14-spot Ladybird], NHMSYS0000876223 [Yellow Meadow Ant], NHMSYS0001387435 [Dark Bush-cricket(2)], NHMSYS0020109266 [Green Shieldbug], NHMSYS0020309616`"
**ST62667703**,"`NBNSYS0000005606 [Azure Damselfly], NBNSYS0000008330 [14-spot Ladybird]`"
**ST626716**,"`NHMSYS0000530247 [Goldfinch], NHMSYS0000530313 [Raven], NHMSYS0000530315 [Carrion Crow(4)], NHMSYS0000530537 [House Sparrow], NHMSYS0000530628 [Starling], NHMSYS0021178877 [Jackdaw]`"
**ST626718**,`NBNSYS0000003189 [Himalayan Balsam]`
**ST626720**,"`NBNSYS0100000127, NBNSYS0100000129(2), NHMSYS0020152181 [Green Dock Beetle]`"
**ST626729**,`NHMSYS0000712592 [Harlequin Ladybird]`
**ST626730**,`NBNSYS0000005617 [Banded Demoiselle]`
**ST626731**,`NBNSYS0100000127`
**ST626738**,`NHMSYS0001701949 [Brown-lipped Snail]`
**ST626764**,"`NHMSYS0000530141 [Kingfisher], NHMSYS0000530749 [Chiffchaff]`"
**ST626765**,"`NHMSYS0000530533 [Great Tit], NHMSYS0000530671 [Wren]`"
**ST626769**,"`NBNSYS0000006727 [Leopard Slug], NBNSYS0000007098 [Hornet Hoverfly], NBNSYS0000008289 [24-spot Ladybird], NBNSYS0000008324 [7-spot Ladybird], NBNSYS0000011116 [Lily Beetle], NBNSYS0000036475 [Grey-cushioned Grimmia], NHMSYS0000332764 [Grey Squirrel], NHMSYS0001701961 [Two-toothed Door Snail], NHMSYS0020109266 [Green Shieldbug], NHMSYS0020109272, NHMSYS0020151686 [Rosemary Beetle], NHMSYS0020309315 [Ant Damsel Bug], NHMSYS0020309919 [Pied Shieldbug], NHMSYS0021583970 [Meadow Grasshopper]`"
**ST626770**,"`NBNSYS0000005599 [Large Red Damselfly(2)], NBNSYS0000005606 [Azure Damselfly(4)], NBNSYS0000005637 [Broad-bodied Chaser], NBNSYS0000005639 [Four-spotted Chaser], NBNSYS0000006446, NBNSYS0000006456, NBNSYS0000006727 [Leopard Slug(5)], NBNSYS0000006842 [Field Grasshopper], NBNSYS0000006866, NBNSYS0000006867, NBNSYS0000006916 [Marmalade Hoverfly], NBNSYS0000006959(2), NBNSYS0000007069 [Greater Bulb-Fly], NBNSYS0000007095, NBNSYS0000007097(3), NBNSYS0000007837 [Black Colonel], NBNSYS0000007850 [Black Snipefly], NBNSYS0000008330 [14-spot Ladybird], NBNSYS0000008483(2), NBNSYS0000011206 [Alder Leaf Beetle(2)], NBNSYS0000024711, NBNSYS0000033260(2), NBNSYS0000138116, NHMSYS0000332764 [Grey Squirrel], NHMSYS0000712592 [Harlequin Ladybird], NHMSYS0000875423 [Western Honey Bee], NHMSYS0000876224 [Jet Ant], NHMSYS0001387435 [Dark Bush-cricket(2)], NHMSYS0001701949 [Brown-lipped Snail], NHMSYS0001702244 [Strawberry Snail], NHMSYS0020109255 [Dock Bug(4)], NHMSYS0020109266 [Green Shieldbug], NHMSYS0020109270, NHMSYS0020109272(2), NHMSYS0020151160, NHMSYS0020309142, NHMSYS0020309177 [Hairy Shieldbug(2)], NHMSYS0020309255 [Common Pondskater], NHMSYS0020309310, NHMSYS0020326925, NHMSYS0020528135 [White-lipped Snail(3)], NHMSYS0020528153 [Common Garden Snail(3)], NHMSYS0020528243 [Garlic Snail], NHMSYS0020528292 [Atlantic Shelled Slug], NHMSYS0020976950 [Potato Capsid], NHMSYS0021009882, NHMSYS0021056362 [Great Pond Snail(3)], NHMSYS0021196431, NHMSYS0021342719 [Lake Orb Mussel], NHMSYS0021583970 [Meadow Grasshopper(2)]`"
**ST62677699**,"`NBNSYS0000006985, NBNSYS0000007047, NBNSYS0000007095, NBNSYS0000007110, NHMSYS0020309113`"
**ST62677700**,"`NBNSYS0000007054, NBNSYS0000007095, NBNSYS0000133073, NHMSYS0020151609 [Thistle Tortoise Beetle]`"
**ST62677701**,`NHMSYS0021931004`
**ST62677702**,"`NBNSYS0000006727 [Leopard Slug], NBNSYS0000006825 [Speckled Bush-cricket], NHMSYS0000712592 [Harlequin Ladybird]`"
**ST62677703**,`NHMSYS0020309113`
**ST626782**,"`NBNSYS0000030997 [Deer Ked], NBNSYS0100000129(2), NBNSYS0100000414(2), NBNSYS0100000714(2)`"
**ST626786**,"`NBNSYS0000000037 [Lesser Black-backed Gull], NHMSYS0000530309 [Woodpigeon], NHMSYS0000530315 [Carrion Crow]`"
**ST62687700**,"`NBNSYS0000007061 [Batman Hoverfly], NHMSYS0020309231 [Tortoise Bug]`"
**ST62687706**,`NHMSYS0020152181 [Green Dock Beetle]`
**ST62687707**,"`NBNSYS0000005637 [Broad-bodied Chaser(2)], NBNSYS0000008289 [24-spot Ladybird]`"
**ST6269179467**,`NHMSYS0001702073`
**ST62697708**,"`NBNSYS0000008324 [7-spot Ladybird], NHMSYS0020309225 [Cabbage Bug]`"
**ST62707354**,`NBNSYS0000006727 [Leopard Slug]`
**ST62707708**,"`NBNSYS0000007057, NBNSYS0000007837 [Black Colonel], NBNSYS0000008324 [7-spot Ladybird]`"
**ST6271**,"`NBNSYS0000005599 [Large Red Damselfly], NBNSYS0000005606 [Azure Damselfly], NBNSYS0000005617 [Banded Demoiselle(2)], NBNSYS0000006446, NBNSYS0000006918(2), NBNSYS0100004720 [Soprano Pipistrelle(5)], NHMSYS0000376160 [Bat(8)], NHMSYS0000528028 [Daubenton's Bat(9)], NHMSYS0000530130 [Reed Warbler], NHMSYS0000530674 [Blackbird], NHMSYS0000530761 [Magpie], NHMSYS0001701949 [Brown-lipped Snail(2)], NHMSYS0020001355 [Common Pipistrelle(5)], NHMSYS0020152181 [Green Dock Beetle], NHMSYS0020528135 [White-lipped Snail(2)], NHMSYS0020528153 [Common Garden Snail], NHMSYS0020962539 [Black-headed Gull]`"
**ST62717144**,`NBNSYS0000008319 [2-spot Ladybird]`
**ST62717213**,`NBNSYS0000005638 [Scarce Chaser]`
**ST62717295**,`NBNSYS0000005638 [Scarce Chaser]`
**ST62717297**,`NBNSYS0000005598 [White-legged Damselfly]`
**ST62717826**,"`NBNSYS0000022337 [Green Worm], NBNSYS0000022341 [Long-Worm], NBNSYS0000022342 [Mucous Worm], NBNSYS0000022353 [Chestnut Worm(2)], NBNSYS0000022357 [Red Worm(2)], NBNSYS0000022358 [Common Earthworm], NBNSYS0000022362 [Little Tree Worm(3)], NHMSYS0021193776, NHMSYS0021193782 [Bank Worm], NHMSYS0021193899`"
**ST6272**,"`NBNSYS0000000004 [Cormorant(7)], NBNSYS0000000006 [Grey Heron(7)], NBNSYS0000000007 [Mallard(14)], NBNSYS0000000010 [Mute Swan], NBNSYS0000000024 [Moorhen(12)], NBNSYS0000000037 [Lesser Black-backed Gull(7)], NBNSYS0000000038 [Herring Gull(9)], NBNSYS0000000354 [Common Gull], NBNSYS0000005599 [Large Red Damselfly], NBNSYS0000005616 [Beautiful Demoiselle], NBNSYS0000005617 [Banded Demoiselle], NBNSYS0000006446(2), NBNSYS0000006727 [Leopard Slug], NBNSYS0000006770 [Copse Snail], NBNSYS0000006862, NBNSYS0000007052, NBNSYS0000007061 [Batman Hoverfly(2)], NBNSYS0000007098 [Hornet Hoverfly], NBNSYS0000007850 [Black Snipefly], NBNSYS0000007943 [Dark-edged Bee-fly(3)], NBNSYS0000030025, NBNSYS0100004720 [Soprano Pipistrelle], NHMSYS0000080219 [Rabbit], NHMSYS0000376160 [Bat(2)], NHMSYS0000528028 [Daubenton's Bat(5)], NHMSYS0000530133 [Long-tailed Tit], NHMSYS0000530141 [Kingfisher], NHMSYS0000712592 [Harlequin Ladybird(5)], NHMSYS0000730335 [Castor Bean Tick(5)], NHMSYS0001387435 [Dark Bush-cricket(2)], NHMSYS0001688296 [Blue Tit], NHMSYS0001701900, NHMSYS0001702050 [Girdled Snail], NHMSYS0020001355 [Common Pipistrelle], NHMSYS0020109255 [Dock Bug(3)], NHMSYS0020152181 [Green Dock Beetle], NHMSYS0020309144, NHMSYS0020309231 [Tortoise Bug], NHMSYS0020309624 [Red-legged Shieldbug], NHMSYS0020528135 [White-lipped Snail], NHMSYS0020528153 [Common Garden Snail], NHMSYS0020705221, NHMSYS0020962539 [Black-headed Gull(9)]`"
**ST6273**,"`NBNSYS0000000006 [Grey Heron(6)], NBNSYS0000000007 [Mallard(9)], NBNSYS0000000009 [Canada Goose(3)], NBNSYS0000000010 [Mute Swan], NBNSYS0000000024 [Moorhen(7)], NBNSYS0000000025 [Coot(8)], NBNSYS0000000037 [Lesser Black-backed Gull(6)], NBNSYS0000000038 [Herring Gull(6)], NBNSYS0000005602 [Common Blue Damselfly], NBNSYS0000005630 [Emperor Dragonfly], NBNSYS0000005641 [Black-tailed Skimmer], NBNSYS0000005645 [Common Darter], NBNSYS0000006456, NBNSYS0000006839 [Mottled Grasshopper(2)], NBNSYS0000006842 [Field Grasshopper(2)], NBNSYS0000006937, NBNSYS0000007052, NBNSYS0000007159, NBNSYS0000007262, NBNSYS0000007373(2), NBNSYS0000007825 [Broad Centurion], NBNSYS0000008028(2), NBNSYS0000008324 [7-spot Ladybird(2)], NBNSYS0000008330 [14-spot Ladybird], NBNSYS0000008334 [22-spot Ladybird], NBNSYS0000011321 [Cabbage-stem Flea Beetle], NBNSYS0000011746, NBNSYS0000011816, NBNSYS0000030502(7), NBNSYS0000030505(2), NBNSYS0000030519(3), NBNSYS0000030520(6), NBNSYS0000030546(2), NBNSYS0000030557(6), NBNSYS0000030564(2), NBNSYS0000030571(6), NBNSYS0000030578(4), NBNSYS0000030582(4), NBNSYS0000030624, NBNSYS0000135549, NBNSYS0100002040, NBNSYS0100002042, NBNSYS0100002920(2), NBNSYS0100003672(4), NBNSYS0100003673(3), NBNSYS0100004506(2), NHMSYS0000344179 [Blue-tailed Damselfly], NHMSYS0000530133 [Long-tailed Tit(13)], NHMSYS0000530247 [Goldfinch], NHMSYS0000530266 [Treecreeper], NHMSYS0000530309 [Woodpigeon(2)], NHMSYS0000530367 [Chaffinch(2)], NHMSYS0000530374 [Jay(3)], NHMSYS0000530533 [Great Tit(26)], NHMSYS0000530537 [House Sparrow(2)], NHMSYS0000530578 [Firecrest(4)], NHMSYS0000530579 [Goldcrest(9)], NHMSYS0000530628 [Starling(10)], NHMSYS0000530633 [Blackcap(10)], NHMSYS0000530671 [Wren(12)], NHMSYS0000530673 [Redwing], NHMSYS0000530674 [Blackbird(16)], NHMSYS0000530678 [Song Thrush(8)], NHMSYS0000530739 [Robin(24)], NHMSYS0000530749 [Chiffchaff(11)], NHMSYS0000530790 [Dunnock(14)], NHMSYS0000530802 [Bullfinch(2)], NHMSYS0001387435 [Dark Bush-cricket], NHMSYS0001688296 [Blue Tit(18)], NHMSYS0001688300 [Coal Tit(3)], NHMSYS0001701949 [Brown-lipped Snail(3)], NHMSYS0001701961 [Two-toothed Door Snail], NHMSYS0001702050 [Girdled Snail], NHMSYS0001702106 [Kentish Snail], NHMSYS0001720279(2), NHMSYS0020109253, NHMSYS0020109264, NHMSYS0020151686 [Rosemary Beetle], NHMSYS0020309142, NHMSYS0020309777, NHMSYS0020326925, NHMSYS0020528135 [White-lipped Snail(2)], NHMSYS0020528153 [Common Garden Snail(2)], NHMSYS0020705811 [Cuckoo-Spit Insect], NHMSYS0020752279 [Long-winged Cone-head], NHMSYS0020919979, NHMSYS0020920002, NHMSYS0020962539 [Black-headed Gull(9)], NHMSYS0021004277 [Siskin], NHMSYS0021005790, NHMSYS0021351693 [Roesel's Bush-cricket], NHMSYS0021583970 [Meadow Grasshopper]`"
**ST6274**,"`NBNSYS0000000009 [Canada Goose(3)], NBNSYS0000006727 [Leopard Slug], NBNSYS0000008324 [7-spot Ladybird], NHMSYS0000530133 [Long-tailed Tit(8)], NHMSYS0000530247 [Goldfinch(2)], NHMSYS0000530309 [Woodpigeon], NHMSYS0000530331 [Great Spotted Woodpecker(3)], NHMSYS0000530367 [Chaffinch(2)], NHMSYS0000530368 [Brambling], NHMSYS0000530374 [Jay(2)], NHMSYS0000530533 [Great Tit(16)], NHMSYS0000530537 [House Sparrow(5)], NHMSYS0000530579 [Goldcrest], NHMSYS0000530628 [Starling(2)], NHMSYS0000530633 [Blackcap(17)], NHMSYS0000530671 [Wren(5)], NHMSYS0000530673 [Redwing(2)], NHMSYS0000530674 [Blackbird(6)], NHMSYS0000530739 [Robin(7)], NHMSYS0000530749 [Chiffchaff(3)], NHMSYS0000530790 [Dunnock(9)], NHMSYS0001688296 [Blue Tit(15)], NHMSYS0001688300 [Coal Tit(5)], NHMSYS0020528153 [Common Garden Snail], NHMSYS0020962539 [Black-headed Gull(2)], NHMSYS0021002985 [Greenfinch]`"
**ST62747707**,`NHMSYS0020752279 [Long-winged Cone-head]`
**ST62747776**,`NBNSYS0000007097`
**ST62747906**,`NHMSYS0020705811 [Cuckoo-Spit Insect]`
**ST6275**,"`NBNSYS0000005599 [Large Red Damselfly], NBNSYS0000005606 [Azure Damselfly], NBNSYS0000005645 [Common Darter(2)], NHMSYS0000080159 [Common Toad], NHMSYS0000344179 [Blue-tailed Damselfly], NHMSYS0020528153 [Common Garden Snail(2)]`"
**ST6276**,"`NBNSYS0000000009 [Canada Goose], NBNSYS0000000037 [Lesser Black-backed Gull], NBNSYS0000005599 [Large Red Damselfly], NBNSYS0000005602 [Common Blue Damselfly], NBNSYS0000005606 [Azure Damselfly(3)], NBNSYS0000005616 [Beautiful Demoiselle(3)], NBNSYS0000005617 [Banded Demoiselle(4)], NBNSYS0000005625 [Brown Hawker(4)], NBNSYS0000005626 [Southern Hawker], NBNSYS0000005630 [Emperor Dragonfly], NBNSYS0000005637 [Broad-bodied Chaser], NBNSYS0000005639 [Four-spotted Chaser], NBNSYS0000005641 [Black-tailed Skimmer], NBNSYS0000005645 [Common Darter], NBNSYS0000006727 [Leopard Slug(3)], NBNSYS0000008180(2), NBNSYS0000008324 [7-spot Ladybird], NBNSYS0000008334 [22-spot Ladybird], NBNSYS0000011200 [Hawthorn Leaf Beetle], NBNSYS0000011206 [Alder Leaf Beetle(2)], NBNSYS0000029054, NBNSYS0100000414, NBNSYS0100020660 [Long-horned Black Legionnaire(2)], NHMSYS0000309700 [Great Scented Liverwort(2)], NHMSYS0000310748 [Fox-tail Feather-moss], NHMSYS0000344177 [Small Red-eyed Damselfly], NHMSYS0000344179 [Blue-tailed Damselfly(3)], NHMSYS0000376160 [Bat(12)], NHMSYS0000528028 [Daubenton's Bat(35)], NHMSYS0000530367 [Chaffinch(2)], NHMSYS0000530533 [Great Tit(2)], NHMSYS0000530537 [House Sparrow(10)], NHMSYS0000530628 [Starling(35)], NHMSYS0000530674 [Blackbird(2)], NHMSYS0000530678 [Song Thrush], NHMSYS0020309191, NHMSYS0020309216, NHMSYS0020309817 [Forget-me-not Shieldbug], NHMSYS0020528155 [Netted Field Slug], NHMSYS0020528290 [Budapest Keeled Slug], NHMSYS0021002985 [Greenfinch(2)], NHMSYS0021342719 [Lake Orb Mussel], NHMSYS0021600167 [Common Smoothcap]`"
**ST62767175**,`NHMSYS0020528153 [Common Garden Snail]`
**ST6277**,"`NBNSYS0000006203, NBNSYS0000006208, NBNSYS0000006258, NBNSYS0000006446(2), NBNSYS0000006727 [Leopard Slug(2)], NBNSYS0000006866, NBNSYS0000006982, NBNSYS0000007057(2), NBNSYS0000007061 [Batman Hoverfly], NBNSYS0000007107, NBNSYS0000007115, NBNSYS0000008318 [16-spot Ladybird], NBNSYS0000008324 [7-spot Ladybird(3)], NBNSYS0000008330 [14-spot Ladybird(4)], NBNSYS0000008332 [Orange Ladybird(2)], NBNSYS0000029054, NBNSYS0000036310 [Wall Screw-moss(2)], NBNSYS0000138972, NBNSYS0100002030 [Vestal Cuckoo Bee], NBNSYS0100004720 [Soprano Pipistrelle], NBNSYS0100005950 [Painted Lady], NHMSYS0000309941 [Common Liverwort], NHMSYS0000501034 [Small Tortoiseshell(11)], NHMSYS0000501120 [Ringlet(6)], NHMSYS0000503827 [Large White(10)], NHMSYS0000503832 [Small White(25)], NHMSYS0000503893 [Comma(4)], NHMSYS0000504515 [Small Skipper(4)], NHMSYS0000504624 [Red Admiral(2)], NHMSYS0000516260 [Holly Blue(5)], NHMSYS0000516630 [Green-veined White(12)], NHMSYS0000516660 [Common Blue(3)], NHMSYS0000521977 [Meadow Brown(6)], NHMSYS0000522017 [Marbled White(2)], NHMSYS0000522857 [Gatekeeper(10)], NHMSYS0000523344 [Speckled Wood(19)], NHMSYS0000530309 [Woodpigeon], NHMSYS0000530533 [Great Tit(3)], NHMSYS0000875171 [Gwynne's Mining Bee], NHMSYS0000875177 [Ashy Mining Bee], NHMSYS0000875192 [Grey-banded Mining Bee], NHMSYS0000875207 [Tawny Mining Bee(6)], NHMSYS0000875243 [Buffish Mining Bee(4)], NHMSYS0000875282 [Cliff Mining Bee(2)], NHMSYS0000875285 [Trimmer's Mining Bee], NHMSYS0000875423 [Western Honey Bee(16)], NHMSYS0000875470 [Bumblebee(2)], NHMSYS0000875562 [Small Garden Bumblebee(6)], NHMSYS0000875564 [Tree Bumblebee], NHMSYS0000875567 [Red-tailed Bumblebee(8)], NHMSYS0000875576 [Common Carder Bee(7)], NHMSYS0000875578 [Early Bumblebee(6)], NHMSYS0000875594 [Forest Cuckoo Bee(2)], NHMSYS0000875595 [Buff-tailed Bumblebee(15)], NHMSYS0000876224 [Jet Ant], NHMSYS0000876435 [Lathbury's Nomad Bee], NHMSYS0001387435 [Dark Bush-cricket(2)], NHMSYS0001685273 [Grey-patched Mining Bee(4)], NHMSYS0001688296 [Blue Tit(4)], NHMSYS0001702244 [Strawberry Snail], NHMSYS0020001355 [Common Pipistrelle], NHMSYS0020109255 [Dock Bug], NHMSYS0020109262, NHMSYS0020109266 [Green Shieldbug(2)], NHMSYS0020308885 [Hawthorn Shieldbug], NHMSYS0020309113(2), NHMSYS0020309177 [Hairy Shieldbug(5)], NHMSYS0020309851(2), NHMSYS0020528153 [Common Garden Snail], NHMSYS0020705811 [Cuckoo-Spit Insect], NHMSYS0020755521 [Large Skipper], NHMSYS0020936546, NHMSYS0021143568 [Peacock(3)], NHMSYS0021196425, NHMSYS0021241572, NHMSYS0021583970 [Meadow Grasshopper], NHMSYS0021616631 [Rough-stalked Feather-moss]`"
**ST627715**,"`NBNSYS0000005606 [Azure Damselfly], NHMSYS0020109266 [Green Shieldbug]`"
**ST627717**,"`NHMSYS0001701949 [Brown-lipped Snail(2)], NHMSYS0020528135 [White-lipped Snail(2)], NHMSYS0020528153 [Common Garden Snail]`"
**ST627718**,`NBNSYS0000003189 [Himalayan Balsam]`
**ST627719**,"`NBNSYS0000000024 [Moorhen], NBNSYS0000005617 [Banded Demoiselle], NBNSYS0000005638 [Scarce Chaser], NHMSYS0000344179 [Blue-tailed Damselfly]`"
**ST627720**,`NBNSYS0100000127`
**ST627722**,"`NBNSYS0000188599 [European Eel(3)], NHMSYS0000544594 [Common Bream(2)], NHMSYS0000544597 [Common Bream x Roach], NHMSYS0000544605 [Bleak(2)], NHMSYS0000544687 [Pumpkinseed], NHMSYS0000544695 [Dace(2)], NHMSYS0000544738 [Roach(2)]`"
**ST627736**,`NHMSYS0020705811 [Cuckoo-Spit Insect]`
**ST627764**,"`BMSSYS0000001474, BMSSYS0000001679(2), BMSSYS0000016240, BMSSYS0000017943, BMSSYS0000043743, BMSSYS0000045985, BMSSYS0000048292, BMSSYS0000048296, BMSSYS0000049685, BMSSYS0000052412, BMSSYS0000533587, BMSSYS0000533823, BMSSYS0000731219, NBNSYS0000015513, NBNSYS0000018369, NBNSYS0000018480 [Oak Moss], NBNSYS0000018524, NBNSYS0000018536 [Dark Crottle], NBNSYS0000018579, NBNSYS0000018589, NBNSYS0000018739, NBNSYS0000018745, NBNSYS0000018746, NBNSYS0000018905 [Netted Shield Lichen], NBNSYS0000018934, NBNSYS0000018986, NBNSYS0000019233, NBNSYS0000020575, NBNSYS0000020686, NBNSYS0000020700, NBNSYS0000147457, NBNSYS0000154736, NHMSYS0000309936 [Crescent-cup Liverwort], NHMSYS0000364730, NHMSYS0000530247 [Goldfinch], NHMSYS0000530374 [Jay], NHMSYS0000530633 [Blackcap(2)], NHMSYS0001474641, NHMSYS0001476162, NHMSYS0001476802, NHMSYS0001477239, NHMSYS0001477618, NHMSYS0001481444, NHMSYS0001484847, NHMSYS0001485079, NHMSYS0001485112, NHMSYS0001486328, NHMSYS0001486431, NHMSYS0001486984, NHMSYS0001494846 [Chewing Gum Lichen], NHMSYS0001495400, NHMSYS0001497067, NHMSYS0001499424(2), NHMSYS0001499452 [Black Shields], NHMSYS0001501570, NHMSYS0001501637, NHMSYS0001501925 [Common Orange Lichen], NHMSYS0020039387, NHMSYS0020535935, NHMSYS0020989718, NHMSYS0020990207, NHMSYS0020990211(2), NHMSYS0020991038, NHMSYS0021178877 [Jackdaw], NHMSYS0021576638, NHMSYS0021646665, NHMSYS0021647175(2), NHMSYS0021794957 [Script Lichen]`"
**ST627765**,`NHMSYS0020528153 [Common Garden Snail]`
**ST627769**,"`NBNSYS0000006727 [Leopard Slug], NBNSYS0000133073, NHMSYS0000876224 [Jet Ant]`"
**ST627770**,"`NBNSYS0000006916 [Marmalade Hoverfly], NBNSYS0000007825 [Broad Centurion], NBNSYS0000008324 [7-spot Ladybird], NHMSYS0000712592 [Harlequin Ladybird], NHMSYS0020109270, NHMSYS0020309360 [Meadow Plant Bug]`"
**ST627780**,`NHMSYS0000080156 [Great Crested Newt(6)]`
**ST627786**,"`NHMSYS0000530315 [Carrion Crow], NHMSYS0000530358 [Kestrel]`"
**ST627787**,"`NHMSYS0000530309 [Woodpigeon], NHMSYS0000530315 [Carrion Crow], NHMSYS0000530673 [Redwing]`"
**ST627790**,`NHMSYS0000080156 [Great Crested Newt(22)]`
**ST6278**,"`NBNSYS0000000009 [Canada Goose], NBNSYS0000000010 [Mute Swan], NBNSYS0000000037 [Lesser Black-backed Gull], NBNSYS0000006964, NBNSYS0000157544 [Intermediate Screw-moss], NHMSYS0000530533 [Great Tit], NHMSYS0000530678 [Song Thrush], NHMSYS0000530757 [Wood Warbler], NHMSYS0001688296 [Blue Tit(3)]`"
**ST6279**,"`NBNSYS0000000010 [Mute Swan(17)], NBNSYS0000000038 [Herring Gull], NBNSYS0000005626 [Southern Hawker], NHMSYS0000730335 [Castor Bean Tick]`"
**ST62817216**,"`NBNSYS0000005598 [White-legged Damselfly], NBNSYS0000005617 [Banded Demoiselle], NBNSYS0000005638 [Scarce Chaser]`"
**ST62817314**,`NHMSYS0001387435 [Dark Bush-cricket]`
**ST62827314**,`NBNSYS0000006959`
**ST62827315**,`NHMSYS0020308916`
**ST62847188**,`NHMSYS0021601287 [Lyell's Bristle-moss]`
**ST62847314**,`NHMSYS0020309315 [Ant Damsel Bug]`
**ST62857258**,`NBNSYS0000005638 [Scarce Chaser]`
**ST62857311**,"`NBNSYS0000007054, NBNSYS0000007097`"
**ST62857314**,`NBNSYS0000005598 [White-legged Damselfly]`
**ST62867185**,`NBNSYS0000005637 [Broad-bodied Chaser]`
**ST62867926**,`NBNSYS0000005645 [Common Darter]`
**ST628719**,`NBNSYS0100000127`
**ST628720**,"`NBNSYS0000003189 [Himalayan Balsam], NBNSYS0000024401 [Malachite Beetle], NBNSYS0000024943 [Swollen-thighed Beetle(2)], NBNSYS0000030409, NBNSYS0000030719, NBNSYS0000160220 [Ichneumonid(2)], NHMSYS0000712592 [Harlequin Ladybird(2)], NHMSYS0000876174 [Common Furrow Bee]`"
**ST628721**,`NBNSYS0100000129(2)`
**ST628722**,`NHMSYS0000712592 [Harlequin Ladybird(2)]`
**ST628728**,`NBNSYS0000006867`
**ST628730**,`NHMSYS0000310185 [Forked Veilwort(3)]`
**ST628731**,"`NBNSYS0000005598 [White-legged Damselfly], NBNSYS0000007911 [Striped Slender Robberfly], NBNSYS0000008318 [16-spot Ladybird], NBNSYS0000011321 [Cabbage-stem Flea Beetle], NBNSYS0100000129(2), NHMSYS0020309360 [Meadow Plant Bug], NHMSYS0020528153 [Common Garden Snail], NHMSYS0020734178 [Bright Four-spined Legionnaire], NHMSYS0021132078`"
**ST628732**,`NBNSYS0000003322 [Raspberry(2)]`
**ST628740**,`NHMSYS0020528153 [Common Garden Snail]`
**ST628758**,"`NBNSYS0000005616 [Beautiful Demoiselle], NBNSYS0000005617 [Banded Demoiselle], NHMSYS0000344179 [Blue-tailed Damselfly]`"
**ST628761**,`NHMSYS0000530761 [Magpie]`
**ST628764**,"`NBNSYS0000008324 [7-spot Ladybird], NHMSYS0000530141 [Kingfisher(2)], NHMSYS0000530289 [Dipper], NHMSYS0000530309 [Woodpigeon], NHMSYS0000530315 [Carrion Crow], NHMSYS0000530374 [Jay], NHMSYS0000530494 [Grey Wagtail(2)], NHMSYS0000530533 [Great Tit], NHMSYS0000530671 [Wren], NHMSYS0000530739 [Robin(3)], NHMSYS0001688296 [Blue Tit(2)], NHMSYS0020213805, NHMSYS0020755076 [Bullhead]`"
**ST628765**,`NHMSYS0000309700 [Great Scented Liverwort]`
**ST62877925**,`NBNSYS0000005637 [Broad-bodied Chaser]`
**ST62877927**,"`NBNSYS0000005606 [Azure Damselfly(2)], NBNSYS0000005630 [Emperor Dragonfly(2)]`"
**ST628787**,`NHMSYS0000530309 [Woodpigeon]`
**ST62887928**,`NBNSYS0000005637 [Broad-bodied Chaser(2)]`
**ST62897297**,`NHMSYS0000309902 [Dilated Scalewort]`
**ST62897928**,`NBNSYS0000005637 [Broad-bodied Chaser]`
**ST62907298**,`NHMSYS0020705693`
**ST62907558**,`NHMSYS0020302077`
**ST62917215**,`NBNSYS0000006770 [Copse Snail]`
**ST62917298**,`NHMSYS0000310512 [Neat Feather-moss]`
**ST62917301**,`NHMSYS0020528153 [Common Garden Snail]`
**ST62917654**,`NBNSYS0000003322 [Raspberry]`
**ST62927313**,`NBNSYS0000022280 [Springy Turf-moss]`
**ST62937308**,"`NBNSYS0000036641 [Swan's-neck Thyme-moss], NBNSYS0100000194`"
**ST62937376**,`NBNSYS0000013817 [Common Chthonid]`
**ST62947281**,`NBNSYS0000005598 [White-legged Damselfly]`
**ST62947282**,`NBNSYS0000007942 [Dotted Bee-fly]`
**ST62947655**,`NHMSYS0020309624 [Red-legged Shieldbug]`
**ST6295276645**,"`NBNSYS0000188599 [European Eel], NHMSYS0020755076 [Bullhead]`"
**ST62957173**,`NBNSYS0000005598 [White-legged Damselfly]`
**ST62957282**,`NHMSYS0021056362 [Great Pond Snail]`
**ST62957300**,"`NBNSYS0000006842 [Field Grasshopper], NBNSYS0000007047`"
**ST62957481**,`NHMSYS0000712592 [Harlequin Ladybird(2)]`
**ST62967281**,`NHMSYS0020528279 [Ghost Slug]`
**ST629717**,"`NBNSYS0000003189 [Himalayan Balsam], NHMSYS0000530374 [Jay]`"
**ST629718**,`NBNSYS0000003189 [Himalayan Balsam]`
**ST629719**,"`NBNSYS0000006993, NBNSYS0000011206 [Alder Leaf Beetle], NBNSYS0000024663(5), NBNSYS0000160953, NHMSYS0000875446 [Field Digger Wasp], NHMSYS0020151555 [Raspberry Beetle(5)], NHMSYS0020152556`"
**ST629722**,`NHMSYS0000462335 [Japanese Knotweed(2)]`
**ST629724**,`NHMSYS0001387435 [Dark Bush-cricket]`
**ST629728**,`NHMSYS0001701949 [Brown-lipped Snail]`
**ST629730**,"`NBNSYS0000005598 [White-legged Damselfly], NBNSYS0000006839 [Mottled Grasshopper], NBNSYS0000006842 [Field Grasshopper], NBNSYS0000006866(2), NBNSYS0000007047, NBNSYS0000007057(4), NHMSYS0000841033, NHMSYS0000875423 [Western Honey Bee(16)], NHMSYS0000875567 [Red-tailed Bumblebee], NHMSYS0000875570 [White-tailed Bumblebee(4)], NHMSYS0000875595 [Buff-tailed Bumblebee(8)], NHMSYS0020752279 [Long-winged Cone-head], NHMSYS0021583970 [Meadow Grasshopper(2)]`"
**ST629731**,"`BMSSYS0000001357, BMSSYS0000003564(2), BMSSYS0000003914, BMSSYS0000009425, BMSSYS0000016240, BMSSYS0000043328, BMSSYS0000048292, BMSSYS0000048296, BMSSYS0000049685, BMSSYS0000533657, BMSSYS0000534107, BMSSYS0000731219, NBNSYS0000011200 [Hawthorn Leaf Beetle], NBNSYS0000011544 [Rose Chafer], NBNSYS0000015513, NBNSYS0000017048, NBNSYS0000018369, NBNSYS0000018374, NBNSYS0000018421, NBNSYS0000018523, NBNSYS0000018524, NBNSYS0000018745, NBNSYS0000018746, NBNSYS0000018934, NBNSYS0000018949, NBNSYS0000020575, NBNSYS0000020709, NBNSYS0000024881 [Red-headed Cardinal Beetle], NBNSYS0000037145 [Cranefly], NBNSYS0000153338, NBNSYS0000160495, NHMSYS0000876193 [Green Furrow Bee], NHMSYS0000876223 [Yellow Meadow Ant], NHMSYS0000876396, NHMSYS0001476303, NHMSYS0001476799, NHMSYS0001476913, NHMSYS0001477632, NHMSYS0001477667, NHMSYS0001477679, NHMSYS0001477745, NHMSYS0001486275, NHMSYS0001486328, NHMSYS0001486431, NHMSYS0001492055, NHMSYS0001493903, NHMSYS0001494846 [Chewing Gum Lichen], NHMSYS0001495400, NHMSYS0001496502, NHMSYS0001501915, NHMSYS0001501925 [Common Orange Lichen], NHMSYS0001719985, NHMSYS0020109258, NHMSYS0020151188, NHMSYS0020308937, NHMSYS0020308938 [Common Flower Bug], NHMSYS0020309142, NHMSYS0020309200 [Parent Bug], NHMSYS0020309352, NHMSYS0020309530, NHMSYS0020480770 [Broad-barred Fusehorn], NHMSYS0020705258 [Tree Hopper], NHMSYS0020987752(2), NHMSYS0020989760, NHMSYS0020990207, NHMSYS0020990211(2), NHMSYS0020990212, NHMSYS0020991038, NHMSYS0021583970 [Meadow Grasshopper], NHMSYS0021646075, NHMSYS0021898013 [Common Earwig]`"
**ST629732**,"`NBNSYS0000003322 [Raspberry], NBNSYS0000007943 [Dark-edged Bee-fly]`"
**ST629733**,"`BMSSYS0000043743, BMSSYS0000048294, BMSSYS0000048296, BMSSYS0000533657, BMSSYS0000533914, NBNSYS0000018300, NBNSYS0000018354, NBNSYS0000018369, NBNSYS0000018374, NBNSYS0000018411, NBNSYS0000018524, NBNSYS0000018579, NBNSYS0000018582, NBNSYS0000018633, NBNSYS0000018687, NBNSYS0000018746, NBNSYS0000018934, NBNSYS0000153338, NHMSYS0001476303, NHMSYS0001476799, NHMSYS0001477667, NHMSYS0001484847, NHMSYS0001486984, NHMSYS0001493685, NHMSYS0001495400, NHMSYS0001501925 [Common Orange Lichen], NHMSYS0020039387`"
**ST629737**,`NBNSYS0100000127(2)`
**ST629739**,`NHMSYS0020705811 [Cuckoo-Spit Insect]`
**ST629765**,"`NBNSYS0000000024 [Moorhen], NHMSYS0000530133 [Long-tailed Tit(10)], NHMSYS0000530141 [Kingfisher(2)], NHMSYS0000530289 [Dipper], NHMSYS0000530315 [Carrion Crow], NHMSYS0000530494 [Grey Wagtail(2)], NHMSYS0000530761 [Magpie(7)], NHMSYS0001386431 [Southern Bristletail], NHMSYS0020213805(2), NHMSYS0020990979`"
**ST629766**,"`NBNSYS0000005616 [Beautiful Demoiselle], NHMSYS0000530133 [Long-tailed Tit], NHMSYS0000530289 [Dipper], NHMSYS0000530315 [Carrion Crow], NHMSYS0000530533 [Great Tit], NHMSYS0000530749 [Chiffchaff], NHMSYS0020213805(3), NHMSYS0021178877 [Jackdaw]`"
**ST62977283**,`NHMSYS0020309271 [Box Bug]`
**ST62977299**,`NBNSYS0000011200 [Hawthorn Leaf Beetle]`
**ST629787**,`NHMSYS0000530309 [Woodpigeon]`
**ST62987233**,`NHMSYS0020528135 [White-lipped Snail]`
**ST62987300**,`NHMSYS0020480896 [Angled Stem-sawfly]`
**ST62987315**,`NHMSYS0021616601 [Whitish Feather-moss]`
**ST6299176690**,"`NBNSYS0000188599 [European Eel], NHMSYS0020755076 [Bullhead]`"
**ST62997309**,`NHMSYS0000875177 [Ashy Mining Bee]`
**ST62997935**,`NHMSYS0000875567 [Red-tailed Bumblebee]`
**ST63007309**,`NHMSYS0000309902 [Dilated Scalewort]`
**ST63007310**,`NBNSYS0000036475 [Grey-cushioned Grimmia]`
**ST63017300**,`NHMSYS0021109892`
**ST63017310**,`NBNSYS0000007942 [Dotted Bee-fly]`
**ST63017313**,`NBNSYS0000036137 [Bristly Haircap]`
**ST63017651**,`NBNSYS0000013817 [Common Chthonid]`
**ST63027308**,`NBNSYS0000036641 [Swan's-neck Thyme-moss]`
**ST63037308**,`NBNSYS0000036227 [Broom Fork-moss]`
**ST63047308**,"`NHMSYS0000310087 [Heath Plait-moss], NHMSYS0000310512 [Neat Feather-moss], NHMSYS0021616586 [Common Tamarisk-moss]`"
**ST63047309**,`NBNSYS0000036138 [Juniper Haircap(2)]`
**ST63057208**,"`NBNSYS0000036284 [Common Pocket-moss], NHMSYS0000309470, NHMSYS0000309645, NHMSYS0000309700 [Great Scented Liverwort], NHMSYS0000309936 [Crescent-cup Liverwort], NHMSYS0000310251, NHMSYS0000310512 [Neat Feather-moss], NHMSYS0021600167 [Common Smoothcap]`"
**ST63057347**,`NHMSYS0000712592 [Harlequin Ladybird]`
**ST630715**,`NHMSYS0000530761 [Magpie]`
**ST630716**,"`NBNSYS0000006973, NBNSYS0000029892, NHMSYS0000519098, NHMSYS0000875567 [Red-tailed Bumblebee], NHMSYS0000875570 [White-tailed Bumblebee], NHMSYS0020480870`"
**ST630719**,"`NBNSYS0000007116, NBNSYS0000030025`"
**ST630720**,"`NBNSYS0000006930, NHMSYS0000530141 [Kingfisher]`"
**ST630722**,`NBNSYS0000149724 [Common Feather-moss]`
**ST630724**,`NBNSYS0000000006 [Grey Heron]`
**ST630730**,`NBNSYS0000006835 [Stripe-winged Grasshopper]`
**ST630731**,"`NBNSYS0000005598 [White-legged Damselfly], NBNSYS0000006842 [Field Grasshopper], NHMSYS0001706186 [Common Lizard], NHMSYS0020309842`"
**ST630739**,"`NBNSYS0000006727 [Leopard Slug], NHMSYS0020528153 [Common Garden Snail]`"
**ST630746**,`NBNSYS0000008289 [24-spot Ladybird]`
**ST630749**,"`NBNSYS0000006446, NBNSYS0000006871, NBNSYS0000006916 [Marmalade Hoverfly(4)], NBNSYS0000006964(8), NBNSYS0000006966(15), NBNSYS0000006993, NBNSYS0000007057, NBNSYS0000007058, NBNSYS0000007110(3), NBNSYS0000007820 [Dark-winged Black], NBNSYS0000030162(3), NBNSYS0000030351 [Sheep-strike Greenbottle(7)], NBNSYS0000030409, NBNSYS0000030557(2), NBNSYS0000030978, NBNSYS0000033260, NBNSYS0000156287, NBNSYS0000159382, NBNSYS0100003109(4), NBNSYS0100004477, NBNSYS0100004508, NBNSYS0100022723, NHMSYS0000875423 [Western Honey Bee(27)], NHMSYS0000875567 [Red-tailed Bumblebee(12)], NHMSYS0000875570 [White-tailed Bumblebee(3)], NHMSYS0000875576 [Common Carder Bee(2)], NHMSYS0000875595 [Buff-tailed Bumblebee(4)], NHMSYS0020152556(3), NHMSYS0021321545`"
**ST630765**,"`NBNSYS0100000129, NHMSYS0001386431 [Southern Bristletail], NHMSYS0001702244 [Strawberry Snail]`"
**ST630766**,`NHMSYS0021178877 [Jackdaw]`
**ST630767**,"`NBNSYS0000005060 [Common Frog], NBNSYS0000008332 [Orange Ladybird]`"
**ST630779**,`NHMSYS0000080156 [Great Crested Newt(2)]`
**ST63077921**,`NBNSYS0000008324 [7-spot Ladybird]`
**ST63107318**,`NHMSYS0000875564 [Tree Bumblebee]`
**ST63137196**,`NHMSYS0020704774`
**ST63147141**,`NHMSYS0020528155 [Netted Field Slug]`
**ST63147196**,`NBNSYS0000007098 [Hornet Hoverfly]`
**ST63157320**,`NBNSYS0000011544 [Rose Chafer]`
**ST63167666**,`NBNSYS0000006901`
**ST63167676**,`NBNSYS0000008332 [Orange Ladybird]`
**ST631713**,"`NHMSYS0000530671 [Wren], NHMSYS0000530674 [Blackbird], NHMSYS0000530761 [Magpie]`"
**ST631720**,`NBNSYS0000013475 [Livid Sawfly]`
**ST631723**,"`NBNSYS0000007795 [Murky-legged Black Legionnaire], NBNSYS0000025252, NBNSYS0000030798, NHMSYS0020308885 [Hawthorn Shieldbug], NHMSYS0020480658 [Red-belted Cleaver], NHMSYS0020480659 [White-sided Cleaver]`"
**ST631729**,"`NBNSYS0000006825 [Speckled Bush-cricket], NHMSYS0020151686 [Rosemary Beetle]`"
**ST631739**,`NHMSYS0020528153 [Common Garden Snail]`
**ST631747**,"`NBNSYS0000005645 [Common Darter], NBNSYS0000011045 [Wasp Beetle], NHMSYS0000876223 [Yellow Meadow Ant], NHMSYS0020482174`"
**ST631767**,"`NBNSYS0000005617 [Banded Demoiselle], NBNSYS0100000414, NHMSYS0000530141 [Kingfisher], NHMSYS0000530315 [Carrion Crow(8)], NHMSYS0000530671 [Wren(8)]`"
**ST631768**,`NHMSYS0021056362 [Great Pond Snail]`
**ST631769**,"`NHMSYS0000530374 [Jay], NHMSYS0001688296 [Blue Tit]`"
**ST63177191**,`NBNSYS0000005638 [Scarce Chaser]`
**ST63177204**,`NHMSYS0001701949 [Brown-lipped Snail]`
**ST63177391**,`NBNSYS0000007943 [Dark-edged Bee-fly]`
**ST631774**,`NHMSYS0000530141 [Kingfisher]`
**ST63177595**,`NHMSYS0000712592 [Harlequin Ladybird]`
**ST631787**,"`NHMSYS0000544635 [Crucian Carp], NHMSYS0000544665 [Common Carp(2)], NHMSYS0000544718 [Perch], NHMSYS0000544738 [Roach], NHMSYS0000544773 [Tench]`"
**ST63187189**,`NHMSYS0000344179 [Blue-tailed Damselfly]`
**ST63187190**,"`NBNSYS0000005625 [Brown Hawker], NBNSYS0000005645 [Common Darter]`"
**ST63197154**,`NHMSYS0021178937 [Grass Snake]`
**ST63197191**,"`NBNSYS0000005617 [Banded Demoiselle(2)], NBNSYS0000005637 [Broad-bodied Chaser]`"
**ST63207174**,`NHMSYS0020528135 [White-lipped Snail]`
**ST63207298**,"`NBNSYS0000005599 [Large Red Damselfly(3)], NBNSYS0000006456, NBNSYS0000006825 [Speckled Bush-cricket], NBNSYS0000006871, NBNSYS0000006916 [Marmalade Hoverfly(2)], NBNSYS0000006937(2), NBNSYS0000006941, NBNSYS0000006951, NBNSYS0000007052(2), NBNSYS0000007057, NBNSYS0000007061 [Batman Hoverfly], NBNSYS0000007069 [Greater Bulb-Fly(2)], NBNSYS0000007825 [Broad Centurion], NBNSYS0000007915 [Stripe-legged Robberfly], NBNSYS0000007977, NBNSYS0000007980, NBNSYS0000008324 [7-spot Ladybird(3)], NBNSYS0000008330 [14-spot Ladybird(3)], NBNSYS0000008334 [22-spot Ladybird(2)], NBNSYS0000011544 [Rose Chafer], NBNSYS0000030978, NBNSYS0000033260, NBNSYS0000133089, NBNSYS0000161106, NHMSYS0000712592 [Harlequin Ladybird(3)], NHMSYS0000875177 [Ashy Mining Bee], NHMSYS0000875423 [Western Honey Bee], NHMSYS0020109266 [Green Shieldbug(5)], NHMSYS0020109270(2), NHMSYS0020151686 [Rosemary Beetle(2)], NHMSYS0020302075, NHMSYS0020308885 [Hawthorn Shieldbug], NHMSYS0020309225 [Cabbage Bug], NHMSYS0020309271 [Box Bug], NHMSYS0020309777(2), NHMSYS0020309851, NHMSYS0020480783 [Common Rose Fusehorn], NHMSYS0020482471, NHMSYS0020528135 [White-lipped Snail], NHMSYS0020705576, NHMSYS0020705652, NHMSYS0020705653(2)`"
**ST63207299**,`NBNSYS0000007052`
**ST63207665**,`NHMSYS0000712592 [Harlequin Ladybird]`
**ST63217299**,"`NBNSYS0000006889, NBNSYS0000008334 [22-spot Ladybird]`"
**ST63217344**,`NHMSYS0020476639 [Western Conifer Seed Bug]`
**ST63237219**,`NBNSYS0000005626 [Southern Hawker]`
**ST632717**,"`NBNSYS0000005602 [Common Blue Damselfly], NBNSYS0000005606 [Azure Damselfly], NBNSYS0000005617 [Banded Demoiselle], NBNSYS0000005625 [Brown Hawker], NBNSYS0000005645 [Common Darter], NBNSYS0000008324 [7-spot Ladybird]`"
**ST632718**,"`NBNSYS0000005598 [White-legged Damselfly], NBNSYS0000005599 [Large Red Damselfly], NBNSYS0000005606 [Azure Damselfly], NBNSYS0000005616 [Beautiful Demoiselle], NBNSYS0000005617 [Banded Demoiselle], NBNSYS0000005637 [Broad-bodied Chaser], NBNSYS0000005641 [Black-tailed Skimmer], NHMSYS0000344179 [Blue-tailed Damselfly], NHMSYS0001688296 [Blue Tit], NHMSYS0001702244 [Strawberry Snail]`"
**ST632719**,"`NBNSYS0000005627 [Migrant Hawker], NBNSYS0000188599 [European Eel], NHMSYS0000527549 [Saucer Bug], NHMSYS0000530141 [Kingfisher], NHMSYS0020705576`"
**ST632720**,"`NBNSYS0000003189 [Himalayan Balsam], NHMSYS0000462335 [Japanese Knotweed]`"
**ST632721**,`NHMSYS0000876224 [Jet Ant]`
**ST632729**,"`NBNSYS0000006842 [Field Grasshopper], NHMSYS0020109266 [Green Shieldbug]`"
**ST632745**,"`NBNSYS0000000037 [Lesser Black-backed Gull], NHMSYS0021178877 [Jackdaw]`"
**ST632747**,"`NBNSYS0000005625 [Brown Hawker], NBNSYS0000005630 [Emperor Dragonfly]`"
**ST632761**,`NBNSYS0000006842 [Field Grasshopper]`
**ST632763**,`NHMSYS0020476639 [Western Conifer Seed Bug(2)]`
**ST632766**,`NHMSYS0001491390`
**ST632768**,"`BMSSYS0000001357, BMSSYS0000009425, BMSSYS0000048298, BMSSYS0000049685, BMSSYS0000534107, NBNSYS0000015513, NBNSYS0000018320, NBNSYS0000018579, NBNSYS0000018590, NBNSYS0000018745, NBNSYS0000018934, NBNSYS0000154736, NHMSYS0001476799, NHMSYS0001484847, NHMSYS0001486275, NHMSYS0001486984(2), NHMSYS0001493681, NHMSYS0001501925 [Common Orange Lichen], NHMSYS0020989718, NHMSYS0020989760`"
**ST632769**,"`BMSSYS0000533914, NBNSYS0000003328 [Bramble], NBNSYS0000008327 [Eyed Ladybird], NBNSYS0000019114, NBNSYS0000025134 [Green Nettle Weevil], NHMSYS0001477244, NHMSYS0001486261, NHMSYS0001491427, NHMSYS0001495400, NHMSYS0001501570, NHMSYS0020990601, NHMSYS0021576638`"
**ST632770**,`NHMSYS0000530141 [Kingfisher]`
**ST632786**,"`NHMSYS0000530225 [Buzzard], NHMSYS0000530309 [Woodpigeon]`"
**ST632787**,`NHMSYS0000530315 [Carrion Crow]`
**ST63337192**,`NHMSYS0000309660 [Bifid Crestwort]`
**ST63357654**,`NBNSYS0000022360 [Blue-Grey Worm]`
**ST633718**,"`NBNSYS0000005630 [Emperor Dragonfly], NHMSYS0020213805`"
**ST633738**,`NBNSYS0000006446`
**ST633744**,`NHMSYS0000530309 [Woodpigeon]`
**ST633760**,`NBNSYS0000005637 [Broad-bodied Chaser]`
**ST633765**,"`NBNSYS0000003322 [Raspberry], NBNSYS0000008326 [Cream-streaked Ladybird], NBNSYS0000025090 [Loosestrife Weevil], NBNSYS0000036475 [Grey-cushioned Grimmia], NHMSYS0000712592 [Harlequin Ladybird], NHMSYS0000875177 [Ashy Mining Bee], NHMSYS0001387418 [Oak Bush-cricket], NHMSYS0020109262, NHMSYS0020153336, NHMSYS0020308937, NHMSYS0020308938 [Common Flower Bug], NHMSYS0020309474 [Fine Streaked Bugkin], NHMSYS0020482134 [Oak Mining Sawfly], NHMSYS0020528153 [Common Garden Snail]`"
**ST633768**,`NBNSYS0000006727 [Leopard Slug]`
**ST633769**,"`NBNSYS0000008330 [14-spot Ladybird], NBNSYS0000025109 [Clay-coloured Weevil], NBNSYS0000036310 [Wall Screw-moss], NHMSYS0000309941 [Common Liverwort], NHMSYS0000530141 [Kingfisher], NHMSYS0000530266 [Treecreeper], NHMSYS0000530309 [Woodpigeon(2)], NHMSYS0000875576 [Common Carder Bee], NHMSYS0020109266 [Green Shieldbug], NHMSYS0020213805(3), NHMSYS0020309144, NHMSYS0020480767 [Barberry Fusehorn], NHMSYS0020528135 [White-lipped Snail], NHMSYS0021616456 [Silky Wall Feather-moss]`"
**ST633770**,"`NHMSYS0000310717 [Small Hairy Screw-moss], NHMSYS0020528135 [White-lipped Snail]`"
**ST633771**,`NHMSYS0000530533 [Great Tit]`
**ST633776**,`NHMSYS0000310717 [Small Hairy Screw-moss]`
**ST633786**,"`NHMSYS0000530309 [Woodpigeon], NHMSYS0000530315 [Carrion Crow(3)]`"
**ST63387158**,`NHMSYS0001701949 [Brown-lipped Snail]`
**ST63417498**,`NHMSYS0000712592 [Harlequin Ladybird]`
**ST63427185**,`NBNSYS0000036367 [Bird's-claw Beard-moss]`
**ST63457182**,`NHMSYS0000309936 [Crescent-cup Liverwort]`
**ST63467149**,`NBNSYS0000005617 [Banded Demoiselle]`
**ST63467670**,`NBNSYS0000006727 [Leopard Slug]`
**ST634714**,"`NBNSYS0000003189 [Himalayan Balsam], NBNSYS0000005626 [Southern Hawker]`"
**ST634716**,"`NBNSYS0000008330 [14-spot Ladybird], NHMSYS0020152181 [Green Dock Beetle], NHMSYS0020962539 [Black-headed Gull]`"
**ST634717**,"`NBNSYS0000005606 [Azure Damselfly], NBNSYS0000005645 [Common Darter], NBNSYS0000005650 [Ruddy Darter], NHMSYS0000344179 [Blue-tailed Damselfly], NHMSYS0000530671 [Wren]`"
**ST634718**,`NHMSYS0000530315 [Carrion Crow]`
**ST634719**,`NHMSYS0000310437 [Long-beaked Water Feather-moss]`
**ST634736**,`NHMSYS0000875564 [Tree Bumblebee]`
**ST634737**,"`NBNSYS0000000006 [Grey Heron], NBNSYS0000000009 [Canada Goose(2)], NBNSYS0000000010 [Mute Swan(2)], NBNSYS0000000024 [Moorhen(2)], NBNSYS0000000025 [Coot(2)], NBNSYS0000000038 [Herring Gull], NHMSYS0000530141 [Kingfisher], NHMSYS0000530309 [Woodpigeon], NHMSYS0000530315 [Carrion Crow(4)], NHMSYS0000530482 [Red Kite], NHMSYS0000530494 [Grey Wagtail], NHMSYS0000530533 [Great Tit], NHMSYS0000530671 [Wren], NHMSYS0000530674 [Blackbird], NHMSYS0000530739 [Robin], NHMSYS0001688296 [Blue Tit], NHMSYS0020213805(2)`"
**ST634742**,`NHMSYS0000530247 [Goldfinch]`
**ST634746**,`NHMSYS0000462335 [Japanese Knotweed]`
**ST634755**,`NBNSYS0000006964`
**ST634766**,"`BMSSYS0000001357, BMSSYS0000049685, BMSSYS0000534050, BMSSYS0000534141, NBNSYS0000006901, NBNSYS0000007375 [Strawberry Seed Beetle], NBNSYS0000007820 [Dark-winged Black], NBNSYS0000008289 [24-spot Ladybird], NBNSYS0000011070, NBNSYS0000011276, NBNSYS0000011342, NBNSYS0000012428, NBNSYS0000018300, NBNSYS0000018480 [Oak Moss], NBNSYS0000018579, NBNSYS0000018589, NBNSYS0000018905 [Netted Shield Lichen], NBNSYS0000018934, NBNSYS0000018941, NBNSYS0000018986, NBNSYS0000018987, NBNSYS0000024225, NBNSYS0000024228, NBNSYS0000024262, NBNSYS0000024499, NBNSYS0000024881 [Red-headed Cardinal Beetle], NBNSYS0000025019, NBNSYS0000025132 [Green Leaf Weevil], NBNSYS0000025133 [Brown Leaf Weevil], NBNSYS0000025135 [Common Leaf Weevil], NBNSYS0000025140, NBNSYS0000025449 [Strawberry-blossom Weevil], NBNSYS0000147314 [Hairy Spider Weevil], NBNSYS0000147457, NBNSYS0100000329, NHMSYS0000310185 [Forked Veilwort], NHMSYS0000629482, NHMSYS0000873237 [Small Black Ant], NHMSYS0000875423 [Western Honey Bee], NHMSYS0000875578 [Early Bumblebee], NHMSYS0000875595 [Buff-tailed Bumblebee], NHMSYS0000876221 [Brown Tree Ant], NHMSYS0000876223 [Yellow Meadow Ant], NHMSYS0000876509 [Red Mason Bee], NHMSYS0000876769 [Hornet], NHMSYS0000876783 [Common Wasp], NHMSYS0001476782, NHMSYS0001482509, NHMSYS0001484847, NHMSYS0001485079, NHMSYS0001485112, NHMSYS0001486984, NHMSYS0001489123, NHMSYS0001489135, NHMSYS0001493019, NHMSYS0001501147 [Old Man's Beard], NHMSYS0001501925 [Common Orange Lichen], NHMSYS0001701949 [Brown-lipped Snail], NHMSYS0001702244 [Strawberry Snail], NHMSYS0001702255 [Eccentric Grass Snail], NHMSYS0001717468, NHMSYS0001717489, NHMSYS0020039387, NHMSYS0020109264, NHMSYS0020151191, NHMSYS0020151536, NHMSYS0020152218(2), NHMSYS0020152589, NHMSYS0020152773 [Small Nettle Weevil], NHMSYS0020153530, NHMSYS0020308885 [Hawthorn Shieldbug], NHMSYS0020309147(2), NHMSYS0020309344 [Birch Catkin Bug], NHMSYS0020309352, NHMSYS0020309420, NHMSYS0020309446, NHMSYS0020309624 [Red-legged Shieldbug], NHMSYS0020309673, NHMSYS0020309851, NHMSYS0020327881, NHMSYS0020528201 [Tree Slug], NHMSYS0020705926, NHMSYS0020757834, NHMSYS0021109660, NHMSYS0021898013 [Common Earwig]`"
**ST634767**,"`BMSSYS0000016240, BMSSYS0000043742, BMSSYS0000043743, BMSSYS0000048296, NBNSYS0000006727 [Leopard Slug], NBNSYS0000006825 [Speckled Bush-cricket], NBNSYS0000008332 [Orange Ladybird], NBNSYS0000018746, NHMSYS0000530315 [Carrion Crow], NHMSYS0001476913, NHMSYS0001486328, NHMSYS0001496502, NHMSYS0001716795, NHMSYS0020309200 [Parent Bug], NHMSYS0020536329, NHMSYS0020990212`"
**ST634768**,`NBNSYS0000011062 [Lime Beetle]`
**ST634769**,`NBNSYS0000008324 [7-spot Ladybird]`
**ST634771**,`NHMSYS0000530141 [Kingfisher]`
**ST63477517**,`NHMSYS0020705811 [Cuckoo-Spit Insect(2)]`
**ST63477716**,`NBNSYS0000005616 [Beautiful Demoiselle]`
**ST634785**,`NHMSYS0000530315 [Carrion Crow]`
**ST634786**,`NHMSYS0000530309 [Woodpigeon]`
**ST63497159**,`NHMSYS0021601287 [Lyell's Bristle-moss]`
**ST63557344**,`NHMSYS0020705811 [Cuckoo-Spit Insect]`
**ST63567563**,"`NBNSYS0000006727 [Leopard Slug], NHMSYS0020528153 [Common Garden Snail]`"
**ST635716**,`NHMSYS0001387435 [Dark Bush-cricket]`
**ST635724**,`NBNSYS0100002538 [Ivy Bee]`
**ST635747**,"`NHMSYS0000530537 [House Sparrow], NHMSYS0000875564 [Tree Bumblebee]`"
**ST635750**,`NBNSYS0000000038 [Herring Gull]`
**ST635751**,"`NBNSYS0000006883, NBNSYS0000030566, NHMSYS0000875423 [Western Honey Bee(3)], NHMSYS0000875570 [White-tailed Bumblebee]`"
**ST635753**,"`NBNSYS0000007943 [Dark-edged Bee-fly], NHMSYS0020309271 [Box Bug]`"
**ST635768**,"`NBNSYS0000012420, NBNSYS0100000402`"
**ST635769**,"`NBNSYS0000025276 [Wood-Boring Weevil], NHMSYS0000876221 [Brown Tree Ant], NHMSYS0020920014`"
**ST635772**,`NHMSYS0000462335 [Japanese Knotweed]`
**ST635785**,"`NHMSYS0000530309 [Woodpigeon(2)], NHMSYS0000530761 [Magpie]`"
**ST63587562**,"`NBNSYS0000008319 [2-spot Ladybird], NHMSYS0020528292 [Atlantic Shelled Slug]`"
**ST63587563**,`NHMSYS0020309530`
**ST63597563**,"`NBNSYS0000006727 [Leopard Slug], NBNSYS0000006832 [Slender Ground-hopper]`"
**ST63657322**,`NHMSYS0020705811 [Cuckoo-Spit Insect]`
**ST636754**,`NBNSYS0000006951`
**ST636759**,"`NBNSYS0000006825 [Speckled Bush-cricket], NBNSYS0000006842 [Field Grasshopper], NBNSYS0000007943 [Dark-edged Bee-fly], NHMSYS0000712592 [Harlequin Ladybird(2)], NHMSYS0020109266 [Green Shieldbug], NHMSYS0020302075, NHMSYS0020309144, NHMSYS0020326925, NHMSYS0020920014`"
**ST636761**,`NHMSYS0020705811 [Cuckoo-Spit Insect]`
**ST636769**,`NBNSYS0000008324 [7-spot Ladybird]`
**ST636770**,`NHMSYS0020309851`
**ST63677640**,`NHMSYS0000876509 [Red Mason Bee]`
**ST63677690**,`NBNSYS0000008324 [7-spot Ladybird]`
**ST636785**,"`NHMSYS0000530225 [Buzzard(3)], NHMSYS0000530309 [Woodpigeon], NHMSYS0000530315 [Carrion Crow]`"
**ST6370**,`NHMSYS0000528028 [Daubenton's Bat(4)]`
**ST63707394**,`NHMSYS0000875564 [Tree Bumblebee]`
**ST6371**,"`NBNSYS0000006867, NBNSYS0000006916 [Marmalade Hoverfly], NBNSYS0000007052, NBNSYS0000007057, NBNSYS0000008324 [7-spot Ladybird], NBNSYS0000008330 [14-spot Ladybird], NBNSYS0100002025 [Gypsy Cuckoo Bee(4)], NBNSYS0100002028 [Hill Cuckoo Bee], NBNSYS0100002030 [Vestal Cuckoo Bee(5)], NHMSYS0000376160 [Bat(10)], NHMSYS0000528028 [Daubenton's Bat(21)], NHMSYS0000875056 [Mining bee(7)], NHMSYS0000875177 [Ashy Mining Bee(3)], NHMSYS0000875207 [Tawny Mining Bee], NHMSYS0000875215 [Orange-tailed Mining Bee(2)], NHMSYS0000875268 [Chocolate Mining Bee(3)], NHMSYS0000875274 [Buff-banded Mining Bee], NHMSYS0000875407 [Hairy-footed Flower Bee(2)], NHMSYS0000875423 [Western Honey Bee(180)], NHMSYS0000875470 [Bumblebee(93)], NHMSYS0000875562 [Small Garden Bumblebee(12)], NHMSYS0000875564 [Tree Bumblebee(7)], NHMSYS0000875567 [Red-tailed Bumblebee(34)], NHMSYS0000875576 [Common Carder Bee(158)], NHMSYS0000875578 [Early Bumblebee(61)], NHMSYS0000875595 [Buff-tailed Bumblebee(106)], NHMSYS0000875685, NHMSYS0000876008(3), NHMSYS0000876128(3), NHMSYS0000876278, NHMSYS0000876295 [Patchwork Leafcutter Bee(3)], NHMSYS0000876303 [Willughby's Leafcutter Bee(3)], NHMSYS0001387435 [Dark Bush-cricket(2)], NHMSYS0020772188 [White/Buff-tailed Bumblebee workers(60)], NHMSYS0020936546(5), NHMSYS0020976950 [Potato Capsid], NHMSYS0021583970 [Meadow Grasshopper]`"
**ST63717688**,`NBNSYS0000008324 [7-spot Ladybird]`
**ST6372**,"`NBNSYS0000000009 [Canada Goose], NBNSYS0000000037 [Lesser Black-backed Gull], NBNSYS0100005893(2), NHMSYS0000344179 [Blue-tailed Damselfly], NHMSYS0000530633 [Blackcap], NHMSYS0000730335 [Castor Bean Tick], NHMSYS0001593774(2), NHMSYS0020962539 [Black-headed Gull]`"
**ST63727540**,`NHMSYS0020109262`
**ST6373**,"`NBNSYS0000000037 [Lesser Black-backed Gull], NBNSYS0000008324 [7-spot Ladybird], NHMSYS0000376160 [Bat], NHMSYS0000530133 [Long-tailed Tit(2)], NHMSYS0000530309 [Woodpigeon(2)], NHMSYS0000530374 [Jay], NHMSYS0000530533 [Great Tit(2)], NHMSYS0000530579 [Goldcrest], NHMSYS0000530628 [Starling], NHMSYS0000530633 [Blackcap(3)], NHMSYS0000530674 [Blackbird(2)], NHMSYS0000530739 [Robin], NHMSYS0000730335 [Castor Bean Tick], NHMSYS0001688296 [Blue Tit(9)], NHMSYS0001688300 [Coal Tit(3)], NHMSYS0020528291 [Sowerby's Keeled Slug], NHMSYS0020962539 [Black-headed Gull]`"
**ST63737689**,`NBNSYS0000008324 [7-spot Ladybird]`
**ST6374**,"`NBNSYS0000008041(2), NBNSYS0000011857, NBNSYS0000011938, NBNSYS0000012026, NBNSYS0000012040, NBNSYS0000012049, NBNSYS0000012075, NBNSYS0000012076, NBNSYS0000030616(2), NBNSYS0000100033(2), NBNSYS0000136578 [Pipistrelle Bat species(2)], NHMSYS0020001355 [Common Pipistrelle(3)], NHMSYS0021953285`"
**ST6375**,"`NBNSYS0000000038 [Herring Gull], NBNSYS0000012091, NHMSYS0000530633 [Blackcap]`"
**ST63757687**,`NBNSYS0000008324 [7-spot Ladybird]`
**ST63757688**,`NBNSYS0000008324 [7-spot Ladybird]`
**ST63757718**,`NBNSYS0000003322 [Raspberry]`
**ST6376**,"`NBNSYS0000005617 [Banded Demoiselle], NBNSYS0000011644, NHMSYS0000080184 [Natterer's Bat], NHMSYS0000080191 [Badger], NHMSYS0000080210 [Wood Mouse], NHMSYS0000332764 [Grey Squirrel], NHMSYS0000376160 [Bat(18)], NHMSYS0000528028 [Daubenton's Bat(24)], NHMSYS0000530120 [Sparrowhawk], NHMSYS0000530289 [Dipper], NHMSYS0000530533 [Great Tit(2)], NHMSYS0000530678 [Song Thrush(3)], NHMSYS0001706186 [Common Lizard(2)], NHMSYS0021002985 [Greenfinch(2)]`"
**ST6377**,"`NBNSYS0000040730 [Myotis Bat species], NBNSYS0100004720 [Soprano Pipistrelle], NHMSYS0000080159 [Common Toad], NHMSYS0000080186 [Noctule], NHMSYS0000332764 [Grey Squirrel], NHMSYS0000376160 [Bat(45)], NHMSYS0000528028 [Daubenton's Bat(50)], NHMSYS0000530331 [Great Spotted Woodpecker], NHMSYS0000530358 [Kestrel], NHMSYS0020001355 [Common Pipistrelle], NHMSYS0021949415 [Eurasian Serotine]`"
**ST637721**,`NBNSYS0000007942 [Dotted Bee-fly]`
**ST637723**,`NHMSYS0020309113`
**ST637744**,"`NBNSYS0000000024 [Moorhen], NHMSYS0000530133 [Long-tailed Tit], NHMSYS0000530309 [Woodpigeon(2)], NHMSYS0000530315 [Carrion Crow], NHMSYS0000530374 [Jay], NHMSYS0000530628 [Starling], NHMSYS0000530674 [Blackbird(2)], NHMSYS0000530739 [Robin], NHMSYS0000530761 [Magpie], NHMSYS0020213805(2), NHMSYS0020962539 [Black-headed Gull]`"
**ST637746**,"`NBNSYS0000012432(3), NBNSYS0000030409, NHMSYS0000873237 [Small Black Ant]`"
**ST637748**,`NHMSYS0000712592 [Harlequin Ladybird]`
**ST637749**,"`NBNSYS0000007054, NBNSYS0000007110, NHMSYS0000875423 [Western Honey Bee], NHMSYS0000875564 [Tree Bumblebee], NHMSYS0000875578 [Early Bumblebee]`"
**ST637750**,"`NBNSYS0000023136, NBNSYS0000030351 [Sheep-strike Greenbottle], NHMSYS0000873237 [Small Black Ant], NHMSYS0000875423 [Western Honey Bee], NHMSYS0000875578 [Early Bumblebee]`"
**ST637754**,"`NBNSYS0000006842 [Field Grasshopper], NBNSYS0000011544 [Rose Chafer], NBNSYS0000133089, NHMSYS0000712592 [Harlequin Ladybird], NHMSYS0000875423 [Western Honey Bee], NHMSYS0020151686 [Rosemary Beetle]`"
**ST637755**,`NHMSYS0000712592 [Harlequin Ladybird(3)]`
**ST637757**,`NBNSYS0000006842 [Field Grasshopper(2)]`
**ST637768**,"`NBNSYS0000006916 [Marmalade Hoverfly], NBNSYS0000008324 [7-spot Ladybird]`"
**ST637771**,`NBNSYS0000008463`
**ST637785**,"`NHMSYS0000530309 [Woodpigeon], NHMSYS0000530315 [Carrion Crow]`"
**ST6378**,"`NBNSYS0000000006 [Grey Heron], NBNSYS0000000037 [Lesser Black-backed Gull], NBNSYS0000000038 [Herring Gull(4)], NBNSYS0000005128 [Weasel], NBNSYS0000013830 [Knotty Shining Claw], NBNSYS0000013835 [Nest Chernes], NHMSYS0000080219 [Rabbit(3)], NHMSYS0000332764 [Grey Squirrel], NHMSYS0000530133 [Long-tailed Tit(2)], NHMSYS0000530159 [Meadow Pipit], NHMSYS0000530165 [Swift], NHMSYS0000530225 [Buzzard(2)], NHMSYS0000530247 [Goldfinch(3)], NHMSYS0000530309 [Woodpigeon(5)], NHMSYS0000530315 [Carrion Crow(5)], NHMSYS0000530329 [House Martin(3)], NHMSYS0000530331 [Great Spotted Woodpecker], NHMSYS0000530367 [Chaffinch(4)], NHMSYS0000530406 [Swallow(4)], NHMSYS0000530493 [Pied Wagtail(2)], NHMSYS0000530533 [Great Tit(5)], NHMSYS0000530537 [House Sparrow(5)], NHMSYS0000530621 [Collared Dove(4)], NHMSYS0000530628 [Starling(4)], NHMSYS0000530633 [Blackcap(4)], NHMSYS0000530671 [Wren(4)], NHMSYS0000530674 [Blackbird(5)], NHMSYS0000530678 [Song Thrush(4)], NHMSYS0000530682 [Mistle Thrush], NHMSYS0000530739 [Robin(5)], NHMSYS0000530749 [Chiffchaff(5)], NHMSYS0000530761 [Magpie(5)], NHMSYS0000530763 [Green Woodpecker], NHMSYS0000530790 [Dunnock(5)], NHMSYS0001688296 [Blue Tit(3)], NHMSYS0020962539 [Black-headed Gull], NHMSYS0021002985 [Greenfinch(5)], NHMSYS0021178877 [Jackdaw(5)]`"
**ST63787381**,`NHMSYS0000875564 [Tree Bumblebee]`
**ST63807713**,`NHMSYS0000875576 [Common Carder Bee]`
**ST63847719**,`NBNSYS0000008463`
**ST63857699**,`NBNSYS0000008324 [7-spot Ladybird]`
**ST638722**,"`NHMSYS0020308885 [Hawthorn Shieldbug], NHMSYS0020309624 [Red-legged Shieldbug], NHMSYS0020309817 [Forget-me-not Shieldbug]`"
**ST638723**,"`NBNSYS0000033260, NHMSYS0020109266 [Green Shieldbug], NHMSYS0020309777`"
**ST638752**,`NHMSYS0000875564 [Tree Bumblebee]`
**ST638761**,"`NHMSYS0000712592 [Harlequin Ladybird], NHMSYS0001688296 [Blue Tit]`"
**ST638771**,`NBNSYS0000033009 [White-clawed Crayfish]`
**ST638772**,"`NHMSYS0000530141 [Kingfisher], NHMSYS0000530739 [Robin], NHMSYS0000712592 [Harlequin Ladybird], NHMSYS0001688300 [Coal Tit], NHMSYS0020213805`"
**ST63877252**,`NBNSYS0000005645 [Common Darter]`
**ST638785**,`NHMSYS0000530674 [Blackbird]`
**ST6392773764**,`NBNSYS0000006727 [Leopard Slug]`
**ST63937257**,`NHMSYS0020528155 [Netted Field Slug]`
**ST63947231**,`NBNSYS0000005602 [Common Blue Damselfly]`
**ST63957387**,`NHMSYS0000875576 [Common Carder Bee]`
**ST63957388**,"`NBNSYS0000005599 [Large Red Damselfly(8)], NBNSYS0000005606 [Azure Damselfly], NBNSYS0000005626 [Southern Hawker(2)], NBNSYS0000005645 [Common Darter], NBNSYS0000006446(3), NBNSYS0000006842 [Field Grasshopper], NBNSYS0000006871, NBNSYS0000006912, NBNSYS0000006959, NBNSYS0000007052, NBNSYS0000007054, NBNSYS0000007061 [Batman Hoverfly], NBNSYS0000007110, NBNSYS0000007829 [Twin-spot Centurion], NBNSYS0000007943 [Dark-edged Bee-fly], NBNSYS0000008324 [7-spot Ladybird(2)], NBNSYS0000008330 [14-spot Ladybird(3)], NBNSYS0000011321 [Cabbage-stem Flea Beetle], NHMSYS0000712592 [Harlequin Ladybird(2)], NHMSYS0000875407 [Hairy-footed Flower Bee], NHMSYS0000876509 [Red Mason Bee], NHMSYS0020109266 [Green Shieldbug], NHMSYS0020151188, NHMSYS0020309142(2), NHMSYS0020309684, NHMSYS0020309777(2), NHMSYS0020480783 [Common Rose Fusehorn(2)], NHMSYS0020482173 [Iris Sawfly(3)], NHMSYS0020705811 [Cuckoo-Spit Insect(3)]`"
**ST63967229**,`NHMSYS0020309616`
**ST63967264**,`NBNSYS0000005599 [Large Red Damselfly]`
**ST63967267**,`NBNSYS0000005606 [Azure Damselfly(2)]`
**ST63967388**,`NBNSYS0000008324 [7-spot Ladybird]`
**ST639723**,"`NBNSYS0000007098 [Hornet Hoverfly], NBNSYS0000008330 [14-spot Ladybird], NBNSYS0000011116 [Lily Beetle], NBNSYS0000136580, NHMSYS0001387418 [Oak Bush-cricket], NHMSYS0020109255 [Dock Bug], NHMSYS0020109258, NHMSYS0020109266 [Green Shieldbug], NHMSYS0020109271 [Timothy Grassbug], NHMSYS0020153335, NHMSYS0020308885 [Hawthorn Shieldbug], NHMSYS0020309113(2), NHMSYS0020309177 [Hairy Shieldbug], NHMSYS0020309200 [Parent Bug], NHMSYS0020309616, NHMSYS0020309624 [Red-legged Shieldbug], NHMSYS0020309851, NHMSYS0020705811 [Cuckoo-Spit Insect]`"
**ST639725**,"`NBNSYS0000007061 [Batman Hoverfly], NBNSYS0000008319 [2-spot Ladybird]`"
**ST639726**,"`NBNSYS0000006446(2), NBNSYS0000007816 [Four-barred Major], NBNSYS0000008329 [Cream-spot Ladybird], NBNSYS0000011116 [Lily Beetle], NBNSYS0000133073, NHMSYS0000332764 [Grey Squirrel], NHMSYS0000530309 [Woodpigeon], NHMSYS0000530315 [Carrion Crow], NHMSYS0020109255 [Dock Bug], NHMSYS0020151609 [Thistle Tortoise Beetle], NHMSYS0020213805, NHMSYS0020309225 [Cabbage Bug], NHMSYS0020480658 [Red-belted Cleaver], NHMSYS0021196425`"
**ST639727**,`NHMSYS0000530533 [Great Tit]`
**ST639728**,"`NBNSYS0000006867, NBNSYS0000007052, NBNSYS0000007061 [Batman Hoverfly], NBNSYS0000008324 [7-spot Ladybird], NHMSYS0020109255 [Dock Bug]`"
**ST639729**,"`NBNSYS0000006446, NHMSYS0020109270`"
**ST639732**,`NHMSYS0000530671 [Wren]`
**ST639733**,`NHMSYS0020962539 [Black-headed Gull]`
**ST639766**,`NBNSYS0000007069 [Greater Bulb-Fly]`
**ST639782**,`NHMSYS0000875564 [Tree Bumblebee]`
**ST639784**,"`NHMSYS0000530315 [Carrion Crow(5)], NHMSYS0021178877 [Jackdaw]`"
**ST64007357**,`NHMSYS0000712592 [Harlequin Ladybird]`
**ST64017295**,`NHMSYS0020528135 [White-lipped Snail]`
**ST64017296**,`NHMSYS0001702050 [Girdled Snail]`
**ST64047588**,"`NBNSYS0000007943 [Dark-edged Bee-fly], NHMSYS0001701949 [Brown-lipped Snail], NHMSYS0020528291 [Sowerby's Keeled Slug]`"
**ST64047589**,`NBNSYS0000011523`
**ST64057408**,`NHMSYS0000712592 [Harlequin Ladybird]`
**ST640726**,"`NBNSYS0000003322 [Raspberry], NBNSYS0000006446`"
**ST640727**,"`NHMSYS0001387435 [Dark Bush-cricket], NHMSYS0001688296 [Blue Tit]`"
**ST640728**,"`NBNSYS0000008324 [7-spot Ladybird], NHMSYS0000530315 [Carrion Crow], NHMSYS0020109266 [Green Shieldbug], NHMSYS0020109270, NHMSYS0020962539 [Black-headed Gull]`"
**ST640729**,"`NBNSYS0000007001, NBNSYS0000007061 [Batman Hoverfly], NBNSYS0000008289 [24-spot Ladybird], NBNSYS0000008330 [14-spot Ladybird], NHMSYS0000530309 [Woodpigeon(2)], NHMSYS0000530533 [Great Tit], NHMSYS0000530739 [Robin], NHMSYS0000530761 [Magpie(2)], NHMSYS0001688296 [Blue Tit], NHMSYS0020109262`"
**ST640730**,"`NHMSYS0000530309 [Woodpigeon], NHMSYS0000530315 [Carrion Crow], NHMSYS0000530533 [Great Tit], NHMSYS0000530628 [Starling], NHMSYS0000530671 [Wren], NHMSYS0000530674 [Blackbird], NHMSYS0000530761 [Magpie]`"
**ST640731**,"`NBNSYS0000006864, NHMSYS0000530309 [Woodpigeon(7)], NHMSYS0000530761 [Magpie(4)], NHMSYS0020309225 [Cabbage Bug]`"
**ST640732**,"`NBNSYS0000003322 [Raspberry], NBNSYS0000007098 [Hornet Hoverfly], NHMSYS0000530309 [Woodpigeon], NHMSYS0000530761 [Magpie]`"
**ST640733**,"`NHMSYS0000530309 [Woodpigeon(2)], NHMSYS0000530761 [Magpie], NHMSYS0001387435 [Dark Bush-cricket]`"
**ST640734**,"`NHMSYS0000530309 [Woodpigeon], NHMSYS0000530315 [Carrion Crow]`"
**ST640737**,"`NBNSYS0000006842 [Field Grasshopper], NBNSYS0000007095, NBNSYS0000137537`"
**ST640738**,"`NBNSYS0000006456, NBNSYS0000006825 [Speckled Bush-cricket(2)], NBNSYS0000007115, NBNSYS0000007943 [Dark-edged Bee-fly], NBNSYS0000011206 [Alder Leaf Beetle], NHMSYS0020109262, NHMSYS0020309624 [Red-legged Shieldbug]`"
**ST640753**,`NHMSYS0021056362 [Great Pond Snail]`
**ST640757**,`NHMSYS0001501570`
**ST640758**,"`NBNSYS0000024323 [Fan-bearing Wood-borer], NBNSYS0000024370, NHMSYS0020705811 [Cuckoo-Spit Insect]`"
**ST6409377240**,"`NBNSYS0000188599 [European Eel], NBNSYS0000188607 [Brown/Sea Trout]`"
**ST64097381**,`NHMSYS0020528153 [Common Garden Snail]`
**ST64107363**,`NHMSYS0001701949 [Brown-lipped Snail]`
**ST64107378**,`NHMSYS0001701949 [Brown-lipped Snail]`
**ST64107379**,`NHMSYS0020528153 [Common Garden Snail]`
**ST64107380**,"`NBNSYS0000005599 [Large Red Damselfly], NHMSYS0001702050 [Girdled Snail], NHMSYS0020528153 [Common Garden Snail]`"
**ST64117379**,`NBNSYS0000005599 [Large Red Damselfly]`
**ST64117380**,`NHMSYS0001702244 [Strawberry Snail]`
**ST64117725**,"`NBNSYS0000188599 [European Eel], NBNSYS0000188607 [Brown/Sea Trout], NHMSYS0020755076 [Bullhead]`"
**ST64137700**,`NHMSYS0020528135 [White-lipped Snail]`
**ST64147590**,`NHMSYS0000875423 [Western Honey Bee]`
**ST64157590**,`NBNSYS0000011544 [Rose Chafer]`
**ST641727**,`NHMSYS0000530761 [Magpie]`
**ST641737**,"`NBNSYS0000007061 [Batman Hoverfly], NBNSYS0000007943 [Dark-edged Bee-fly], NHMSYS0000876223 [Yellow Meadow Ant]`"
**ST641738**,"`NBNSYS0000006446, NBNSYS0000006842 [Field Grasshopper], NBNSYS0000006912, NBNSYS0000006951, NBNSYS0000007054, NBNSYS0000007098 [Hornet Hoverfly(2)], NBNSYS0000007110(2), NBNSYS0000008334 [22-spot Ladybird]`"
**ST641744**,`NHMSYS0020476639 [Western Conifer Seed Bug(2)]`
**ST641772**,`NBNSYS0000033009 [White-clawed Crayfish]`
**ST642755**,"`NBNSYS0000000038 [Herring Gull], NHMSYS0000530315 [Carrion Crow], NHMSYS0000530374 [Jay], NHMSYS0000530493 [Pied Wagtail], NHMSYS0000530537 [House Sparrow], NHMSYS0000530628 [Starling], NHMSYS0000530761 [Magpie(2)], NHMSYS0020962539 [Black-headed Gull]`"
**ST642773**,"`NBNSYS0000188599 [European Eel(2)], NBNSYS0000188612 [Three-spined Stickleback], NHMSYS0000544671 [Pike], NHMSYS0000544675 [Gudgeon], NHMSYS0000544718 [Perch], NHMSYS0000544721 [Minnow], NHMSYS0000544738 [Roach]`"
**ST64287753**,`NBNSYS0000006456`
**ST64317459**,`NHMSYS0000875564 [Tree Bumblebee]`
**ST64327763**,`NBNSYS0000006727 [Leopard Slug]`
**ST64337788**,`NHMSYS0020705811 [Cuckoo-Spit Insect]`
**ST643744**,`NHMSYS0000530247 [Goldfinch]`
**ST643775**,"`NBNSYS0000005606 [Azure Damselfly], NBNSYS0000005616 [Beautiful Demoiselle], NBNSYS0000005617 [Banded Demoiselle], NHMSYS0000344179 [Blue-tailed Damselfly]`"
**ST643776**,"`NBNSYS0000005616 [Beautiful Demoiselle], NBNSYS0000005626 [Southern Hawker]`"
**ST643777**,"`NBNSYS0000006825 [Speckled Bush-cricket], NBNSYS0000007307, NBNSYS0000008318 [16-spot Ladybird], NHMSYS0000530266 [Treecreeper], NHMSYS0000530309 [Woodpigeon], NHMSYS0000530533 [Great Tit], NHMSYS0000530633 [Blackcap], NHMSYS0000530671 [Wren], NHMSYS0000530674 [Blackbird], NHMSYS0000530739 [Robin], NHMSYS0000530790 [Dunnock], NHMSYS0001688296 [Blue Tit], NHMSYS0020919957, NHMSYS0021311347 [Lesser Whitethroat], NHMSYS0021898013 [Common Earwig]`"
**ST64387536**,`NHMSYS0020705811 [Cuckoo-Spit Insect]`
**ST64387758**,`NBNSYS0000011206 [Alder Leaf Beetle]`
**ST64427766**,`NBNSYS0000009343 [Red Ant]`
**ST644739**,`NHMSYS0000530309 [Woodpigeon]`
**ST644765**,"`NHMSYS0000875567 [Red-tailed Bumblebee], NHMSYS0000875576 [Common Carder Bee(2)], NHMSYS0000875595 [Buff-tailed Bumblebee], NHMSYS0000876174 [Common Furrow Bee]`"
**ST644770**,`NHMSYS0001719551`
**ST644775**,"`NBNSYS0000005616 [Beautiful Demoiselle], NBNSYS0000005617 [Banded Demoiselle], NHMSYS0000344179 [Blue-tailed Damselfly]`"
**ST644776**,"`NBNSYS0000003189 [Himalayan Balsam], NBNSYS0000005598 [White-legged Damselfly], NBNSYS0000005599 [Large Red Damselfly(2)], NBNSYS0000005606 [Azure Damselfly], NBNSYS0000005616 [Beautiful Demoiselle(3)], NBNSYS0000005617 [Banded Demoiselle(2)], NBNSYS0000005626 [Southern Hawker], NBNSYS0000005645 [Common Darter(2)], NHMSYS0000344179 [Blue-tailed Damselfly]`"
**ST644777**,"`NBNSYS0000188599 [European Eel(3)], NBNSYS0000188612 [Three-spined Stickleback(2)], NHMSYS0000544675 [Gudgeon(2)], NHMSYS0000544721 [Minnow(2)], NHMSYS0020755076 [Bullhead]`"
**ST64517546**,`NHMSYS0020959410`
**ST64547399**,`NBNSYS0000008324 [7-spot Ladybird]`
**ST64547400**,`NHMSYS0020302077`
**ST64547577**,`NHMSYS0000712592 [Harlequin Ladybird]`
**ST64547578**,`NHMSYS0000712592 [Harlequin Ladybird]`
**ST64557401**,`NHMSYS0000712592 [Harlequin Ladybird]`
**ST645740**,"`NBNSYS0000000037 [Lesser Black-backed Gull], NHMSYS0000530165 [Swift], NHMSYS0000530309 [Woodpigeon], NHMSYS0000712592 [Harlequin Ladybird]`"
**ST645741**,"`NBNSYS0000000037 [Lesser Black-backed Gull], NHMSYS0000530165 [Swift], NHMSYS0000530247 [Goldfinch(3)], NHMSYS0000530761 [Magpie], NHMSYS0020213805(2)`"
**ST645765**,"`NHMSYS0000875423 [Western Honey Bee], NHMSYS0000875567 [Red-tailed Bumblebee], NHMSYS0000875576 [Common Carder Bee]`"
**ST645766**,"`NBNSYS0000007057, NHMSYS0000875423 [Western Honey Bee(3)], NHMSYS0000875576 [Common Carder Bee(2)]`"
**ST645767**,"`NBNSYS0000007054, NHMSYS0000875576 [Common Carder Bee]`"
**ST64627573**,"`NHMSYS0000875564 [Tree Bumblebee], NHMSYS0020109266 [Green Shieldbug], NHMSYS0020528110 [Brown Soil Slug], NHMSYS0020528120, NHMSYS0020528153 [Common Garden Snail]`"
**ST646740**,`NHMSYS0000530315 [Carrion Crow]`
**ST646766**,`NHMSYS0000875423 [Western Honey Bee]`
**ST646767**,"`NBNSYS0000006867, NBNSYS0000006916 [Marmalade Hoverfly], NBNSYS0000007110, NHMSYS0000712592 [Harlequin Ladybird], NHMSYS0000875423 [Western Honey Bee], NHMSYS0000875562 [Small Garden Bumblebee], NHMSYS0000875576 [Common Carder Bee(2)], NHMSYS0000875578 [Early Bumblebee(2)], NHMSYS0000875595 [Buff-tailed Bumblebee], NHMSYS0020152556`"
**ST646768**,`NBNSYS0000008324 [7-spot Ladybird]`
**ST646770**,"`NBNSYS0000024881 [Red-headed Cardinal Beetle], NHMSYS0020705811 [Cuckoo-Spit Insect]`"
**ST64697704**,`NHMSYS0020705811 [Cuckoo-Spit Insect]`
**ST6473**,"`NHMSYS0000530165 [Swift], NHMSYS0000530362 [Pied Flycatcher], NHMSYS0000530493 [Pied Wagtail], NHMSYS0000530674 [Blackbird], NHMSYS0020001355 [Common Pipistrelle], NHMSYS0020962539 [Black-headed Gull]`"
**ST6474**,"`NHMSYS0000530165 [Swift], NHMSYS0000530628 [Starling(2)]`"
**ST6476**,"`NBNSYS0000000037 [Lesser Black-backed Gull], NHMSYS0000530247 [Goldfinch], NHMSYS0000530309 [Woodpigeon(2)], NHMSYS0000530367 [Chaffinch], NHMSYS0000530533 [Great Tit(7)], NHMSYS0000530537 [House Sparrow], NHMSYS0000530579 [Goldcrest], NHMSYS0000530628 [Starling(4)], NHMSYS0000530633 [Blackcap], NHMSYS0000530674 [Blackbird(8)], NHMSYS0000530678 [Song Thrush], NHMSYS0000530679 [Fieldfare], NHMSYS0000530739 [Robin(8)], NHMSYS0000530749 [Chiffchaff], NHMSYS0000530790 [Dunnock(10)], NHMSYS0000712592 [Harlequin Ladybird], NHMSYS0001483401 [Pear Rust], NHMSYS0001688296 [Blue Tit(16)], NHMSYS0001688300 [Coal Tit(3)], NHMSYS0021002985 [Greenfinch(16)]`"
**ST6477**,"`NBNSYS0000000006 [Grey Heron], NBNSYS0000002185 [Bluebell], NBNSYS0000002246 [Field Wood-rush], NBNSYS0000002442 [Hairy Sedge], NBNSYS0000002527 [Perennial Rye-grass], NBNSYS0000002544 [Annual Meadow-grass], NBNSYS0000002550 [Wood Meadow-grass], NBNSYS0000002556 [Spreading Meadow-grass], NBNSYS0000002561 [Cock's-foot], NBNSYS0000002563 [Crested Dog's-tail], NBNSYS0000002565 [Quaking-grass], NBNSYS0000002594 [Bearded Couch], NBNSYS0000002619 [Yorkshire-fog], NBNSYS0000002638 [Common Bent], NBNSYS0000002640 [Creeping Bent], NBNSYS0000002656 [Meadow Foxtail], NBNSYS0000002667 [Sweet Vernal-grass], NBNSYS0000002708 [Meadow Buttercup], NBNSYS0000002709 [Creeping Buttercup], NBNSYS0000002710 [Bulbous Buttercup], NBNSYS0000002872 [Cuckooflower], NBNSYS0000003157 [Cut-leaved Crane's-bill], NBNSYS0000003159 [Dove's-foot Crane's-bill], NBNSYS0000003189 [Himalayan Balsam], NBNSYS0000003191 [Sycamore], NBNSYS0000003194 [Holly], NBNSYS0000003231 [Red Clover], NBNSYS0000003247 [White Clover], NBNSYS0000003252 [Lesser Trefoil], NBNSYS0000003258 [Common Bird's-foot-trefoil], NBNSYS0000003301 [Meadow Vetchling], NBNSYS0000003328 [Bramble], NBNSYS0000003339 [Barren Strawberry], NBNSYS0000003341 [Silverweed], NBNSYS0000003354 [Creeping Cinquefoil], NBNSYS0000003366 [Agrimony], NBNSYS0000003412 [Blackthorn], NBNSYS0000003417 [Wild Cherry], NBNSYS0000003430 [Hawthorn], NBNSYS0000003536 [Great Willowherb], NBNSYS0000003641 [Cow Parsley], NBNSYS0000003681 [Pignut], NBNSYS0000003778 [Common Sorrel], NBNSYS0000003807 [Common Nettle], NBNSYS0000003812 [English Elm], NBNSYS0000003827 [Silver Birch], NBNSYS0000003839 [Hazel], NBNSYS0000003840 [Beech], NBNSYS0000003844 [Evergreen Oak], NBNSYS0000003845 [Pedunculate Oak], NBNSYS0000003949 [Ash], NBNSYS0000004022 [Field Bindweed], NBNSYS0000004079 [Water Figwort], NBNSYS0000004096 [Brooklime], NBNSYS0000004104 [Germander Speedwell], NBNSYS0000004112 [Thyme-leaved Speedwell], NBNSYS0000004225 [Selfheal], NBNSYS0000004269 [Bugle], NBNSYS0000004275 [Ribwort Plantain], NBNSYS0000004309 [Lady's Bedstraw], NBNSYS0000004324 [Elder], NBNSYS0000004352 [Devil's-bit Scabious], NBNSYS0000004445 [Daisy], NBNSYS0000004451 [Yarrow], NBNSYS0000004464 [Oxeye Daisy], NBNSYS0000004491 [Marsh Thistle], NBNSYS0000004492 [Creeping Thistle], NBNSYS0000004518 [Cat's-ear], NBNSYS0000004572 [Beaked Hawk's-beard], NBNSYS0000004640 [Male-fern], NBNSYS0000004689 [Soft-brome], NBNSYS0000006546 [Silver Y], NBNSYS0000006825 [Speckled Bush-cricket(2)], NBNSYS0000011811, NBNSYS0000012036, NBNSYS0000014362 [Wild Carrot], NBNSYS0000024254, NHMSYS0000345555 [Black-poplar], NHMSYS0000376160 [Bat(6)], NHMSYS0000456850 [Glaucous Sedge], NHMSYS0000457067, NHMSYS0000458790 [Red Fescue], NHMSYS0000459860 [Square-stalked St John's-wort], NHMSYS0000460364 [Common Sea-lavender], NHMSYS0000461280 [Mouse-ear-hawkweed], NHMSYS0000461810 [Smooth Meadow-grass], NHMSYS0000462217 [Sessile Oak], NHMSYS0000464009 [Common Chickweed], NHMSYS0000464161 [Dandelion], NHMSYS0000464618 [Yellow Oat-grass], NHMSYS0000464701 [Wych Elm], NHMSYS0000502012 [Meadow Grass-moth], NHMSYS0000516660 [Common Blue], NHMSYS0000528028 [Daubenton's Bat(5)], NHMSYS0000530362 [Pied Flycatcher], NHMSYS0001688296 [Blue Tit], NHMSYS0001754450 [Lime], NHMSYS0021232322 [Common Knapweed], NHMSYS0021241522 [Common Ragwort], NHMSYS0021872397 [Fool's Water-Cress], NHMSYS0021898013 [Common Earwig], NHMSYS0100001603 [Lesser Celandine]`"
**ST647738**,`NHMSYS0000530493 [Pied Wagtail(2)]`
**ST64797416**,`NHMSYS0000712592 [Harlequin Ladybird]`
**ST649749**,`NHMSYS0000530309 [Woodpigeon]`
**ST649757**,`NBNSYS0000008334 [22-spot Ladybird]`
**ST650757**,`NBNSYS0000008324 [7-spot Ladybird]`
**ST6575**,`NBNSYS0000007942 [Dotted Bee-fly]`
**ST67**,#VALUE!
**ST67A**,"`NBNSYS0000002022 [Field Horsetail], NBNSYS0000002031 [Bracken(2)], NBNSYS0000002054 [Lady-fern], NBNSYS0000002074 [Hard Shield-fern], NBNSYS0000002196 [Wild Onion(2)], NBNSYS0000002200 [Rosy Garlic], NBNSYS0000002205 [Ramsons], NBNSYS0000002220 [Hard Rush], NBNSYS0000002268 [Stinking Iris(2)], NBNSYS0000002269 [Yellow Iris], NBNSYS0000002351 [Lords-and-Ladies(2)], NBNSYS0000002381 [Sea Club-rush], NBNSYS0000002442 [Hairy Sedge], NBNSYS0000002483 [Remote Sedge], NBNSYS0000002527 [Perennial Rye-grass(2)], NBNSYS0000002544 [Annual Meadow-grass(2)], NBNSYS0000002550 [Wood Meadow-grass], NBNSYS0000002554, NBNSYS0000002556 [Spreading Meadow-grass], NBNSYS0000002557 [Rough Meadow-grass], NBNSYS0000002561 [Cock's-foot(2)], NBNSYS0000002563 [Crested Dog's-tail], NBNSYS0000002565 [Quaking-grass], NBNSYS0000002575 [Barren Brome], NBNSYS0000002600 [Wall Barley], NBNSYS0000002619 [Yorkshire-fog], NBNSYS0000002638 [Common Bent], NBNSYS0000002639 [Black Bent], NBNSYS0000002640 [Creeping Bent], NBNSYS0000002643 [Water Bent], NBNSYS0000002656 [Meadow Foxtail], NBNSYS0000002667 [Sweet Vernal-grass], NBNSYS0000002669 [Reed Canary-grass], NBNSYS0000002684 [Hairy Finger-grass], NBNSYS0000002693 [Stinking Hellebore], NBNSYS0000002704 [Traveller's-joy(2)], NBNSYS0000002708 [Meadow Buttercup], NBNSYS0000002709 [Creeping Buttercup(2)], NBNSYS0000002710 [Bulbous Buttercup(2)], NBNSYS0000002742 [Columbine], NBNSYS0000002769 [Opium Poppy], NBNSYS0000002808 [Charlock], NBNSYS0000002812 [Perennial Wall-rocket], NBNSYS0000002833 [Dittander], NBNSYS0000002837 [Hoary Cress(2)], NBNSYS0000002854 [Danish Scurvygrass], NBNSYS0000002855 [English Scurvygrass], NBNSYS0000002872 [Cuckooflower], NBNSYS0000002876 [Hairy Bitter-cress(2)], NBNSYS0000002893 [Watercress], NBNSYS0000002906 [Hedge Mustard], NBNSYS0000002909 [Eastern Rocket], NBNSYS0000002919 [Weld], NBNSYS0000002924 [Sweet Violet], NBNSYS0000002957 [Perforate St John's-wort(2)], NBNSYS0000002967 [Hairy St John's-wort], NBNSYS0000003022 [Common Mouse-ear], NBNSYS0000003023 [Sticky Mouse-ear], NBNSYS0000003091, NBNSYS0000003112 [Spear-leaved Orache], NBNSYS0000003131 [Common Mallow(2)], NBNSYS0000003145 [Fairy Flax], NBNSYS0000003157 [Cut-leaved Crane's-bill], NBNSYS0000003158 [Round-leaved Crane's-bill], NBNSYS0000003159 [Dove's-foot Crane's-bill], NBNSYS0000003161 [Shining Crane's-bill], NBNSYS0000003162 [Herb-Robert(2)], NBNSYS0000003191 [Sycamore(2)], NBNSYS0000003192 [Norway Maple], NBNSYS0000003193 [Field Maple], NBNSYS0000003194 [Holly], NBNSYS0000003197 [Box], NBNSYS0000003198 [Buckthorn], NBNSYS0000003215 [Common Restharrow], NBNSYS0000003217 [Spiny Restharrow], NBNSYS0000003221 [Lucerne], NBNSYS0000003222 [Black Medick], NBNSYS0000003226 [Tall Melilot], NBNSYS0000003231 [Red Clover], NBNSYS0000003233 [Zigzag Clover], NBNSYS0000003247 [White Clover(2)], NBNSYS0000003252 [Lesser Trefoil], NBNSYS0000003258 [Common Bird's-foot-trefoil], NBNSYS0000003283 [Tufted Vetch], NBNSYS0000003290 [Bush Vetch], NBNSYS0000003301 [Meadow Vetchling], NBNSYS0000003305 [Broad-leaved Everlasting-pea], NBNSYS0000003316 [Meadowsweet], NBNSYS0000003322 [Raspberry], NBNSYS0000003326, NBNSYS0000003328 [Bramble(2)], NBNSYS0000003339 [Barren Strawberry], NBNSYS0000003354 [Creeping Cinquefoil(2)], NBNSYS0000003358 [Wild Strawberry], NBNSYS0000003361 [Wood Avens], NBNSYS0000003366 [Agrimony], NBNSYS0000003412 [Blackthorn], NBNSYS0000003413 [Wild Plum], NBNSYS0000003416 [Cherry Plum], NBNSYS0000003417 [Wild Cherry], NBNSYS0000003420 [Cherry Laurel], NBNSYS0000003421 [Portugal Laurel], NBNSYS0000003430 [Hawthorn(2)], NBNSYS0000003463, NBNSYS0000003513 [Red Currant], NBNSYS0000003515 [Black Currant], NBNSYS0000003518 [Gooseberry], NBNSYS0000003536 [Great Willowherb], NBNSYS0000003546 [Broad-leaved Willowherb], NBNSYS0000003567 [Square-stalked Willowherb], NBNSYS0000003604 [Enchanter's-nightshade], NBNSYS0000003626 [Dogwood], NBNSYS0000003641 [Cow Parsley(2)], NBNSYS0000003646 [Upright Hedge-parsley], NBNSYS0000003652 [Alexanders], NBNSYS0000003655 [Hemlock(2)], NBNSYS0000003663 [Wild Celery], NBNSYS0000003682 [Burnet-saxifrage], NBNSYS0000003684 [Ground-elder], NBNSYS0000003693 [Hemlock Water-dropwort(2)], NBNSYS0000003709 [Wild Parsnip], NBNSYS0000003710 [Hogweed(2)], NBNSYS0000003721 [Dog's Mercury], NBNSYS0000003722 [Annual Mercury(2)], NBNSYS0000003732 [Sun Spurge], NBNSYS0000003733 [Petty Spurge], NBNSYS0000003743, NBNSYS0000003753 [Redshank], NBNSYS0000003778 [Common Sorrel], NBNSYS0000003789 [Curled Dock(2)], NBNSYS0000003791 [Broad-leaved Dock(2)], NBNSYS0000003796 [Wood Dock(2)], NBNSYS0000003807 [Common Nettle(2)], NBNSYS0000003836 [Grey Alder], NBNSYS0000003838 [Hornbeam], NBNSYS0000003839 [Hazel], NBNSYS0000003840 [Beech], NBNSYS0000003844 [Evergreen Oak], NBNSYS0000003845 [Pedunculate Oak], NBNSYS0000003849 [White Poplar], NBNSYS0000003859 [White Willow], NBNSYS0000003868 [Goat Willow], NBNSYS0000003926 [Cowslip], NBNSYS0000003933 [Sowbread], NBNSYS0000003949 [Ash(2)], NBNSYS0000003950 [Lilac], NBNSYS0000003951 [Wild Privet(2)], NBNSYS0000003952 [Garden Privet], NBNSYS0000003953 [Lesser Periwinkle], NBNSYS0000004012 [Field Forget-me-not], NBNSYS0000004022 [Field Bindweed], NBNSYS0000004046 [Great Mullein], NBNSYS0000004074 [Round-leaved Fluellen], NBNSYS0000004104 [Germander Speedwell], NBNSYS0000004112 [Thyme-leaved Speedwell(2)], NBNSYS0000004115 [Wall Speedwell], NBNSYS0000004120 [Ivy-leaved Speedwell(2)], NBNSYS0000004135 [Yellow-rattle], NBNSYS0000004138 [Common Cow-wheat], NBNSYS0000004164 [Red Bartsia], NBNSYS0000004180 [Ivy Broomrape(3)], NBNSYS0000004191 [Vervain], NBNSYS0000004203 [Spear Mint], NBNSYS0000004204 [Round-leaved Mint], NBNSYS0000004207 [Wild Marjoram], NBNSYS0000004225 [Selfheal], NBNSYS0000004236 [Hedge Woundwort], NBNSYS0000004243 [Red Dead-nettle], NBNSYS0000004244 [White Dead-nettle(2)], NBNSYS0000004257 [Ground-ivy], NBNSYS0000004273 [Greater Plantain], NBNSYS0000004274 [Hoary Plantain], NBNSYS0000004275 [Ribwort Plantain(2)], NBNSYS0000004276 [Sea Plantain], NBNSYS0000004309 [Lady's Bedstraw], NBNSYS0000004319 [Cleavers(2)], NBNSYS0000004324 [Elder(2)], NBNSYS0000004327 [Laurustinus], NBNSYS0000004333 [Honeysuckle], NBNSYS0000004337 [Common Cornsalad], NBNSYS0000004343 [Common Valerian], NBNSYS0000004346 [Red Valerian], NBNSYS0000004367 [Oxford Ragwort(2)], NBNSYS0000004371 [Groundsel(2)], NBNSYS0000004377 [Narrow-leaved Ragwort], NBNSYS0000004386 [Coltsfoot], NBNSYS0000004401 [Common Fleabane], NBNSYS0000004418 [Canadian Goldenrod], NBNSYS0000004445 [Daisy(2)], NBNSYS0000004446 [Hemp-agrimony], NBNSYS0000004451 [Yarrow(2)], NBNSYS0000004462 [Pineappleweed], NBNSYS0000004464 [Oxeye Daisy], NBNSYS0000004467 [Tansy(2)], NBNSYS0000004469 [Mugwort(2)], NBNSYS0000004490 [Spear Thistle(2)], NBNSYS0000004492 [Creeping Thistle], NBNSYS0000004515 [Nipplewort(2)], NBNSYS0000004518 [Cat's-ear], NBNSYS0000004523 [Rough Hawkbit], NBNSYS0000004527 [Goat's-beard], NBNSYS0000004534 [Prickly Lettuce(2)], NBNSYS0000004535 [Great Lettuce(2)], NBNSYS0000004543 [Smooth Sow-thistle], NBNSYS0000004544 [Prickly Sow-thistle], NBNSYS0000004572 [Beaked Hawk's-beard], NBNSYS0000004576 [Smooth Hawk's-beard], NBNSYS0000004580 [Horse-chestnut], NBNSYS0000004638 [Yew], NBNSYS0000004640 [Male-fern], NBNSYS0000004651 [Garden Grape-hyacinth], NBNSYS0000004652, NBNSYS0000004689 [Soft-brome], NBNSYS0000004760, NBNSYS0000014093 [Common Vetch], NBNSYS0000014362 [Wild Carrot(2)], NBNSYS0000014463, NBNSYS0000014838, NBNSYS0000014871 [Siberian Iris], NBNSYS0000034210 [Spotted-laurel], NBNSYS0000034355 [Argentinian Vervain], NBNSYS0000042604, NBNSYS0000142466 [Hart's-Tongue], NBNSYS0000146953 [Argentine Fleabane], NBNSYS0000146954 [Canadian Fleabane(2)], NBNSYS0000146958 [Guernsey Fleabane], NHMSYS0000455480 [Knotgrass], NHMSYS0000455754 [Garlic Mustard(2)], NHMSYS0000456023 [Monkey-puzzle], NHMSYS0000456029 [Lesser / Wood Burdock(2)], NHMSYS0000456083 [Horse-radish], NHMSYS0000456095 [False Oat-grass], NHMSYS0000456325 [Hedge Bindweed], NHMSYS0000456330 [Large Bindweed], NHMSYS0000456405 [American Winter-cress], NHMSYS0000456406 [Winter-cress], NHMSYS0000456587 [False-brome], NHMSYS0000456650 [Upright Brome], NHMSYS0000456655 [Hairy-brome], NHMSYS0000456713 [Butterfly-bush(2)], NHMSYS0000456781 [Shepherd's-purse(2)], NHMSYS0000456846 [Grey Sedge], NHMSYS0000456850 [Glaucous Sedge], NHMSYS0000456886 [Pendulous Sedge], NHMSYS0000456899 [Wood-sedge], NHMSYS0000456981 [Fern-grass], NHMSYS0000457002 [Deodar], NHMSYS0000457806 [Ivy-leaved Toadflax(2)], NHMSYS0000458258 [Cockspur], NHMSYS0000458335 [Sea Couch], NHMSYS0000458346 [Common Couch], NHMSYS0000458397 [American Willowherb], NHMSYS0000458402 [Short-fruited Willowherb], NHMSYS0000458403 [Hoary Willowherb], NHMSYS0000458626 [Evergreen Spindle], NHMSYS0000458715 [Black-bindweed], NHMSYS0000458868 [Fennel], NHMSYS0000458960 [Hedge Bedstraw], NHMSYS0000459718 [Hoary Mustard], NHMSYS0000459754 [Meadow Barley], NHMSYS0000460024 [Field Scabious], NHMSYS0000460452 [Wilson's Honeysuckle], NHMSYS0000460662 [White Melilot], NHMSYS0000460663 [Ribbed Melilot], NHMSYS0000460847 [daffodils], NHMSYS0000460933 [Water Cress], NHMSYS0000461024 [Timothy], NHMSYS0000461214 [Common Reed], NHMSYS0000461247 [Norway Spruce], NHMSYS0000461527 [Virginia-creeper], NHMSYS0000461565 [Green Alkanet], NHMSYS0000461716 [Austrian Pine], NHMSYS0000461810 [Smooth Meadow-grass], NHMSYS0000461949 [Soft Shield-fern], NHMSYS0000462067 [Primrose(2)], NHMSYS0000462136 [Common Saltmarsh-grass], NHMSYS0000462184 [Firethorn], NHMSYS0000462335 [Japanese Knotweed], NHMSYS0000462445 [Field-rose], NHMSYS0000462451, NHMSYS0000463273 [Tall Fescue], NHMSYS0000463276 [Meadow Fescue], NHMSYS0000463572 [White Campion], NHMSYS0000463855 [Common Cord-grass], NHMSYS0000464009 [Common Chickweed(2)], NHMSYS0000464104 [Snowberry], NHMSYS0000464161 [Dandelion(2)], NHMSYS0000464436 [Western Red-cedar], NHMSYS0000464606 [Scentless Mayweed], NHMSYS0000464618 [Yellow Oat-grass], NHMSYS0000464701 [Wych Elm], NHMSYS0000464707, NHMSYS0000464816 [Slender Speedwell], NHMSYS0000464828 [Common Field-speedwell], NHMSYS0000523323(2), NHMSYS0000530444 [Grasshopper Warbler], NHMSYS0000840823 [Giant Blackberry], NHMSYS0001754346, NHMSYS0001754398 [Montbretia(2)], NHMSYS0001754450 [Lime(2)], NHMSYS0001754674, NHMSYS0020823761 [Swine-cress], NHMSYS0021118903, NHMSYS0021118909(2), NHMSYS0021118915, NHMSYS0021126272 [Tree-mallow], NHMSYS0021126374 [Autumn Hawkbit], NHMSYS0021127653 [Salad Burnet], NHMSYS0021232322 [Common Knapweed], NHMSYS0021240654, NHMSYS0100001010 [Rosebay Willowherb(2)], NHMSYS0100001491 [Smooth Tare], NHMSYS0100001603 [Lesser Celandine(2)], NHMSYS0100001729 [Bristly Oxtongue(2)], NHMSYS0100001785 [Bluebell], NHMSYS0100001930 [Lesser Swine-cress], NHMSYS0100003006 [Tomato]`"
**ST67B**,"`NBNSYS0000002022 [Field Horsetail(2)], NBNSYS0000002031 [Bracken(4)], NBNSYS0000002041 [Black Spleenwort(2)], NBNSYS0000002046 [Maidenhair Spleenwort(4)], NBNSYS0000002050 [Wall-rue(3)], NBNSYS0000002054 [Lady-fern], NBNSYS0000002088 [Intermediate Polypody], NBNSYS0000002102 [Narrow-leaved Water-plantain], NBNSYS0000002105 [Arrowhead], NBNSYS0000002167 [Garden Asparagus(2)], NBNSYS0000002185 [Bluebell(2)], NBNSYS0000002196 [Wild Onion(3)], NBNSYS0000002203 [Three-cornered Garlic], NBNSYS0000002221 [Soft-rush], NBNSYS0000002246 [Field Wood-rush], NBNSYS0000002268 [Stinking Iris], NBNSYS0000002351 [Lords-and-Ladies(2)], NBNSYS0000002361 [Branched Bur-reed(2)], NBNSYS0000002386 [Common Club-rush], NBNSYS0000002442 [Hairy Sedge(2)], NBNSYS0000002527 [Perennial Rye-grass(4)], NBNSYS0000002533 [Squirreltail Fescue(2)], NBNSYS0000002538 [Reflexed Saltmarsh-Grass], NBNSYS0000002544 [Annual Meadow-grass(3)], NBNSYS0000002553 [Flattened Meadow-grass], NBNSYS0000002554(2), NBNSYS0000002557 [Rough Meadow-grass(4)], NBNSYS0000002561 [Cock's-foot(4)], NBNSYS0000002563 [Crested Dog's-tail], NBNSYS0000002567 [Greater Quaking-grass], NBNSYS0000002575 [Barren Brome(3)], NBNSYS0000002600 [Wall Barley(4)], NBNSYS0000002615 [Oat], NBNSYS0000002619 [Yorkshire-fog(4)], NBNSYS0000002626 [Silver Hair-grass], NBNSYS0000002638 [Common Bent(2)], NBNSYS0000002640 [Creeping Bent(3)], NBNSYS0000002643 [Water Bent], NBNSYS0000002650 [Smaller Cat's-tail], NBNSYS0000002656 [Meadow Foxtail(2)], NBNSYS0000002667 [Sweet Vernal-grass], NBNSYS0000002669 [Reed Canary-grass(3)], NBNSYS0000002670 [Canary-grass(2)], NBNSYS0000002689 [Bread Wheat], NBNSYS0000002704 [Traveller's-joy(4)], NBNSYS0000002708 [Meadow Buttercup(3)], NBNSYS0000002709 [Creeping Buttercup(3)], NBNSYS0000002710 [Bulbous Buttercup(2)], NBNSYS0000002756 [Oregon-grape], NBNSYS0000002764 [Common Poppy(4)], NBNSYS0000002769 [Opium Poppy(3)], NBNSYS0000002775 [Greater Celandine], NBNSYS0000002781 [Yellow Corydalis], NBNSYS0000002785 [Tall Ramping-fumitory], NBNSYS0000002793 [Common Fumitory], NBNSYS0000002801 [Rape], NBNSYS0000002802 [Turnip], NBNSYS0000002808 [Charlock(3)], NBNSYS0000002811 [Annual Wall-rocket(2)], NBNSYS0000002812 [Perennial Wall-rocket(3)], NBNSYS0000002824 [Bastard Cabbage], NBNSYS0000002828 [Garden Cress], NBNSYS0000002837 [Hoary Cress(3)], NBNSYS0000002841 [Field Penny-cress], NBNSYS0000002854 [Danish Scurvygrass], NBNSYS0000002855 [English Scurvygrass], NBNSYS0000002876 [Hairy Bitter-cress(4)], NBNSYS0000002903 [Treacle-mustard], NBNSYS0000002904 [Wallflower], NBNSYS0000002906 [Hedge Mustard(3)], NBNSYS0000002909 [Eastern Rocket(3)], NBNSYS0000002913 [Thale Cress(2)], NBNSYS0000002918 [Honesty(3)], NBNSYS0000002919 [Weld(3)], NBNSYS0000002920 [Wild Mignonette(2)], NBNSYS0000002947 [Field Pansy], NBNSYS0000002956 [Rose-of-Sharon(2)], NBNSYS0000002957 [Perforate St John's-wort(2)], NBNSYS0000002990 [Forked Catchfly(2)], NBNSYS0000002993 [Sweet-William Catchfly], NBNSYS0000002998 [Red Campion], NBNSYS0000003015 [Soapwort(2)], NBNSYS0000003018 [Snow-in-summer(2)], NBNSYS0000003022 [Common Mouse-ear(3)], NBNSYS0000003023 [Sticky Mouse-ear(3)], NBNSYS0000003034 [Greater Chickweed], NBNSYS0000003044 [Procumbent Pearlwort(2)], NBNSYS0000003059, NBNSYS0000003066 [Corn Spurrey], NBNSYS0000003072 [Lesser Sea-spurrey], NBNSYS0000003091(2), NBNSYS0000003111 [Common Orache(4)], NBNSYS0000003112 [Spear-leaved Orache(3)], NBNSYS0000003130 [Musk-mallow], NBNSYS0000003131 [Common Mallow(4)], NBNSYS0000003133 [Dwarf Mallow], NBNSYS0000003147 [Meadow Crane's-bill(2)], NBNSYS0000003157 [Cut-leaved Crane's-bill(3)], NBNSYS0000003158 [Round-leaved Crane's-bill(3)], NBNSYS0000003159 [Dove's-foot Crane's-bill(3)], NBNSYS0000003161 [Shining Crane's-bill(3)], NBNSYS0000003162 [Herb-Robert(3)], NBNSYS0000003181 [Large-flowered Pink-sorrel], NBNSYS0000003185 [Pale Pink-sorrel], NBNSYS0000003189 [Himalayan Balsam(3)], NBNSYS0000003191 [Sycamore(3)], NBNSYS0000003192 [Norway Maple(3)], NBNSYS0000003193 [Field Maple], NBNSYS0000003194 [Holly(2)], NBNSYS0000003195 [Spindle], NBNSYS0000003211 [Gorse(2)], NBNSYS0000003219 [Sickle Medick], NBNSYS0000003222 [Black Medick(4)], NBNSYS0000003226 [Tall Melilot(3)], NBNSYS0000003229 [Small Melilot], NBNSYS0000003231 [Red Clover(4)], NBNSYS0000003246 [Alsike Clover(3)], NBNSYS0000003247 [White Clover(4)], NBNSYS0000003252 [Lesser Trefoil(4)], NBNSYS0000003258 [Common Bird's-foot-trefoil(2)], NBNSYS0000003283 [Tufted Vetch], NBNSYS0000003290 [Bush Vetch(2)], NBNSYS0000003299 [Grass Vetchling], NBNSYS0000003301 [Meadow Vetchling(2)], NBNSYS0000003303 [Narrow-leaved Everlasting-pea], NBNSYS0000003305 [Broad-leaved Everlasting-pea(2)], NBNSYS0000003328 [Bramble(2)], NBNSYS0000003341 [Silverweed], NBNSYS0000003354 [Creeping Cinquefoil(4)], NBNSYS0000003361 [Wood Avens(3)], NBNSYS0000003400 [Short-styled Field-rose(2)], NBNSYS0000003412 [Blackthorn(3)], NBNSYS0000003416 [Cherry Plum], NBNSYS0000003417 [Wild Cherry(2)], NBNSYS0000003420 [Cherry Laurel(2)], NBNSYS0000003430 [Hawthorn(4)], NBNSYS0000003438 [Rowan(4)], NBNSYS0000003448 [Common Whitebeam], NBNSYS0000003460 [Wild Service-tree], NBNSYS0000003463(4), NBNSYS0000003473 [White Stonecrop(3)], NBNSYS0000003477 [Biting Stonecrop(4)], NBNSYS0000003498 [Rue-leaved Saxifrage(2)], NBNSYS0000003515 [Black Currant], NBNSYS0000003524 [Purple-loosestrife(2)], NBNSYS0000003536 [Great Willowherb(3)], NBNSYS0000003546 [Broad-leaved Willowherb(4)], NBNSYS0000003551 [Spear-leaved Willowherb], NBNSYS0000003567 [Square-stalked Willowherb(3)], NBNSYS0000003599 [Common Evening-primrose(2)], NBNSYS0000003608 [Spiked Water-milfoil], NBNSYS0000003614 [Mare's-tail], NBNSYS0000003626 [Dogwood(2)], NBNSYS0000003638 [Rough Chervil(3)], NBNSYS0000003641 [Cow Parsley(4)], NBNSYS0000003646 [Upright Hedge-parsley], NBNSYS0000003649 [Small Bur-parsley], NBNSYS0000003651 [Coriander], NBNSYS0000003655 [Hemlock(2)], NBNSYS0000003663 [Wild Celery], NBNSYS0000003681 [Pignut], NBNSYS0000003684 [Ground-elder(2)], NBNSYS0000003690 [Corky-fruited Water-dropwort(2)], NBNSYS0000003693 [Hemlock Water-dropwort(4)], NBNSYS0000003696 [Fool's Parsley(2)], NBNSYS0000003703 [Wild Angelica], NBNSYS0000003710 [Hogweed(4)], NBNSYS0000003711 [Giant Hogweed(2)], NBNSYS0000003722 [Annual Mercury(4)], NBNSYS0000003725 [Caper Spurge], NBNSYS0000003730 [Broad-leaved Spurge], NBNSYS0000003732 [Sun Spurge(3)], NBNSYS0000003733 [Petty Spurge(3)], NBNSYS0000003741 [Wood Spurge], NBNSYS0000003743(4), NBNSYS0000003745 [Equal-leaved Knotgrass(3)], NBNSYS0000003753 [Redshank(3)], NBNSYS0000003774 [Sheep's Sorrel], NBNSYS0000003778 [Common Sorrel], NBNSYS0000003789 [Curled Dock(3)], NBNSYS0000003791 [Broad-leaved Dock(4)], NBNSYS0000003796 [Wood Dock(3)], NBNSYS0000003797 [Clustered Dock(2)], NBNSYS0000003804 [Pellitory-of-the-wall(3)], NBNSYS0000003805 [Mind-your-own-business(2)], NBNSYS0000003806 [Small Nettle(2)], NBNSYS0000003807 [Common Nettle(3)], NBNSYS0000003809 [Hop(2)], NBNSYS0000003827 [Silver Birch(3)], NBNSYS0000003839 [Hazel(3)], NBNSYS0000003840 [Beech], NBNSYS0000003843 [Turkey Oak], NBNSYS0000003844 [Evergreen Oak], NBNSYS0000003845 [Pedunculate Oak(2)], NBNSYS0000003849 [White Poplar], NBNSYS0000003859 [White Willow], NBNSYS0000003868 [Goat Willow(2)], NBNSYS0000003871 [Common Sallow], NBNSYS0000003873 [Rusty Willow], NBNSYS0000003949 [Ash(4)], NBNSYS0000003950 [Lilac], NBNSYS0000003951 [Wild Privet], NBNSYS0000003952 [Garden Privet(2)], NBNSYS0000003953 [Lesser Periwinkle], NBNSYS0000003994 [Borage], NBNSYS0000004005 [Water Forget-me-not], NBNSYS0000004012 [Field Forget-me-not(3)], NBNSYS0000004022 [Field Bindweed(3)], NBNSYS0000004035 [Henbane], NBNSYS0000004037 [Bittersweet(4)], NBNSYS0000004039 [Black Nightshade(6)], NBNSYS0000004044 [Thorn-apple], NBNSYS0000004046 [Great Mullein(3)], NBNSYS0000004060 [Snapdragon(3)], NBNSYS0000004072 [Small Toadflax(3)], NBNSYS0000004078 [Common Figwort], NBNSYS0000004094 [Foxglove], NBNSYS0000004103 [Wood Speedwell], NBNSYS0000004104 [Germander Speedwell(3)], NBNSYS0000004112 [Thyme-leaved Speedwell(2)], NBNSYS0000004115 [Wall Speedwell(4)], NBNSYS0000004120 [Ivy-leaved Speedwell(4)], NBNSYS0000004164 [Red Bartsia], NBNSYS0000004191 [Vervain(3)], NBNSYS0000004206 [Gypsywort(2)], NBNSYS0000004225 [Selfheal(3)], NBNSYS0000004236 [Hedge Woundwort(3)], NBNSYS0000004238 [Black Horehound(2)], NBNSYS0000004243 [Red Dead-nettle(3)], NBNSYS0000004244 [White Dead-nettle(4)], NBNSYS0000004257 [Ground-ivy(2)], NBNSYS0000004267 [Wood Sage], NBNSYS0000004273 [Greater Plantain(3)], NBNSYS0000004275 [Ribwort Plantain(3)], NBNSYS0000004277 [Buck's-horn Plantain(3)], NBNSYS0000004283 [Nettle-leaved Bellflower], NBNSYS0000004300 [Field Madder(2)], NBNSYS0000004319 [Cleavers(3)], NBNSYS0000004324 [Elder(3)], NBNSYS0000004326 [Wayfaring-tree(2)], NBNSYS0000004328 [Guelder-rose], NBNSYS0000004333 [Honeysuckle], NBNSYS0000004346 [Red Valerian(2)], NBNSYS0000004360 [Ragweed], NBNSYS0000004367 [Oxford Ragwort(3)], NBNSYS0000004370 [Sticky Groundsel(2)], NBNSYS0000004371 [Groundsel(3)], NBNSYS0000004377 [Narrow-leaved Ragwort], NBNSYS0000004386 [Coltsfoot(4)], NBNSYS0000004392 [Pot Marigold], NBNSYS0000004397 [Ploughman's-spikenard(2)], NBNSYS0000004418 [Canadian Goldenrod(2)], NBNSYS0000004440 [Mexican Fleabane], NBNSYS0000004445 [Daisy(3)], NBNSYS0000004446 [Hemp-agrimony(3)], NBNSYS0000004451 [Yarrow(3)], NBNSYS0000004462 [Pineappleweed(3)], NBNSYS0000004464 [Oxeye Daisy(4)], NBNSYS0000004467 [Tansy(4)], NBNSYS0000004469 [Mugwort(3)], NBNSYS0000004486 [Musk Thistle(5)], NBNSYS0000004487 [Welted Thistle], NBNSYS0000004490 [Spear Thistle(3)], NBNSYS0000004492 [Creeping Thistle(3)], NBNSYS0000004499 [Cotton Thistle], NBNSYS0000004501 [Greater Knapweed], NBNSYS0000004503 [Cornflower], NBNSYS0000004514 [Chicory], NBNSYS0000004515 [Nipplewort(4)], NBNSYS0000004518 [Cat's-ear(4)], NBNSYS0000004526 [Hawkweed Oxtongue], NBNSYS0000004527 [Goat's-beard(4)], NBNSYS0000004534 [Prickly Lettuce(3)], NBNSYS0000004535 [Great Lettuce(2)], NBNSYS0000004539 [Wall Lettuce(4)], NBNSYS0000004542 [Perennial Sow-thistle(2)], NBNSYS0000004543 [Smooth Sow-thistle(3)], NBNSYS0000004544 [Prickly Sow-thistle(3)], NBNSYS0000004572 [Beaked Hawk's-beard(3)], NBNSYS0000004575 [Rough Hawk's-beard], NBNSYS0000004576 [Smooth Hawk's-beard(4)], NBNSYS0000004580 [Horse-chestnut(2)], NBNSYS0000004619 [Bay], NBNSYS0000004640 [Male-fern(4)], NBNSYS0000004651 [Garden Grape-hyacinth], NBNSYS0000004652(2), NBNSYS0000004655 [Annual Pearlwort], NBNSYS0000004667 [Common Millet], NBNSYS0000004683 [Thyme-leaved Sandwort], NBNSYS0000004689 [Soft-brome(3)], NBNSYS0000004752 [Garden Candytuft], NBNSYS0000004772 [Small-flowered Evening-primrose], NBNSYS0000007054, NBNSYS0000007057, NBNSYS0000014001 [Long-headed Poppy(2)], NBNSYS0000014093 [Common Vetch(2)], NBNSYS0000014120 [Olive Willow], NBNSYS0000014362 [Wild Carrot(4)], NBNSYS0000014835 [Cape-gooseberry], NBNSYS0000033576 [Love-in-a-mist], NBNSYS0000033863 [Purple Amaranth], NBNSYS0000034052 [Foliage Beet], NBNSYS0000034355 [Argentinian Vervain], NBNSYS0000042601, NBNSYS0000042604(2), NBNSYS0000141953 [Parsley-piert(2)], NBNSYS0000142464 [Rusty-Back Fern(3)], NBNSYS0000142466 [Hart's-Tongue(4)], NBNSYS0000146954 [Canadian Fleabane(4)], NBNSYS0000146958 [Guernsey Fleabane], NBNSYS0000153184 [Yellow-Juiced Poppy(3)], NBNSYS0000161821 [Grey Poplar], NBNSYS0000161965, NBNSYS0000161986 [Weeping Willow], NBNSYS0100003073(2), NBNSYS0200003471, NHMSYS0000344612 [Sheep's-fescue], NHMSYS0000345661 [Sweet-briar], NHMSYS0000455480 [Knotgrass(4)], NHMSYS0000455754 [Garlic Mustard(3)], NHMSYS0000455770 [Italian Alder], NHMSYS0000455771 [Alder(3)], NHMSYS0000455779 [Black-grass], NHMSYS0000455991 [Parsley Piert(2)], NHMSYS0000456029 [Lesser / Wood Burdock(3)], NHMSYS0000456083 [Horse-radish(3)], NHMSYS0000456095 [False Oat-grass(4)], NHMSYS0000456214(4), NHMSYS0000456325 [Hedge Bindweed(3)], NHMSYS0000456330 [Large Bindweed(3)], NHMSYS0000456406 [Winter-cress(2)], NHMSYS0000456587 [False-brome(3)], NHMSYS0000456599 [Chinese Mustard], NHMSYS0000456605 [Black Mustard(3)], NHMSYS0000456650 [Upright Brome], NHMSYS0000456713 [Butterfly-bush(4)], NHMSYS0000456767 [Adria Bellflower], NHMSYS0000456781 [Shepherd's-purse(3)], NHMSYS0000456845 [Divided Sedge], NHMSYS0000456846 [Grey Sedge(2)], NHMSYS0000456850 [Glaucous Sedge], NHMSYS0000456886 [Pendulous Sedge(3)], NHMSYS0000456969 [Sweet Chestnut], NHMSYS0000456975 [Whorl-grass], NHMSYS0000456981 [Fern-grass(2)], NHMSYS0000457033 [Common Centaury], NHMSYS0000457262 [Fig-leaved Goosefoot], NHMSYS0000457587 [Wall Cotoneaster], NHMSYS0000457806 [Ivy-leaved Toadflax(4)], NHMSYS0000458048 [Tufted Hair-grass], NHMSYS0000458258 [Cockspur], NHMSYS0000458325 [Canadian Waterweed], NHMSYS0000458346 [Common Couch(4)], NHMSYS0000458397 [American Willowherb(3)], NHMSYS0000458402 [Short-fruited Willowherb], NHMSYS0000458403 [Hoary Willowherb(2)], NHMSYS0000458574 [Musk Stork's-bill], NHMSYS0000458715 [Black-bindweed(2)], NHMSYS0000458783 [Sheep's Fescue agg.], NHMSYS0000458868 [Fennel(4)], NHMSYS0000458911 [Common Ramping-fumitory], NHMSYS0000458958 [Shaggy Soldier], NHMSYS0000458960 [Hedge Bedstraw(3)], NHMSYS0000459043 [Hedgerow Crane's-bill(2)], NHMSYS0000459160 [Niger], NHMSYS0000459324 [Hawkweed], NHMSYS0000459718 [Hoary Mustard], NHMSYS0000460024 [Field Scabious], NHMSYS0000460056 [Laburnham], NHMSYS0000460386 [Purple Toadflax(2)], NHMSYS0000460387 [Pale Toadflax(2)], NHMSYS0000460394 [Common Toadflax], NHMSYS0000460452 [Wilson's Honeysuckle], NHMSYS0000460510 [Teaplant(3)], NHMSYS0000460563 [Virginia Stock], NHMSYS0000460629 [Spotted Medick], NHMSYS0000460662 [White Melilot(3)], NHMSYS0000460822 [Wood Forget-me-not], NHMSYS0000460847 [daffodils], NHMSYS0000460998 [Apple-of-Peru], NHMSYS0000461024 [Timothy(2)], NHMSYS0000461107 [Yellow Water-lily], NHMSYS0000461145 [Evening Primrose(4)], NHMSYS0000461148 [Large-flowered Evening-primrose(2)], NHMSYS0000461214 [Common Reed(3)], NHMSYS0000461280 [Mouse-ear-hawkweed(4)], NHMSYS0000461381 [Common Broomrape(2)], NHMSYS0000461527 [Virginia-creeper], NHMSYS0000461528 [Boston-ivy], NHMSYS0000461565 [Green Alkanet], NHMSYS0000461597 [Amphibious Bistort(2)], NHMSYS0000461604 [Pale Persicaria], NHMSYS0000461810 [Smooth Meadow-grass(2)], NHMSYS0000461936 [Annual Beard-grass], NHMSYS0000462184 [Firethorn], NHMSYS0000462283 [Wild Radish], NHMSYS0000462335 [Japanese Knotweed(4)], NHMSYS0000462451(2), NHMSYS0000462483 [Burnet Rose], NHMSYS0000462978 [Water Dock], NHMSYS0000463048 [Fringed Pearlwort(2)], NHMSYS0000463273 [Tall Fescue(2)], NHMSYS0000463572 [White Campion(4)], NHMSYS0000463584 [Bladder Campion], NHMSYS0000463605 [Milk Thistle], NHMSYS0000464009 [Common Chickweed(3)], NHMSYS0000464011 [Lesser Chickweed], NHMSYS0000464104 [Snowberry(2)], NHMSYS0000464153 [Feverfew(3)], NHMSYS0000464161 [Dandelion(2)], NHMSYS0000464493 [Knotted Hedge-parsley], NHMSYS0000464564 [Hop Trefoil(2)], NHMSYS0000464606 [Scentless Mayweed(3)], NHMSYS0000464707(2), NHMSYS0000464763 [Keeled-fruited Cornsalad(2)], NHMSYS0000464816 [Slender Speedwell], NHMSYS0000464821, NHMSYS0000464822(2), NHMSYS0000464828 [Common Field-speedwell(3)], NHMSYS0000464829 [Grey Field-speedwell(2)], NHMSYS0000464947 [Rat's-tail Fescue(2)], NHMSYS0000494763, NHMSYS0000523323(3), NHMSYS0000840823 [Giant Blackberry], NHMSYS0001754392 [Russian Comfrey], NHMSYS0001754398 [Montbretia], NHMSYS0001754450 [Lime], NHMSYS0001754477 [Hybrid Black-poplar(3)], NHMSYS0001754629 [Garden Pansy], NHMSYS0001754652 [Petunia], NHMSYS0001754674, NHMSYS0001754812 [Tobacco], NHMSYS0020109265 [Vine Weevil], NHMSYS0020109266 [Green Shieldbug], NHMSYS0020110561 [Corn Marigold], NHMSYS0020480783 [Common Rose Fusehorn], NHMSYS0020823761 [Swine-cress(2)], NHMSYS0021118909(3), NHMSYS0021118915(3), NHMSYS0021126192 [Blue Fleabane], NHMSYS0021126272 [Tree-mallow], NHMSYS0021126374 [Autumn Hawkbit(3)], NHMSYS0021128571 [Scented Mayweed(2)], NHMSYS0021232322 [Common Knapweed(3)], NHMSYS0100001010 [Rosebay Willowherb(3)], NHMSYS0100001501 [Balkan Spurge], NHMSYS0100001603 [Lesser Celandine(3)], NHMSYS0100001729 [Bristly Oxtongue(4)], NHMSYS0100001785 [Bluebell(2)], NHMSYS0100001930 [Lesser Swine-cress(4)], NHMSYS0100002314 [Reflexed Stonecrop], NHMSYS0100003006 [Tomato], NHMSYS0100003089 [Coralberry]`"
**ST67C**,"`NBNSYS0000002022 [Field Horsetail(2)], NBNSYS0000002025 [Great Horsetail], NBNSYS0000002031 [Bracken(3)], NBNSYS0000002046 [Maidenhair Spleenwort(2)], NBNSYS0000002050 [Wall-rue(2)], NBNSYS0000002167 [Garden Asparagus], NBNSYS0000002185 [Bluebell(3)], NBNSYS0000002196 [Wild Onion(2)], NBNSYS0000002197 [Field Garlic(2)], NBNSYS0000002198 [Keeled Garlic], NBNSYS0000002205 [Ramsons(3)], NBNSYS0000002221 [Soft-rush], NBNSYS0000002246 [Field Wood-rush], NBNSYS0000002268 [Stinking Iris], NBNSYS0000002270 [Bearded Iris], NBNSYS0000002351 [Lords-and-Ladies(3)], NBNSYS0000002361 [Branched Bur-reed], NBNSYS0000002483 [Remote Sedge(2)], NBNSYS0000002527 [Perennial Rye-grass(3)], NBNSYS0000002529 [Italian Rye-grass], NBNSYS0000002538 [Reflexed Saltmarsh-Grass], NBNSYS0000002544 [Annual Meadow-grass(2)], NBNSYS0000002550 [Wood Meadow-grass(3)], NBNSYS0000002554(2), NBNSYS0000002557 [Rough Meadow-grass(2)], NBNSYS0000002561 [Cock's-foot(2)], NBNSYS0000002563 [Crested Dog's-tail], NBNSYS0000002568 [Wood Melick], NBNSYS0000002575 [Barren Brome(3)], NBNSYS0000002594 [Bearded Couch(2)], NBNSYS0000002600 [Wall Barley(2)], NBNSYS0000002605 [Foxtail Barley(3)], NBNSYS0000002619 [Yorkshire-fog(2)], NBNSYS0000002638 [Common Bent(2)], NBNSYS0000002640 [Creeping Bent(2)], NBNSYS0000002650 [Smaller Cat's-tail], NBNSYS0000002656 [Meadow Foxtail], NBNSYS0000002667 [Sweet Vernal-grass(2)], NBNSYS0000002669 [Reed Canary-grass], NBNSYS0000002691 [Marsh-marigold], NBNSYS0000002704 [Traveller's-joy(3)], NBNSYS0000002708 [Meadow Buttercup(3)], NBNSYS0000002709 [Creeping Buttercup(2)], NBNSYS0000002710 [Bulbous Buttercup(3)], NBNSYS0000002716 [Goldilocks Buttercup], NBNSYS0000002742 [Columbine(2)], NBNSYS0000002764 [Common Poppy], NBNSYS0000002769 [Opium Poppy(2)], NBNSYS0000002775 [Greater Celandine], NBNSYS0000002801 [Rape(2)], NBNSYS0000002811 [Annual Wall-rocket], NBNSYS0000002812 [Perennial Wall-rocket(3)], NBNSYS0000002854 [Danish Scurvygrass(2)], NBNSYS0000002861 [Sweet Alison], NBNSYS0000002872 [Cuckooflower], NBNSYS0000002875 [Wavy Bitter-cress(3)], NBNSYS0000002876 [Hairy Bitter-cress(2)], NBNSYS0000002893 [Watercress], NBNSYS0000002904 [Wallflower], NBNSYS0000002906 [Hedge Mustard(3)], NBNSYS0000002909 [Eastern Rocket(2)], NBNSYS0000002913 [Thale Cress], NBNSYS0000002918 [Honesty(2)], NBNSYS0000002957 [Perforate St John's-wort], NBNSYS0000002998 [Red Campion], NBNSYS0000003018 [Snow-in-summer], NBNSYS0000003022 [Common Mouse-ear(2)], NBNSYS0000003023 [Sticky Mouse-ear], NBNSYS0000003035 [Greater Stitchwort], NBNSYS0000003037 [Lesser Stitchwort], NBNSYS0000003044 [Procumbent Pearlwort(2)], NBNSYS0000003058 [Three-nerved Sandwort], NBNSYS0000003059, NBNSYS0000003073 [Four-leaved Allseed], NBNSYS0000003091(2), NBNSYS0000003111 [Common Orache(2)], NBNSYS0000003112 [Spear-leaved Orache], NBNSYS0000003127 [Large-leaved Lime], NBNSYS0000003131 [Common Mallow(2)], NBNSYS0000003133 [Dwarf Mallow], NBNSYS0000003147 [Meadow Crane's-bill], NBNSYS0000003157 [Cut-leaved Crane's-bill(3)], NBNSYS0000003158 [Round-leaved Crane's-bill(2)], NBNSYS0000003159 [Dove's-foot Crane's-bill(2)], NBNSYS0000003160 [Small-flowered Crane's-bill], NBNSYS0000003161 [Shining Crane's-bill(2)], NBNSYS0000003162 [Herb-Robert(2)], NBNSYS0000003189 [Himalayan Balsam(3)], NBNSYS0000003191 [Sycamore(3)], NBNSYS0000003192 [Norway Maple(3)], NBNSYS0000003193 [Field Maple(3)], NBNSYS0000003194 [Holly(2)], NBNSYS0000003195 [Spindle], NBNSYS0000003209 [Spanish Broom(2)], NBNSYS0000003211 [Gorse(2)], NBNSYS0000003215 [Common Restharrow], NBNSYS0000003222 [Black Medick(2)], NBNSYS0000003226 [Tall Melilot], NBNSYS0000003231 [Red Clover(2)], NBNSYS0000003246 [Alsike Clover], NBNSYS0000003247 [White Clover(2)], NBNSYS0000003252 [Lesser Trefoil(2)], NBNSYS0000003258 [Common Bird's-foot-trefoil], NBNSYS0000003266 [Bladder-senna], NBNSYS0000003283 [Tufted Vetch], NBNSYS0000003285 [Fodder Vetch], NBNSYS0000003290 [Bush Vetch(2)], NBNSYS0000003301 [Meadow Vetchling(3)], NBNSYS0000003305 [Broad-leaved Everlasting-pea(2)], NBNSYS0000003316 [Meadowsweet], NBNSYS0000003322 [Raspberry(2)], NBNSYS0000003328 [Bramble(2)], NBNSYS0000003341 [Silverweed(2)], NBNSYS0000003354 [Creeping Cinquefoil(3)], NBNSYS0000003358 [Wild Strawberry], NBNSYS0000003361 [Wood Avens(2)], NBNSYS0000003366 [Agrimony], NBNSYS0000003412 [Blackthorn(2)], NBNSYS0000003413 [Wild Plum], NBNSYS0000003416 [Cherry Plum], NBNSYS0000003417 [Wild Cherry(2)], NBNSYS0000003420 [Cherry Laurel(2)], NBNSYS0000003424 [Himalayan Cotoneaster], NBNSYS0000003430 [Hawthorn(2)], NBNSYS0000003438 [Rowan(2)], NBNSYS0000003463, NBNSYS0000003477 [Biting Stonecrop(2)], NBNSYS0000003513 [Red Currant], NBNSYS0000003524 [Purple-loosestrife], NBNSYS0000003536 [Great Willowherb(2)], NBNSYS0000003546 [Broad-leaved Willowherb], NBNSYS0000003551 [Spear-leaved Willowherb], NBNSYS0000003604 [Enchanter's-nightshade(2)], NBNSYS0000003626 [Dogwood], NBNSYS0000003627 [Red-osier Dogwood], NBNSYS0000003641 [Cow Parsley(2)], NBNSYS0000003652 [Alexanders], NBNSYS0000003655 [Hemlock(2)], NBNSYS0000003673 [Stone Parsley], NBNSYS0000003681 [Pignut], NBNSYS0000003682 [Burnet-saxifrage(2)], NBNSYS0000003684 [Ground-elder(3)], NBNSYS0000003690 [Corky-fruited Water-dropwort(2)], NBNSYS0000003693 [Hemlock Water-dropwort(3)], NBNSYS0000003696 [Fool's Parsley], NBNSYS0000003703 [Wild Angelica(3)], NBNSYS0000003710 [Hogweed(3)], NBNSYS0000003711 [Giant Hogweed], NBNSYS0000003717 [White Bryony], NBNSYS0000003721 [Dog's Mercury(2)], NBNSYS0000003722 [Annual Mercury(2)], NBNSYS0000003725 [Caper Spurge], NBNSYS0000003732 [Sun Spurge(2)], NBNSYS0000003733 [Petty Spurge(2)], NBNSYS0000003743(2), NBNSYS0000003745 [Equal-leaved Knotgrass(2)], NBNSYS0000003753 [Redshank(2)], NBNSYS0000003761 [Russian-vine], NBNSYS0000003774 [Sheep's Sorrel], NBNSYS0000003778 [Common Sorrel(2)], NBNSYS0000003789 [Curled Dock(2)], NBNSYS0000003791 [Broad-leaved Dock(3)], NBNSYS0000003795 [Fiddle Dock], NBNSYS0000003796 [Wood Dock(3)], NBNSYS0000003804 [Pellitory-of-the-wall(2)], NBNSYS0000003805 [Mind-your-own-business], NBNSYS0000003807 [Common Nettle(3)], NBNSYS0000003809 [Hop], NBNSYS0000003827 [Silver Birch(3)], NBNSYS0000003836 [Grey Alder], NBNSYS0000003838 [Hornbeam], NBNSYS0000003839 [Hazel(2)], NBNSYS0000003840 [Beech(2)], NBNSYS0000003843 [Turkey Oak], NBNSYS0000003844 [Evergreen Oak(2)], NBNSYS0000003845 [Pedunculate Oak(3)], NBNSYS0000003859 [White Willow(2)], NBNSYS0000003868 [Goat Willow], NBNSYS0000003949 [Ash(3)], NBNSYS0000003950 [Lilac(2)], NBNSYS0000003951 [Wild Privet(2)], NBNSYS0000003952 [Garden Privet(3)], NBNSYS0000003984 [Common Comfrey(2)], NBNSYS0000004012 [Field Forget-me-not], NBNSYS0000004013 [Changing Forget-me-not], NBNSYS0000004022 [Field Bindweed(2)], NBNSYS0000004037 [Bittersweet], NBNSYS0000004039 [Black Nightshade], NBNSYS0000004046 [Great Mullein], NBNSYS0000004078 [Common Figwort], NBNSYS0000004079 [Water Figwort(2)], NBNSYS0000004096 [Brooklime], NBNSYS0000004104 [Germander Speedwell(2)], NBNSYS0000004112 [Thyme-leaved Speedwell(2)], NBNSYS0000004115 [Wall Speedwell(2)], NBNSYS0000004120 [Ivy-leaved Speedwell(2)], NBNSYS0000004169 [Toothwort], NBNSYS0000004180 [Ivy Broomrape], NBNSYS0000004191 [Vervain(3)], NBNSYS0000004203 [Spear Mint], NBNSYS0000004206 [Gypsywort], NBNSYS0000004207 [Wild Marjoram], NBNSYS0000004218 [Balm], NBNSYS0000004225 [Selfheal(2)], NBNSYS0000004236 [Hedge Woundwort(2)], NBNSYS0000004238 [Black Horehound(2)], NBNSYS0000004243 [Red Dead-nettle(2)], NBNSYS0000004244 [White Dead-nettle(3)], NBNSYS0000004257 [Ground-ivy], NBNSYS0000004267 [Wood Sage], NBNSYS0000004273 [Greater Plantain(2)], NBNSYS0000004274 [Hoary Plantain], NBNSYS0000004275 [Ribwort Plantain(2)], NBNSYS0000004300 [Field Madder], NBNSYS0000004309 [Lady's Bedstraw], NBNSYS0000004319 [Cleavers(2)], NBNSYS0000004324 [Elder(2)], NBNSYS0000004326 [Wayfaring-tree], NBNSYS0000004328 [Guelder-rose], NBNSYS0000004343 [Common Valerian], NBNSYS0000004346 [Red Valerian(2)], NBNSYS0000004348 [Small Teasel(3)], NBNSYS0000004367 [Oxford Ragwort(2)], NBNSYS0000004370 [Sticky Groundsel], NBNSYS0000004371 [Groundsel(2)], NBNSYS0000004386 [Coltsfoot(2)], NBNSYS0000004397 [Ploughman's-spikenard], NBNSYS0000004418 [Canadian Goldenrod(2)], NBNSYS0000004440 [Mexican Fleabane], NBNSYS0000004445 [Daisy(3)], NBNSYS0000004446 [Hemp-agrimony(2)], NBNSYS0000004451 [Yarrow(3)], NBNSYS0000004462 [Pineappleweed], NBNSYS0000004464 [Oxeye Daisy(2)], NBNSYS0000004467 [Tansy(2)], NBNSYS0000004469 [Mugwort(3)], NBNSYS0000004480 [Greater Burdock], NBNSYS0000004490 [Spear Thistle(3)], NBNSYS0000004492 [Creeping Thistle(3)], NBNSYS0000004501 [Greater Knapweed(3)], NBNSYS0000004503 [Cornflower], NBNSYS0000004514 [Chicory(2)], NBNSYS0000004515 [Nipplewort(2)], NBNSYS0000004518 [Cat's-ear(2)], NBNSYS0000004523 [Rough Hawkbit], NBNSYS0000004526 [Hawkweed Oxtongue], NBNSYS0000004527 [Goat's-beard], NBNSYS0000004531 [Salsify], NBNSYS0000004534 [Prickly Lettuce(3)], NBNSYS0000004539 [Wall Lettuce(2)], NBNSYS0000004543 [Smooth Sow-thistle(2)], NBNSYS0000004544 [Prickly Sow-thistle(2)], NBNSYS0000004572 [Beaked Hawk's-beard(2)], NBNSYS0000004576 [Smooth Hawk's-beard], NBNSYS0000004580 [Horse-chestnut(2)], NBNSYS0000004619 [Bay], NBNSYS0000004629 [Scots Pine], NBNSYS0000004638 [Yew], NBNSYS0000004640 [Male-fern(3)], NBNSYS0000004651 [Garden Grape-hyacinth], NBNSYS0000004652, NBNSYS0000004683 [Thyme-leaved Sandwort], NBNSYS0000004689 [Soft-brome], NBNSYS0000004790, NBNSYS0000008326 [Cream-streaked Ladybird], NBNSYS0000014093 [Common Vetch(2)], NBNSYS0000014362 [Wild Carrot(3)], NBNSYS0000014371 [Sage], NBNSYS0000014964 [Orange-ball-tree], NBNSYS0000033488 [Trailing Bellflower], NBNSYS0000033500 [Globe Artichoke], NBNSYS0000033576 [Love-in-a-mist], NBNSYS0000033983 [Stern's Cotoneaster], NBNSYS0000037296 [Red-hot-poker], NBNSYS0000042601(2), NBNSYS0000042604, NBNSYS0000042610, NBNSYS0000142464 [Rusty-Back Fern(2)], NBNSYS0000142466 [Hart's-Tongue(2)], NBNSYS0000146954 [Canadian Fleabane(2)], NBNSYS0000146958 [Guernsey Fleabane(2)], NBNSYS0000157227 [Water Chickweed], NBNSYS0000161707 [Tall Tutsan], NBNSYS0100002637 [Vilmorin's Cotoneaster], NHMSYS0000344612 [Sheep's-fescue], NHMSYS0000345661 [Sweet-briar], NHMSYS0000455480 [Knotgrass(2)], NHMSYS0000455754 [Garlic Mustard(3)], NHMSYS0000455771 [Alder(3)], NHMSYS0000456029 [Lesser / Wood Burdock(2)], NHMSYS0000456083 [Horse-radish(2)], NHMSYS0000456095 [False Oat-grass(2)], NHMSYS0000456214(2), NHMSYS0000456325 [Hedge Bindweed], NHMSYS0000456330 [Large Bindweed(2)], NHMSYS0000456406 [Winter-cress], NHMSYS0000456489 [Red Bistort], NHMSYS0000456587 [False-brome(2)], NHMSYS0000456650 [Upright Brome(3)], NHMSYS0000456713 [Butterfly-bush(3)], NHMSYS0000456767 [Adria Bellflower(2)], NHMSYS0000456781 [Shepherd's-purse(2)], NHMSYS0000456886 [Pendulous Sedge(3)], NHMSYS0000456899 [Wood-sedge], NHMSYS0000456980 [Sea Fern-grass], NHMSYS0000456981 [Fern-grass], NHMSYS0000457576 [Diels' Cotoneaster], NHMSYS0000457587 [Wall Cotoneaster(2)], NHMSYS0000457806 [Ivy-leaved Toadflax(2)], NHMSYS0000458048 [Tufted Hair-grass], NHMSYS0000458187 [Broad Buckler-fern], NHMSYS0000458397 [American Willowherb], NHMSYS0000458403 [Hoary Willowherb], NHMSYS0000458405 [Pale Willowherb], NHMSYS0000458574 [Musk Stork's-bill], NHMSYS0000458783 [Sheep's Fescue agg.], NHMSYS0000458878 [Garden Strawberry(2)], NHMSYS0000458960 [Hedge Bedstraw], NHMSYS0000459043 [Hedgerow Crane's-bill], NHMSYS0000459250 [Atlantic Ivy], NHMSYS0000459324 [Hawkweed(2)], NHMSYS0000459718 [Hoary Mustard], NHMSYS0000459839 [Butterfly Stonecrop], NHMSYS0000459860 [Square-stalked St John's-wort], NHMSYS0000460024 [Field Scabious], NHMSYS0000460386 [Purple Toadflax], NHMSYS0000460394 [Common Toadflax], NHMSYS0000460452 [Wilson's Honeysuckle], NHMSYS0000460501 [Great Wood-rush], NHMSYS0000460629 [Spotted Medick], NHMSYS0000460663 [Ribbed Melilot], NHMSYS0000460822 [Wood Forget-me-not], NHMSYS0000460847 [daffodils], NHMSYS0000461107 [Yellow Water-lily], NHMSYS0000461145 [Evening Primrose], NHMSYS0000461148 [Large-flowered Evening-primrose], NHMSYS0000461247 [Norway Spruce], NHMSYS0000461270 [Fox-and-cubs], NHMSYS0000461280 [Mouse-ear-hawkweed(2)], NHMSYS0000461527 [Virginia-creeper], NHMSYS0000461565 [Green Alkanet(2)], NHMSYS0000461597 [Amphibious Bistort], NHMSYS0000461604 [Pale Persicaria], NHMSYS0000461810 [Smooth Meadow-grass], NHMSYS0000461949 [Soft Shield-fern(2)], NHMSYS0000462067 [Primrose], NHMSYS0000462184 [Firethorn(2)], NHMSYS0000462217 [Sessile Oak], NHMSYS0000462335 [Japanese Knotweed(4)], NHMSYS0000462445 [Field-rose], NHMSYS0000462451, NHMSYS0000463048 [Fringed Pearlwort], NHMSYS0000463481 [Yellow Bristle-grass], NHMSYS0000463584 [Bladder Campion], NHMSYS0000463797 [Bristol Whitebeam], NHMSYS0000464009 [Common Chickweed(2)], NHMSYS0000464104 [Snowberry(2)], NHMSYS0000464153 [Feverfew(2)], NHMSYS0000464161 [Dandelion(2)], NHMSYS0000464606 [Scentless Mayweed], NHMSYS0000464618 [Yellow Oat-grass], NHMSYS0000464701 [Wych Elm(3)], NHMSYS0000464707(2), NHMSYS0000464763 [Keeled-fruited Cornsalad], NHMSYS0000464816 [Slender Speedwell(3)], NHMSYS0000464821, NHMSYS0000464822, NHMSYS0000464828 [Common Field-speedwell(2)], NHMSYS0000464897 [Common Dog-violet], NHMSYS0000464947 [Rat's-tail Fescue], NHMSYS0000523323(3), NHMSYS0000530444 [Grasshopper Warbler(2)], NHMSYS0000544665 [Common Carp], NHMSYS0000840823 [Giant Blackberry], NHMSYS0001754392 [Russian Comfrey(2)], NHMSYS0001754450 [Lime], NHMSYS0001754477 [Hybrid Black-poplar(2)], NHMSYS0001754674, NHMSYS0001754822 [Druce's Crane's-bill], NHMSYS0020823761 [Swine-cress], NHMSYS0021109919, NHMSYS0021118909(2), NHMSYS0021118915, NHMSYS0021126272 [Tree-mallow], NHMSYS0021127626 [Fodder Burnet], NHMSYS0021232322 [Common Knapweed(3)], NHMSYS0100001010 [Rosebay Willowherb(2)], NHMSYS0100001603 [Lesser Celandine(3)], NHMSYS0100001729 [Bristly Oxtongue(2)], NHMSYS0100001785 [Bluebell(2)], NHMSYS0100001930 [Lesser Swine-cress(2)], NHMSYS0100002986 [Corn Parsley]`"
**ST67D**,"`NBNSYS0000002018 [Marsh Horsetail], NBNSYS0000002022 [Field Horsetail], NBNSYS0000002025 [Great Horsetail], NBNSYS0000002046 [Maidenhair Spleenwort(2)], NBNSYS0000002050 [Wall-rue(3)], NBNSYS0000002185 [Bluebell(3)], NBNSYS0000002196 [Wild Onion], NBNSYS0000002203 [Three-cornered Garlic], NBNSYS0000002205 [Ramsons(3)], NBNSYS0000002220 [Hard Rush(2)], NBNSYS0000002222 [Compact Rush], NBNSYS0000002231 [Jointed Rush], NBNSYS0000002246 [Field Wood-rush], NBNSYS0000002268 [Stinking Iris], NBNSYS0000002282 [Black Bryony(2)], NBNSYS0000002351 [Lords-and-Ladies(3)], NBNSYS0000002442 [Hairy Sedge], NBNSYS0000002483 [Remote Sedge], NBNSYS0000002527 [Perennial Rye-grass(3)], NBNSYS0000002533 [Squirreltail Fescue], NBNSYS0000002544 [Annual Meadow-grass(3)], NBNSYS0000002550 [Wood Meadow-grass(2)], NBNSYS0000002554, NBNSYS0000002557 [Rough Meadow-grass(2)], NBNSYS0000002561 [Cock's-foot(2)], NBNSYS0000002563 [Crested Dog's-tail(2)], NBNSYS0000002568 [Wood Melick(2)], NBNSYS0000002575 [Barren Brome(2)], NBNSYS0000002600 [Wall Barley], NBNSYS0000002612 [Wild-oat], NBNSYS0000002619 [Yorkshire-fog], NBNSYS0000002638 [Common Bent], NBNSYS0000002639 [Black Bent], NBNSYS0000002640 [Creeping Bent(2)], NBNSYS0000002643 [Water Bent], NBNSYS0000002656 [Meadow Foxtail(2)], NBNSYS0000002667 [Sweet Vernal-grass(2)], NBNSYS0000002669 [Reed Canary-grass(2)], NBNSYS0000002691 [Marsh-marigold], NBNSYS0000002700 [Wood Anemone], NBNSYS0000002704 [Traveller's-joy(2)], NBNSYS0000002708 [Meadow Buttercup(2)], NBNSYS0000002709 [Creeping Buttercup(3)], NBNSYS0000002710 [Bulbous Buttercup], NBNSYS0000002742 [Columbine], NBNSYS0000002764 [Common Poppy], NBNSYS0000002769 [Opium Poppy], NBNSYS0000002775 [Greater Celandine(2)], NBNSYS0000002781 [Yellow Corydalis(2)], NBNSYS0000002801 [Rape], NBNSYS0000002808 [Charlock], NBNSYS0000002811 [Annual Wall-rocket], NBNSYS0000002812 [Perennial Wall-rocket], NBNSYS0000002854 [Danish Scurvygrass(2)], NBNSYS0000002875 [Wavy Bitter-cress(2)], NBNSYS0000002876 [Hairy Bitter-cress(2)], NBNSYS0000002906 [Hedge Mustard(3)], NBNSYS0000002913 [Thale Cress(2)], NBNSYS0000002918 [Honesty(2)], NBNSYS0000002919 [Weld], NBNSYS0000002924 [Sweet Violet], NBNSYS0000002957 [Perforate St John's-wort], NBNSYS0000002967 [Hairy St John's-wort], NBNSYS0000002998 [Red Campion], NBNSYS0000003018 [Snow-in-summer], NBNSYS0000003022 [Common Mouse-ear(2)], NBNSYS0000003023 [Sticky Mouse-ear(2)], NBNSYS0000003044 [Procumbent Pearlwort(2)], NBNSYS0000003058 [Three-nerved Sandwort], NBNSYS0000003059, NBNSYS0000003091, NBNSYS0000003131 [Common Mallow], NBNSYS0000003157 [Cut-leaved Crane's-bill(2)], NBNSYS0000003158 [Round-leaved Crane's-bill(2)], NBNSYS0000003159 [Dove's-foot Crane's-bill(2)], NBNSYS0000003161 [Shining Crane's-bill], NBNSYS0000003162 [Herb-Robert(3)], NBNSYS0000003189 [Himalayan Balsam(3)], NBNSYS0000003191 [Sycamore(3)], NBNSYS0000003192 [Norway Maple(2)], NBNSYS0000003193 [Field Maple(2)], NBNSYS0000003194 [Holly(2)], NBNSYS0000003195 [Spindle], NBNSYS0000003211 [Gorse], NBNSYS0000003222 [Black Medick(2)], NBNSYS0000003226 [Tall Melilot], NBNSYS0000003231 [Red Clover(2)], NBNSYS0000003247 [White Clover(3)], NBNSYS0000003252 [Lesser Trefoil(2)], NBNSYS0000003258 [Common Bird's-foot-trefoil], NBNSYS0000003260 [Greater Bird's-foot-trefoil], NBNSYS0000003283 [Tufted Vetch], NBNSYS0000003299 [Grass Vetchling(2)], NBNSYS0000003301 [Meadow Vetchling], NBNSYS0000003316 [Meadowsweet(2)], NBNSYS0000003322 [Raspberry], NBNSYS0000003328 [Bramble(2)], NBNSYS0000003341 [Silverweed(2)], NBNSYS0000003354 [Creeping Cinquefoil], NBNSYS0000003361 [Wood Avens(3)], NBNSYS0000003366 [Agrimony], NBNSYS0000003412 [Blackthorn(2)], NBNSYS0000003413 [Wild Plum], NBNSYS0000003417 [Wild Cherry], NBNSYS0000003420 [Cherry Laurel(3)], NBNSYS0000003430 [Hawthorn(3)], NBNSYS0000003442 [Swedish Whitebeam], NBNSYS0000003463(2), NBNSYS0000003473 [White Stonecrop], NBNSYS0000003477 [Biting Stonecrop], NBNSYS0000003524 [Purple-loosestrife], NBNSYS0000003536 [Great Willowherb(3)], NBNSYS0000003546 [Broad-leaved Willowherb], NBNSYS0000003604 [Enchanter's-nightshade(2)], NBNSYS0000003626 [Dogwood], NBNSYS0000003638 [Rough Chervil(2)], NBNSYS0000003641 [Cow Parsley(3)], NBNSYS0000003646 [Upright Hedge-parsley], NBNSYS0000003655 [Hemlock], NBNSYS0000003673 [Stone Parsley], NBNSYS0000003681 [Pignut], NBNSYS0000003684 [Ground-elder(3)], NBNSYS0000003693 [Hemlock Water-dropwort(2)], NBNSYS0000003696 [Fool's Parsley], NBNSYS0000003703 [Wild Angelica], NBNSYS0000003710 [Hogweed(3)], NBNSYS0000003711 [Giant Hogweed], NBNSYS0000003721 [Dog's Mercury(2)], NBNSYS0000003722 [Annual Mercury(3)], NBNSYS0000003732 [Sun Spurge], NBNSYS0000003733 [Petty Spurge(3)], NBNSYS0000003741 [Wood Spurge], NBNSYS0000003743, NBNSYS0000003753 [Redshank], NBNSYS0000003761 [Russian-vine], NBNSYS0000003778 [Common Sorrel], NBNSYS0000003789 [Curled Dock(2)], NBNSYS0000003791 [Broad-leaved Dock(3)], NBNSYS0000003795 [Fiddle Dock], NBNSYS0000003796 [Wood Dock(2)], NBNSYS0000003797 [Clustered Dock], NBNSYS0000003804 [Pellitory-of-the-wall(3)], NBNSYS0000003805 [Mind-your-own-business(3)], NBNSYS0000003807 [Common Nettle(3)], NBNSYS0000003827 [Silver Birch], NBNSYS0000003839 [Hazel(3)], NBNSYS0000003840 [Beech], NBNSYS0000003844 [Evergreen Oak], NBNSYS0000003845 [Pedunculate Oak(2)], NBNSYS0000003868 [Goat Willow], NBNSYS0000003871 [Common Sallow], NBNSYS0000003888 [Rhododendron], NBNSYS0000003926 [Cowslip], NBNSYS0000003949 [Ash(3)], NBNSYS0000003951 [Wild Privet(2)], NBNSYS0000003952 [Garden Privet], NBNSYS0000003954 [Greater Periwinkle], NBNSYS0000003984 [Common Comfrey(3)], NBNSYS0000004012 [Field Forget-me-not], NBNSYS0000004022 [Field Bindweed], NBNSYS0000004037 [Bittersweet(2)], NBNSYS0000004039 [Black Nightshade], NBNSYS0000004044 [Thorn-apple], NBNSYS0000004078 [Common Figwort], NBNSYS0000004079 [Water Figwort(2)], NBNSYS0000004094 [Foxglove(2)], NBNSYS0000004104 [Germander Speedwell], NBNSYS0000004112 [Thyme-leaved Speedwell], NBNSYS0000004115 [Wall Speedwell(2)], NBNSYS0000004120 [Ivy-leaved Speedwell(2)], NBNSYS0000004164 [Red Bartsia], NBNSYS0000004180 [Ivy Broomrape(2)], NBNSYS0000004191 [Vervain], NBNSYS0000004218 [Balm], NBNSYS0000004222 [Wild Clary], NBNSYS0000004225 [Selfheal(3)], NBNSYS0000004236 [Hedge Woundwort(3)], NBNSYS0000004238 [Black Horehound], NBNSYS0000004240 [Henbit Dead-nettle], NBNSYS0000004243 [Red Dead-nettle(3)], NBNSYS0000004244 [White Dead-nettle(3)], NBNSYS0000004257 [Ground-ivy(2)], NBNSYS0000004273 [Greater Plantain(2)], NBNSYS0000004274 [Hoary Plantain(3)], NBNSYS0000004275 [Ribwort Plantain(3)], NBNSYS0000004300 [Field Madder], NBNSYS0000004319 [Cleavers(3)], NBNSYS0000004324 [Elder(3)], NBNSYS0000004328 [Guelder-rose(2)], NBNSYS0000004346 [Red Valerian(3)], NBNSYS0000004348 [Small Teasel(2)], NBNSYS0000004367 [Oxford Ragwort(2)], NBNSYS0000004371 [Groundsel(3)], NBNSYS0000004386 [Coltsfoot], NBNSYS0000004401 [Common Fleabane], NBNSYS0000004418 [Canadian Goldenrod], NBNSYS0000004445 [Daisy(3)], NBNSYS0000004446 [Hemp-agrimony], NBNSYS0000004451 [Yarrow(2)], NBNSYS0000004462 [Pineappleweed], NBNSYS0000004464 [Oxeye Daisy(2)], NBNSYS0000004469 [Mugwort(2)], NBNSYS0000004490 [Spear Thistle(2)], NBNSYS0000004492 [Creeping Thistle(2)], NBNSYS0000004514 [Chicory], NBNSYS0000004515 [Nipplewort(2)], NBNSYS0000004518 [Cat's-ear(2)], NBNSYS0000004523 [Rough Hawkbit], NBNSYS0000004526 [Hawkweed Oxtongue], NBNSYS0000004527 [Goat's-beard], NBNSYS0000004542 [Perennial Sow-thistle], NBNSYS0000004543 [Smooth Sow-thistle(3)], NBNSYS0000004544 [Prickly Sow-thistle(2)], NBNSYS0000004572 [Beaked Hawk's-beard(2)], NBNSYS0000004576 [Smooth Hawk's-beard], NBNSYS0000004580 [Horse-chestnut(3)], NBNSYS0000004638 [Yew], NBNSYS0000004640 [Male-fern(3)], NBNSYS0000004651 [Garden Grape-hyacinth], NBNSYS0000004652(2), NBNSYS0000004683 [Thyme-leaved Sandwort], NBNSYS0000004689 [Soft-brome], NBNSYS0000006862, NBNSYS0000014001 [Long-headed Poppy], NBNSYS0000014093 [Common Vetch(2)], NBNSYS0000014362 [Wild Carrot], NBNSYS0000014838, NBNSYS0000033576 [Love-in-a-mist(2)], NBNSYS0000042194 [Stag's-horn Sumach], NBNSYS0000042601, NBNSYS0000042604, NBNSYS0000142464 [Rusty-Back Fern(3)], NBNSYS0000142466 [Hart's-Tongue(3)], NBNSYS0000146954 [Canadian Fleabane], NBNSYS0000149679 [Toad Rush], NBNSYS0000153184 [Yellow-Juiced Poppy], NBNSYS0000161707 [Tall Tutsan], NBNSYS0000161802 [London Plane], NBNSYS0100003621 [Toad Rush agg.], NHMSYS0000455480 [Knotgrass], NHMSYS0000455754 [Garlic Mustard(3)], NHMSYS0000455771 [Alder(3)], NHMSYS0000456029 [Lesser / Wood Burdock], NHMSYS0000456083 [Horse-radish(2)], NHMSYS0000456095 [False Oat-grass(2)], NHMSYS0000456214, NHMSYS0000456325 [Hedge Bindweed], NHMSYS0000456330 [Large Bindweed], NHMSYS0000456587 [False-brome(2)], NHMSYS0000456605 [Black Mustard], NHMSYS0000456655 [Hairy-brome], NHMSYS0000456713 [Butterfly-bush(3)], NHMSYS0000456767 [Adria Bellflower(2)], NHMSYS0000456781 [Shepherd's-purse(2)], NHMSYS0000456850 [Glaucous Sedge], NHMSYS0000456886 [Pendulous Sedge(2)], NHMSYS0000456896 [Spiked Sedge], NHMSYS0000456899 [Wood-sedge], NHMSYS0000456981 [Fern-grass], NHMSYS0000457033 [Common Centaury], NHMSYS0000457526 [Pampas-grass], NHMSYS0000457587 [Wall Cotoneaster], NHMSYS0000457806 [Ivy-leaved Toadflax(3)], NHMSYS0000458048 [Tufted Hair-grass], NHMSYS0000458187 [Broad Buckler-fern(2)], NHMSYS0000458346 [Common Couch], NHMSYS0000458397 [American Willowherb], NHMSYS0000458403 [Hoary Willowherb], NHMSYS0000458574 [Musk Stork's-bill], NHMSYS0000458960 [Hedge Bedstraw], NHMSYS0000459043 [Hedgerow Crane's-bill], NHMSYS0000459718 [Hoary Mustard], NHMSYS0000459754 [Meadow Barley(2)], NHMSYS0000460386 [Purple Toadflax], NHMSYS0000460501 [Great Wood-rush], NHMSYS0000460847 [daffodils], NHMSYS0000461024 [Timothy(2)], NHMSYS0000461107 [Yellow Water-lily], NHMSYS0000461145 [Evening Primrose], NHMSYS0000461214 [Common Reed], NHMSYS0000461565 [Green Alkanet(2)], NHMSYS0000461810 [Smooth Meadow-grass], NHMSYS0000461949 [Soft Shield-fern(3)], NHMSYS0000462067 [Primrose], NHMSYS0000462184 [Firethorn], NHMSYS0000462217 [Sessile Oak], NHMSYS0000462335 [Japanese Knotweed(2)], NHMSYS0000462445 [Field-rose], NHMSYS0000462451, NHMSYS0000462477 [Japanese Rose], NHMSYS0000463273 [Tall Fescue], NHMSYS0000463276 [Meadow Fescue], NHMSYS0000464009 [Common Chickweed(2)], NHMSYS0000464104 [Snowberry(2)], NHMSYS0000464161 [Dandelion(3)], NHMSYS0000464365 [Fringecups], NHMSYS0000464454 [Small-leaved Lime], NHMSYS0000464606 [Scentless Mayweed], NHMSYS0000464701 [Wych Elm], NHMSYS0000464707(3), NHMSYS0000464763 [Keeled-fruited Cornsalad(2)], NHMSYS0000464816 [Slender Speedwell(2)], NHMSYS0000464828 [Common Field-speedwell], NHMSYS0000464896 [Early Dog-violet(2)], NHMSYS0000523323(2), NHMSYS0000840823 [Giant Blackberry], NHMSYS0000876224 [Jet Ant], NHMSYS0000876357 [Grass Ant], NHMSYS0001754392 [Russian Comfrey], NHMSYS0001754477 [Hybrid Black-poplar(2)], NHMSYS0001754674, NHMSYS0001754822 [Druce's Crane's-bill], NHMSYS0021118909(3), NHMSYS0021118915, NHMSYS0021126374 [Autumn Hawkbit], NHMSYS0021127626 [Fodder Burnet], NHMSYS0021232322 [Common Knapweed(3)], NHMSYS0100001010 [Rosebay Willowherb(2)], NHMSYS0100001603 [Lesser Celandine(3)], NHMSYS0100001729 [Bristly Oxtongue], NHMSYS0100001785 [Bluebell(2)]`"
**ST67E**,"`NBNSYS0000002022 [Field Horsetail], NBNSYS0000002050 [Wall-rue], NBNSYS0000002054 [Lady-fern], NBNSYS0000002196 [Wild Onion(2)], NBNSYS0000002203 [Three-cornered Garlic], NBNSYS0000002268 [Stinking Iris], NBNSYS0000002351 [Lords-and-Ladies], NBNSYS0000002361 [Branched Bur-reed], NBNSYS0000002527 [Perennial Rye-grass(2)], NBNSYS0000002544 [Annual Meadow-grass(2)], NBNSYS0000002561 [Cock's-foot], NBNSYS0000002600 [Wall Barley], NBNSYS0000002700 [Wood Anemone], NBNSYS0000002704 [Traveller's-joy], NBNSYS0000002708 [Meadow Buttercup], NBNSYS0000002709 [Creeping Buttercup(2)], NBNSYS0000002710 [Bulbous Buttercup], NBNSYS0000002742 [Columbine], NBNSYS0000002764 [Common Poppy], NBNSYS0000002769 [Opium Poppy], NBNSYS0000002781 [Yellow Corydalis], NBNSYS0000002808 [Charlock], NBNSYS0000002837 [Hoary Cress], NBNSYS0000002854 [Danish Scurvygrass], NBNSYS0000002861 [Sweet Alison], NBNSYS0000002876 [Hairy Bitter-cress(2)], NBNSYS0000002899 [Austrian Yellow-cress], NBNSYS0000002906 [Hedge Mustard], NBNSYS0000002913 [Thale Cress], NBNSYS0000002918 [Honesty], NBNSYS0000002953 [Tutsan], NBNSYS0000003022 [Common Mouse-ear(2)], NBNSYS0000003091, NBNSYS0000003130 [Musk-mallow], NBNSYS0000003131 [Common Mallow], NBNSYS0000003147 [Meadow Crane's-bill], NBNSYS0000003157 [Cut-leaved Crane's-bill(2)], NBNSYS0000003158 [Round-leaved Crane's-bill], NBNSYS0000003159 [Dove's-foot Crane's-bill], NBNSYS0000003162 [Herb-Robert(2)], NBNSYS0000003176 [Procumbent Yellow-sorrel], NBNSYS0000003191 [Sycamore(2)], NBNSYS0000003192 [Norway Maple(2)], NBNSYS0000003193 [Field Maple(2)], NBNSYS0000003194 [Holly], NBNSYS0000003195 [Spindle], NBNSYS0000003222 [Black Medick], NBNSYS0000003231 [Red Clover], NBNSYS0000003247 [White Clover], NBNSYS0000003252 [Lesser Trefoil], NBNSYS0000003258 [Common Bird's-foot-trefoil], NBNSYS0000003265 [False-acacia], NBNSYS0000003301 [Meadow Vetchling], NBNSYS0000003305 [Broad-leaved Everlasting-pea], NBNSYS0000003316 [Meadowsweet], NBNSYS0000003322 [Raspberry(2)], NBNSYS0000003328 [Bramble(2)], NBNSYS0000003354 [Creeping Cinquefoil(2)], NBNSYS0000003361 [Wood Avens], NBNSYS0000003366 [Agrimony], NBNSYS0000003412 [Blackthorn(2)], NBNSYS0000003416 [Cherry Plum], NBNSYS0000003417 [Wild Cherry(2)], NBNSYS0000003430 [Hawthorn(2)], NBNSYS0000003438 [Rowan], NBNSYS0000003448 [Common Whitebeam], NBNSYS0000003463, NBNSYS0000003513 [Red Currant], NBNSYS0000003536 [Great Willowherb], NBNSYS0000003546 [Broad-leaved Willowherb], NBNSYS0000003626 [Dogwood], NBNSYS0000003641 [Cow Parsley(2)], NBNSYS0000003652 [Alexanders], NBNSYS0000003682 [Burnet-saxifrage], NBNSYS0000003696 [Fool's Parsley], NBNSYS0000003710 [Hogweed], NBNSYS0000003722 [Annual Mercury], NBNSYS0000003730 [Broad-leaved Spurge], NBNSYS0000003733 [Petty Spurge(2)], NBNSYS0000003741 [Wood Spurge], NBNSYS0000003743, NBNSYS0000003753 [Redshank], NBNSYS0000003761 [Russian-vine], NBNSYS0000003778 [Common Sorrel], NBNSYS0000003789 [Curled Dock], NBNSYS0000003791 [Broad-leaved Dock(2)], NBNSYS0000003804 [Pellitory-of-the-wall], NBNSYS0000003807 [Common Nettle(2)], NBNSYS0000003827 [Silver Birch], NBNSYS0000003836 [Grey Alder], NBNSYS0000003838 [Hornbeam], NBNSYS0000003839 [Hazel(2)], NBNSYS0000003840 [Beech], NBNSYS0000003843 [Turkey Oak], NBNSYS0000003844 [Evergreen Oak], NBNSYS0000003845 [Pedunculate Oak], NBNSYS0000003851 [Aspen], NBNSYS0000003868 [Goat Willow], NBNSYS0000003871 [Common Sallow], NBNSYS0000003873 [Rusty Willow], NBNSYS0000003926 [Cowslip], NBNSYS0000003935 [Creeping-Jenny], NBNSYS0000003949 [Ash(2)], NBNSYS0000003950 [Lilac], NBNSYS0000003952 [Garden Privet], NBNSYS0000003953 [Lesser Periwinkle], NBNSYS0000004012 [Field Forget-me-not], NBNSYS0000004022 [Field Bindweed], NBNSYS0000004037 [Bittersweet], NBNSYS0000004046 [Great Mullein], NBNSYS0000004060 [Snapdragon], NBNSYS0000004104 [Germander Speedwell], NBNSYS0000004112 [Thyme-leaved Speedwell], NBNSYS0000004120 [Ivy-leaved Speedwell], NBNSYS0000004191 [Vervain], NBNSYS0000004203 [Spear Mint], NBNSYS0000004225 [Selfheal], NBNSYS0000004236 [Hedge Woundwort], NBNSYS0000004240 [Henbit Dead-nettle], NBNSYS0000004243 [Red Dead-nettle], NBNSYS0000004244 [White Dead-nettle], NBNSYS0000004249 [Red Hemp-nettle], NBNSYS0000004257 [Ground-ivy(2)], NBNSYS0000004273 [Greater Plantain(2)], NBNSYS0000004275 [Ribwort Plantain], NBNSYS0000004309 [Lady's Bedstraw], NBNSYS0000004319 [Cleavers(2)], NBNSYS0000004324 [Elder(2)], NBNSYS0000004326 [Wayfaring-tree], NBNSYS0000004328 [Guelder-rose(2)], NBNSYS0000004346 [Red Valerian], NBNSYS0000004367 [Oxford Ragwort], NBNSYS0000004371 [Groundsel(2)], NBNSYS0000004377 [Narrow-leaved Ragwort], NBNSYS0000004386 [Coltsfoot], NBNSYS0000004440 [Mexican Fleabane], NBNSYS0000004445 [Daisy(2)], NBNSYS0000004451 [Yarrow(2)], NBNSYS0000004462 [Pineappleweed], NBNSYS0000004464 [Oxeye Daisy], NBNSYS0000004469 [Mugwort], NBNSYS0000004490 [Spear Thistle(2)], NBNSYS0000004492 [Creeping Thistle], NBNSYS0000004499 [Cotton Thistle], NBNSYS0000004503 [Cornflower], NBNSYS0000004515 [Nipplewort], NBNSYS0000004518 [Cat's-ear], NBNSYS0000004534 [Prickly Lettuce], NBNSYS0000004542 [Perennial Sow-thistle], NBNSYS0000004543 [Smooth Sow-thistle(2)], NBNSYS0000004544 [Prickly Sow-thistle(2)], NBNSYS0000004572 [Beaked Hawk's-beard], NBNSYS0000004576 [Smooth Hawk's-beard], NBNSYS0000004638 [Yew], NBNSYS0000004640 [Male-fern], NBNSYS0000004651 [Garden Grape-hyacinth], NBNSYS0000014001 [Long-headed Poppy], NBNSYS0000014093 [Common Vetch], NBNSYS0000014362 [Wild Carrot], NBNSYS0000033488 [Trailing Bellflower], NBNSYS0000033576 [Love-in-a-mist], NBNSYS0000042601, NBNSYS0000042604, NBNSYS0000142466 [Hart's-Tongue], NBNSYS0000146954 [Canadian Fleabane(2)], NBNSYS0000161707 [Tall Tutsan], NHMSYS0000455754 [Garlic Mustard(2)], NHMSYS0000456029 [Lesser / Wood Burdock], NHMSYS0000456095 [False Oat-grass], NHMSYS0000456118 [Italian Lords-and-Ladies], NHMSYS0000456120, NHMSYS0000456325 [Hedge Bindweed], NHMSYS0000456330 [Large Bindweed], NHMSYS0000456406 [Winter-cress], NHMSYS0000456605 [Black Mustard], NHMSYS0000456650 [Upright Brome], NHMSYS0000456713 [Butterfly-bush(2)], NHMSYS0000456767 [Adria Bellflower], NHMSYS0000456781 [Shepherd's-purse], NHMSYS0000456886 [Pendulous Sedge], NHMSYS0000457587 [Wall Cotoneaster], NHMSYS0000457806 [Ivy-leaved Toadflax], NHMSYS0000458402 [Short-fruited Willowherb], NHMSYS0000458403 [Hoary Willowherb], NHMSYS0000458960 [Hedge Bedstraw], NHMSYS0000459961 [Walnut], NHMSYS0000460318 [Himalayan Honeysuckle], NHMSYS0000460386 [Purple Toadflax], NHMSYS0000460452 [Wilson's Honeysuckle], NHMSYS0000460453 [Box-leaved Honeysuckle], NHMSYS0000460847 [daffodils], NHMSYS0000461145 [Evening Primrose], NHMSYS0000461280 [Mouse-ear-hawkweed], NHMSYS0000461565 [Green Alkanet], NHMSYS0000462067 [Primrose], NHMSYS0000462184 [Firethorn], NHMSYS0000462335 [Japanese Knotweed], NHMSYS0000462451, NHMSYS0000464009 [Common Chickweed(2)], NHMSYS0000464104 [Snowberry], NHMSYS0000464153 [Feverfew], NHMSYS0000464161 [Dandelion(2)], NHMSYS0000464454 [Small-leaved Lime], NHMSYS0000464606 [Scentless Mayweed], NHMSYS0000464701 [Wych Elm], NHMSYS0000464707, NHMSYS0000464763 [Keeled-fruited Cornsalad], NHMSYS0000464816 [Slender Speedwell], NHMSYS0000464828 [Common Field-speedwell(2)], NHMSYS0000523323, NHMSYS0000840823 [Giant Blackberry], NHMSYS0001754392 [Russian Comfrey], NHMSYS0001754477 [Hybrid Black-poplar], NHMSYS0020110561 [Corn Marigold], NHMSYS0020823761 [Swine-cress], NHMSYS0021118909, NHMSYS0021126192 [Blue Fleabane], NHMSYS0021127626 [Fodder Burnet], NHMSYS0021232322 [Common Knapweed], NHMSYS0100001010 [Rosebay Willowherb], NHMSYS0100001501 [Balkan Spurge], NHMSYS0100001603 [Lesser Celandine], NHMSYS0100001729 [Bristly Oxtongue(2)], NHMSYS0100001785 [Bluebell], NHMSYS0100002292 [Welsh Poppy]`"
**ST67G**,"`NBNSYS0000002022 [Field Horsetail(2)], NBNSYS0000002031 [Bracken(3)], NBNSYS0000002041 [Black Spleenwort(2)], NBNSYS0000002046 [Maidenhair Spleenwort], NBNSYS0000002050 [Wall-rue(2)], NBNSYS0000002054 [Lady-fern], NBNSYS0000002130 [Shining Pondweed], NBNSYS0000002170 [Butcher's-broom], NBNSYS0000002185 [Bluebell(2)], NBNSYS0000002196 [Wild Onion(3)], NBNSYS0000002203 [Three-cornered Garlic], NBNSYS0000002205 [Ramsons], NBNSYS0000002221 [Soft-rush], NBNSYS0000002239 [Hairy Wood-rush], NBNSYS0000002246 [Field Wood-rush], NBNSYS0000002269 [Yellow Iris], NBNSYS0000002351 [Lords-and-Ladies(2)], NBNSYS0000002361 [Branched Bur-reed], NBNSYS0000002369 [Bulrush], NBNSYS0000002500 [Heath-grass(3)], NBNSYS0000002504 [Plicate Sweet-grass], NBNSYS0000002527 [Perennial Rye-grass(3)], NBNSYS0000002533 [Squirreltail Fescue(2)], NBNSYS0000002544 [Annual Meadow-grass(2)], NBNSYS0000002550 [Wood Meadow-grass], NBNSYS0000002554, NBNSYS0000002556 [Spreading Meadow-grass], NBNSYS0000002557 [Rough Meadow-grass(2)], NBNSYS0000002561 [Cock's-foot(2)], NBNSYS0000002563 [Crested Dog's-tail], NBNSYS0000002568 [Wood Melick], NBNSYS0000002575 [Barren Brome(2)], NBNSYS0000002594 [Bearded Couch(2)], NBNSYS0000002600 [Wall Barley(3)], NBNSYS0000002619 [Yorkshire-fog(2)], NBNSYS0000002625 [Early Hair-grass(3)], NBNSYS0000002638 [Common Bent(2)], NBNSYS0000002640 [Creeping Bent(2)], NBNSYS0000002656 [Meadow Foxtail], NBNSYS0000002657 [Marsh Foxtail], NBNSYS0000002663 [Wood Millet], NBNSYS0000002667 [Sweet Vernal-grass], NBNSYS0000002669 [Reed Canary-grass(2)], NBNSYS0000002700 [Wood Anemone], NBNSYS0000002704 [Traveller's-joy(2)], NBNSYS0000002708 [Meadow Buttercup], NBNSYS0000002709 [Creeping Buttercup(2)], NBNSYS0000002710 [Bulbous Buttercup], NBNSYS0000002717 [Greater Spearwort], NBNSYS0000002742 [Columbine(2)], NBNSYS0000002756 [Oregon-grape(2)], NBNSYS0000002764 [Common Poppy], NBNSYS0000002769 [Opium Poppy(3)], NBNSYS0000002775 [Greater Celandine], NBNSYS0000002781 [Yellow Corydalis], NBNSYS0000002793 [Common Fumitory], NBNSYS0000002802 [Turnip], NBNSYS0000002808 [Charlock], NBNSYS0000002811 [Annual Wall-rocket], NBNSYS0000002812 [Perennial Wall-rocket(2)], NBNSYS0000002837 [Hoary Cress], NBNSYS0000002872 [Cuckooflower], NBNSYS0000002875 [Wavy Bitter-cress], NBNSYS0000002876 [Hairy Bitter-cress(2)], NBNSYS0000002893 [Watercress(2)], NBNSYS0000002906 [Hedge Mustard], NBNSYS0000002913 [Thale Cress], NBNSYS0000002919 [Weld(2)], NBNSYS0000002920 [Wild Mignonette], NBNSYS0000002924 [Sweet Violet], NBNSYS0000002953 [Tutsan], NBNSYS0000002957 [Perforate St John's-wort(2)], NBNSYS0000002998 [Red Campion], NBNSYS0000003015 [Soapwort(2)], NBNSYS0000003018 [Snow-in-summer(2)], NBNSYS0000003022 [Common Mouse-ear(2)], NBNSYS0000003023 [Sticky Mouse-ear(2)], NBNSYS0000003035 [Greater Stitchwort], NBNSYS0000003037 [Lesser Stitchwort], NBNSYS0000003044 [Procumbent Pearlwort(2)], NBNSYS0000003112 [Spear-leaved Orache], NBNSYS0000003130 [Musk-mallow], NBNSYS0000003131 [Common Mallow(2)], NBNSYS0000003133 [Dwarf Mallow], NBNSYS0000003147 [Meadow Crane's-bill], NBNSYS0000003157 [Cut-leaved Crane's-bill], NBNSYS0000003158 [Round-leaved Crane's-bill(2)], NBNSYS0000003159 [Dove's-foot Crane's-bill], NBNSYS0000003160 [Small-flowered Crane's-bill], NBNSYS0000003161 [Shining Crane's-bill], NBNSYS0000003162 [Herb-Robert(3)], NBNSYS0000003189 [Himalayan Balsam(3)], NBNSYS0000003191 [Sycamore(2)], NBNSYS0000003192 [Norway Maple], NBNSYS0000003193 [Field Maple], NBNSYS0000003194 [Holly(2)], NBNSYS0000003195 [Spindle], NBNSYS0000003197 [Box], NBNSYS0000003211 [Gorse], NBNSYS0000003214 [Broom(3)], NBNSYS0000003222 [Black Medick(2)], NBNSYS0000003231 [Red Clover(3)], NBNSYS0000003239 [Knotted Clover], NBNSYS0000003246 [Alsike Clover], NBNSYS0000003247 [White Clover(2)], NBNSYS0000003252 [Lesser Trefoil(2)], NBNSYS0000003258 [Common Bird's-foot-trefoil(2)], NBNSYS0000003260 [Greater Bird's-foot-trefoil], NBNSYS0000003285 [Fodder Vetch], NBNSYS0000003290 [Bush Vetch], NBNSYS0000003294 [Narrow-leaved Vetch], NBNSYS0000003305 [Broad-leaved Everlasting-pea], NBNSYS0000003316 [Meadowsweet], NBNSYS0000003322 [Raspberry(2)], NBNSYS0000003325 [Dewberry], NBNSYS0000003328 [Bramble(2)], NBNSYS0000003341 [Silverweed], NBNSYS0000003354 [Creeping Cinquefoil(2)], NBNSYS0000003358 [Wild Strawberry], NBNSYS0000003361 [Wood Avens(2)], NBNSYS0000003383 [Garden Lady's-mantle], NBNSYS0000003412 [Blackthorn(2)], NBNSYS0000003413 [Wild Plum(2)], NBNSYS0000003416 [Cherry Plum], NBNSYS0000003417 [Wild Cherry(2)], NBNSYS0000003424 [Himalayan Cotoneaster], NBNSYS0000003430 [Hawthorn(2)], NBNSYS0000003438 [Rowan], NBNSYS0000003463(2), NBNSYS0000003473 [White Stonecrop], NBNSYS0000003477 [Biting Stonecrop(2)], NBNSYS0000003513 [Red Currant], NBNSYS0000003518 [Gooseberry], NBNSYS0000003524 [Purple-loosestrife(3)], NBNSYS0000003536 [Great Willowherb(2)], NBNSYS0000003546 [Broad-leaved Willowherb], NBNSYS0000003567 [Square-stalked Willowherb(2)], NBNSYS0000003604 [Enchanter's-nightshade], NBNSYS0000003614 [Mare's-tail], NBNSYS0000003626 [Dogwood], NBNSYS0000003641 [Cow Parsley(2)], NBNSYS0000003655 [Hemlock], NBNSYS0000003663 [Wild Celery], NBNSYS0000003684 [Ground-elder(2)], NBNSYS0000003690 [Corky-fruited Water-dropwort], NBNSYS0000003693 [Hemlock Water-dropwort(3)], NBNSYS0000003696 [Fool's Parsley(2)], NBNSYS0000003703 [Wild Angelica], NBNSYS0000003710 [Hogweed(2)], NBNSYS0000003711 [Giant Hogweed], NBNSYS0000003717 [White Bryony], NBNSYS0000003721 [Dog's Mercury], NBNSYS0000003722 [Annual Mercury(3)], NBNSYS0000003733 [Petty Spurge(2)], NBNSYS0000003743(2), NBNSYS0000003745 [Equal-leaved Knotgrass], NBNSYS0000003761 [Russian-vine], NBNSYS0000003774 [Sheep's Sorrel(3)], NBNSYS0000003778 [Common Sorrel(3)], NBNSYS0000003789 [Curled Dock], NBNSYS0000003791 [Broad-leaved Dock(2)], NBNSYS0000003796 [Wood Dock(2)], NBNSYS0000003804 [Pellitory-of-the-wall(3)], NBNSYS0000003807 [Common Nettle(2)], NBNSYS0000003809 [Hop], NBNSYS0000003827 [Silver Birch(2)], NBNSYS0000003829 [Downy Birch], NBNSYS0000003836 [Grey Alder], NBNSYS0000003839 [Hazel(2)], NBNSYS0000003840 [Beech], NBNSYS0000003844 [Evergreen Oak(2)], NBNSYS0000003845 [Pedunculate Oak(2)], NBNSYS0000003868 [Goat Willow], NBNSYS0000003902 [Heather(3)], NBNSYS0000003909 [Bell Heather(3)], NBNSYS0000003934 [Yellow Pimpernel], NBNSYS0000003949 [Ash(2)], NBNSYS0000003951 [Wild Privet(2)], NBNSYS0000003952 [Garden Privet(2)], NBNSYS0000004004 [Lungwort], NBNSYS0000004012 [Field Forget-me-not(2)], NBNSYS0000004022 [Field Bindweed(2)], NBNSYS0000004037 [Bittersweet], NBNSYS0000004046 [Great Mullein(2)], NBNSYS0000004060 [Snapdragon(2)], NBNSYS0000004072 [Small Toadflax], NBNSYS0000004079 [Water Figwort(3)], NBNSYS0000004096 [Brooklime(2)], NBNSYS0000004103 [Wood Speedwell], NBNSYS0000004104 [Germander Speedwell], NBNSYS0000004112 [Thyme-leaved Speedwell], NBNSYS0000004115 [Wall Speedwell(2)], NBNSYS0000004120 [Ivy-leaved Speedwell(2)], NBNSYS0000004191 [Vervain(2)], NBNSYS0000004225 [Selfheal(2)], NBNSYS0000004236 [Hedge Woundwort(2)], NBNSYS0000004238 [Black Horehound], NBNSYS0000004243 [Red Dead-nettle], NBNSYS0000004244 [White Dead-nettle(2)], NBNSYS0000004257 [Ground-ivy], NBNSYS0000004267 [Wood Sage(3)], NBNSYS0000004269 [Bugle], NBNSYS0000004273 [Greater Plantain(2)], NBNSYS0000004275 [Ribwort Plantain(2)], NBNSYS0000004277 [Buck's-horn Plantain(2)], NBNSYS0000004300 [Field Madder(2)], NBNSYS0000004310 [Heath Bedstraw(3)], NBNSYS0000004319 [Cleavers(2)], NBNSYS0000004324 [Elder(2)], NBNSYS0000004327 [Laurustinus], NBNSYS0000004328 [Guelder-rose], NBNSYS0000004333 [Honeysuckle], NBNSYS0000004337 [Common Cornsalad], NBNSYS0000004346 [Red Valerian(2)], NBNSYS0000004348 [Small Teasel], NBNSYS0000004367 [Oxford Ragwort], NBNSYS0000004371 [Groundsel], NBNSYS0000004386 [Coltsfoot(2)], NBNSYS0000004417 [Goldenrod(3)], NBNSYS0000004440 [Mexican Fleabane], NBNSYS0000004445 [Daisy(2)], NBNSYS0000004446 [Hemp-agrimony(3)], NBNSYS0000004451 [Yarrow(2)], NBNSYS0000004462 [Pineappleweed], NBNSYS0000004464 [Oxeye Daisy(3)], NBNSYS0000004467 [Tansy(3)], NBNSYS0000004469 [Mugwort(3)], NBNSYS0000004487 [Welted Thistle], NBNSYS0000004490 [Spear Thistle(2)], NBNSYS0000004492 [Creeping Thistle], NBNSYS0000004515 [Nipplewort(2)], NBNSYS0000004518 [Cat's-ear(2)], NBNSYS0000004524 [Lesser Hawkbit], NBNSYS0000004527 [Goat's-beard(2)], NBNSYS0000004534 [Prickly Lettuce(3)], NBNSYS0000004535 [Great Lettuce(2)], NBNSYS0000004539 [Wall Lettuce], NBNSYS0000004542 [Perennial Sow-thistle], NBNSYS0000004543 [Smooth Sow-thistle(2)], NBNSYS0000004544 [Prickly Sow-thistle(2)], NBNSYS0000004572 [Beaked Hawk's-beard(2)], NBNSYS0000004576 [Smooth Hawk's-beard(2)], NBNSYS0000004580 [Horse-chestnut], NBNSYS0000004616 [Mock-orange], NBNSYS0000004638 [Yew], NBNSYS0000004640 [Male-fern(3)], NBNSYS0000004652(2), NBNSYS0000004689 [Soft-brome(2)], NBNSYS0000007110, NBNSYS0000014093 [Common Vetch], NBNSYS0000014362 [Wild Carrot(3)], NBNSYS0000014519 [Manna Ash], NBNSYS0000014838, NBNSYS0000033260, NBNSYS0000033488 [Trailing Bellflower(2)], NBNSYS0000033576 [Love-in-a-mist], NBNSYS0000033956 [Summer Jasmine], NBNSYS0000033983 [Stern's Cotoneaster], NBNSYS0000034382 [Bullate Cotoneaster], NBNSYS0000042194 [Stag's-horn Sumach], NBNSYS0000042601, NBNSYS0000042604, NBNSYS0000142464 [Rusty-Back Fern], NBNSYS0000142466 [Hart's-Tongue(2)], NBNSYS0000146954 [Canadian Fleabane], NBNSYS0000153184 [Yellow-Juiced Poppy], NBNSYS0000161802 [London Plane], NBNSYS0000161821 [Grey Poplar], NBNSYS0000161965, NHMSYS0000344612 [Sheep's-fescue(3)], NHMSYS0000345555 [Black-poplar], NHMSYS0000345903 [Common Vetch], NHMSYS0000455480 [Knotgrass(2)], NHMSYS0000455671 [Velvet Bent], NHMSYS0000455754 [Garlic Mustard(2)], NHMSYS0000455770 [Italian Alder], NHMSYS0000455771 [Alder(2)], NHMSYS0000456029 [Lesser / Wood Burdock(2)], NHMSYS0000456083 [Horse-radish(3)], NHMSYS0000456095 [False Oat-grass(3)], NHMSYS0000456214, NHMSYS0000456325 [Hedge Bindweed(2)], NHMSYS0000456330 [Large Bindweed(2)], NHMSYS0000456451 [Lesser Water-parsnip], NHMSYS0000456490 [Common Bistort(2)], NHMSYS0000456587 [False-brome(2)], NHMSYS0000456605 [Black Mustard], NHMSYS0000456713 [Butterfly-bush(3)], NHMSYS0000456767 [Adria Bellflower(2)], NHMSYS0000456781 [Shepherd's-purse(2)], NHMSYS0000456850 [Glaucous Sedge], NHMSYS0000456886 [Pendulous Sedge(2)], NHMSYS0000456896 [Spiked Sedge], NHMSYS0000456899 [Wood-sedge], NHMSYS0000456981 [Fern-grass], NHMSYS0000457033 [Common Centaury], NHMSYS0000457587 [Wall Cotoneaster], NHMSYS0000457765 [Lawson Cypress], NHMSYS0000457806 [Ivy-leaved Toadflax(2)], NHMSYS0000458187 [Broad Buckler-fern(3)], NHMSYS0000458335 [Sea Couch], NHMSYS0000458346 [Common Couch(2)], NHMSYS0000458403 [Hoary Willowherb], NHMSYS0000458783 [Sheep's Fescue agg.(3)], NHMSYS0000458868 [Fennel(3)], NHMSYS0000458960 [Hedge Bedstraw], NHMSYS0000459043 [Hedgerow Crane's-bill], NHMSYS0000459250 [Atlantic Ivy], NHMSYS0000459324 [Hawkweed(3)], NHMSYS0000460056 [Laburnham(2)], NHMSYS0000460126 [European Larch], NHMSYS0000460394 [Common Toadflax], NHMSYS0000460452 [Wilson's Honeysuckle], NHMSYS0000460822 [Wood Forget-me-not], NHMSYS0000460847 [daffodils], NHMSYS0000460933 [Water Cress(2)], NHMSYS0000461024 [Timothy(2)], NHMSYS0000461145 [Evening Primrose], NHMSYS0000461280 [Mouse-ear-hawkweed(3)], NHMSYS0000461810 [Smooth Meadow-grass], NHMSYS0000461949 [Soft Shield-fern], NHMSYS0000462217 [Sessile Oak], NHMSYS0000462335 [Japanese Knotweed(3)], NHMSYS0000462451(3), NHMSYS0000462477 [Japanese Rose], NHMSYS0000463048 [Fringed Pearlwort], NHMSYS0000463273 [Tall Fescue(2)], NHMSYS0000463274 [Giant Fescue], NHMSYS0000463572 [White Campion], NHMSYS0000464009 [Common Chickweed(2)], NHMSYS0000464104 [Snowberry], NHMSYS0000464161 [Dandelion(2)], NHMSYS0000464436 [Western Red-cedar], NHMSYS0000464564 [Hop Trefoil(2)], NHMSYS0000464618 [Yellow Oat-grass(2)], NHMSYS0000464695 [Western Gorse], NHMSYS0000464701 [Wych Elm], NHMSYS0000464707, NHMSYS0000464763 [Keeled-fruited Cornsalad], NHMSYS0000464821, NHMSYS0000464822, NHMSYS0000464828 [Common Field-speedwell], NHMSYS0000464829 [Grey Field-speedwell], NHMSYS0000464897 [Common Dog-violet], NHMSYS0000464947 [Rat's-tail Fescue(3)], NHMSYS0000523323, NHMSYS0000840823 [Giant Blackberry(2)], NHMSYS0001754392 [Russian Comfrey], NHMSYS0001754398 [Montbretia(2)], NHMSYS0001754450 [Lime(3)], NHMSYS0001754546 [Des Etangs' St John's-wort], NHMSYS0001754674(2), NHMSYS0001754815 [Willow-leaved Pondweed], NHMSYS0001754822 [Druce's Crane's-bill], NHMSYS0020823761 [Swine-cress], NHMSYS0021118903(3), NHMSYS0021118909(2), NHMSYS0021118915, NHMSYS0021126192 [Blue Fleabane], NHMSYS0021126272 [Tree-mallow], NHMSYS0021126306 [Yellow-flowered Strawberry], NHMSYS0021126374 [Autumn Hawkbit], NHMSYS0021127626 [Fodder Burnet], NHMSYS0021127653 [Salad Burnet], NHMSYS0021232322 [Common Knapweed(3)], NHMSYS0021240654, NHMSYS0021240659, NHMSYS0100001010 [Rosebay Willowherb(3)], NHMSYS0100001603 [Lesser Celandine(2)], NHMSYS0100001729 [Bristly Oxtongue], NHMSYS0100001785 [Bluebell(2)], NHMSYS0100001930 [Lesser Swine-cress(2)], NHMSYS0100002314 [Reflexed Stonecrop(2)]`"
**ST67H**,"`NBNSYS0000002022 [Field Horsetail(2)], NBNSYS0000002031 [Bracken(3)], NBNSYS0000002041 [Black Spleenwort], NBNSYS0000002046 [Maidenhair Spleenwort(2)], NBNSYS0000002050 [Wall-rue(2)], NBNSYS0000002054 [Lady-fern], NBNSYS0000002088 [Intermediate Polypody], NBNSYS0000002185 [Bluebell(3)], NBNSYS0000002196 [Wild Onion(2)], NBNSYS0000002205 [Ramsons], NBNSYS0000002268 [Stinking Iris], NBNSYS0000002282 [Black Bryony], NBNSYS0000002347 [Pyramidal Orchid], NBNSYS0000002351 [Lords-and-Ladies(2)], NBNSYS0000002442 [Hairy Sedge], NBNSYS0000002483 [Remote Sedge], NBNSYS0000002527 [Perennial Rye-grass(2)], NBNSYS0000002533 [Squirreltail Fescue], NBNSYS0000002544 [Annual Meadow-grass(2)], NBNSYS0000002550 [Wood Meadow-grass], NBNSYS0000002554, NBNSYS0000002557 [Rough Meadow-grass], NBNSYS0000002561 [Cock's-foot(2)], NBNSYS0000002575 [Barren Brome(3)], NBNSYS0000002600 [Wall Barley], NBNSYS0000002619 [Yorkshire-fog], NBNSYS0000002620 [Creeping Soft-grass], NBNSYS0000002638 [Common Bent], NBNSYS0000002640 [Creeping Bent], NBNSYS0000002643 [Water Bent(2)], NBNSYS0000002656 [Meadow Foxtail], NBNSYS0000002663 [Wood Millet], NBNSYS0000002667 [Sweet Vernal-grass], NBNSYS0000002689 [Bread Wheat], NBNSYS0000002693 [Stinking Hellebore], NBNSYS0000002700 [Wood Anemone], NBNSYS0000002704 [Traveller's-joy], NBNSYS0000002708 [Meadow Buttercup(2)], NBNSYS0000002709 [Creeping Buttercup(2)], NBNSYS0000002710 [Bulbous Buttercup], NBNSYS0000002742 [Columbine], NBNSYS0000002764 [Common Poppy], NBNSYS0000002769 [Opium Poppy], NBNSYS0000002775 [Greater Celandine(2)], NBNSYS0000002781 [Yellow Corydalis(2)], NBNSYS0000002785 [Tall Ramping-fumitory], NBNSYS0000002793 [Common Fumitory], NBNSYS0000002808 [Charlock(2)], NBNSYS0000002811 [Annual Wall-rocket], NBNSYS0000002812 [Perennial Wall-rocket], NBNSYS0000002837 [Hoary Cress], NBNSYS0000002854 [Danish Scurvygrass], NBNSYS0000002875 [Wavy Bitter-cress], NBNSYS0000002876 [Hairy Bitter-cress(2)], NBNSYS0000002904 [Wallflower], NBNSYS0000002906 [Hedge Mustard(2)], NBNSYS0000002913 [Thale Cress(2)], NBNSYS0000002918 [Honesty], NBNSYS0000002919 [Weld], NBNSYS0000002953 [Tutsan], NBNSYS0000002957 [Perforate St John's-wort], NBNSYS0000002991 [Small-flowered Catchfly], NBNSYS0000003022 [Common Mouse-ear(2)], NBNSYS0000003023 [Sticky Mouse-ear(2)], NBNSYS0000003035 [Greater Stitchwort(2)], NBNSYS0000003044 [Procumbent Pearlwort(2)], NBNSYS0000003091, NBNSYS0000003130 [Musk-mallow], NBNSYS0000003131 [Common Mallow], NBNSYS0000003147 [Meadow Crane's-bill], NBNSYS0000003157 [Cut-leaved Crane's-bill], NBNSYS0000003158 [Round-leaved Crane's-bill], NBNSYS0000003159 [Dove's-foot Crane's-bill], NBNSYS0000003162 [Herb-Robert(2)], NBNSYS0000003176 [Procumbent Yellow-sorrel], NBNSYS0000003181 [Large-flowered Pink-sorrel], NBNSYS0000003191 [Sycamore(2)], NBNSYS0000003192 [Norway Maple(2)], NBNSYS0000003193 [Field Maple(2)], NBNSYS0000003194 [Holly], NBNSYS0000003195 [Spindle], NBNSYS0000003211 [Gorse], NBNSYS0000003222 [Black Medick], NBNSYS0000003231 [Red Clover], NBNSYS0000003246 [Alsike Clover], NBNSYS0000003247 [White Clover(2)], NBNSYS0000003252 [Lesser Trefoil(2)], NBNSYS0000003258 [Common Bird's-foot-trefoil], NBNSYS0000003283 [Tufted Vetch], NBNSYS0000003290 [Bush Vetch(2)], NBNSYS0000003301 [Meadow Vetchling], NBNSYS0000003303 [Narrow-leaved Everlasting-pea], NBNSYS0000003322 [Raspberry], NBNSYS0000003328 [Bramble(2)], NBNSYS0000003341 [Silverweed], NBNSYS0000003354 [Creeping Cinquefoil(2)], NBNSYS0000003361 [Wood Avens(2)], NBNSYS0000003412 [Blackthorn], NBNSYS0000003413 [Wild Plum], NBNSYS0000003417 [Wild Cherry], NBNSYS0000003419 [Bird Cherry], NBNSYS0000003420 [Cherry Laurel], NBNSYS0000003421 [Portugal Laurel], NBNSYS0000003430 [Hawthorn(2)], NBNSYS0000003438 [Rowan(2)], NBNSYS0000003448 [Common Whitebeam], NBNSYS0000003463(2), NBNSYS0000003473 [White Stonecrop], NBNSYS0000003513 [Red Currant(2)], NBNSYS0000003516 [Flowering Currant], NBNSYS0000003518 [Gooseberry], NBNSYS0000003536 [Great Willowherb(2)], NBNSYS0000003546 [Broad-leaved Willowherb], NBNSYS0000003604 [Enchanter's-nightshade], NBNSYS0000003626 [Dogwood(2)], NBNSYS0000003641 [Cow Parsley(2)], NBNSYS0000003646 [Upright Hedge-parsley], NBNSYS0000003652 [Alexanders], NBNSYS0000003655 [Hemlock], NBNSYS0000003673 [Stone Parsley], NBNSYS0000003681 [Pignut], NBNSYS0000003684 [Ground-elder(2)], NBNSYS0000003693 [Hemlock Water-dropwort], NBNSYS0000003696 [Fool's Parsley], NBNSYS0000003710 [Hogweed(2)], NBNSYS0000003717 [White Bryony], NBNSYS0000003721 [Dog's Mercury], NBNSYS0000003722 [Annual Mercury], NBNSYS0000003732 [Sun Spurge], NBNSYS0000003733 [Petty Spurge(2)], NBNSYS0000003743, NBNSYS0000003745 [Equal-leaved Knotgrass], NBNSYS0000003753 [Redshank], NBNSYS0000003761 [Russian-vine], NBNSYS0000003778 [Common Sorrel(2)], NBNSYS0000003789 [Curled Dock(2)], NBNSYS0000003791 [Broad-leaved Dock(2)], NBNSYS0000003796 [Wood Dock(2)], NBNSYS0000003797 [Clustered Dock], NBNSYS0000003804 [Pellitory-of-the-wall], NBNSYS0000003805 [Mind-your-own-business(2)], NBNSYS0000003806 [Small Nettle], NBNSYS0000003807 [Common Nettle(2)], NBNSYS0000003809 [Hop], NBNSYS0000003827 [Silver Birch(2)], NBNSYS0000003836 [Grey Alder], NBNSYS0000003838 [Hornbeam], NBNSYS0000003839 [Hazel], NBNSYS0000003840 [Beech], NBNSYS0000003843 [Turkey Oak], NBNSYS0000003844 [Evergreen Oak], NBNSYS0000003845 [Pedunculate Oak(2)], NBNSYS0000003868 [Goat Willow], NBNSYS0000003871 [Common Sallow], NBNSYS0000003935 [Creeping-Jenny], NBNSYS0000003949 [Ash(2)], NBNSYS0000003950 [Lilac(2)], NBNSYS0000003951 [Wild Privet], NBNSYS0000003952 [Garden Privet], NBNSYS0000003977 [Fringed Water-lily], NBNSYS0000004012 [Field Forget-me-not], NBNSYS0000004022 [Field Bindweed(2)], NBNSYS0000004037 [Bittersweet], NBNSYS0000004039 [Black Nightshade], NBNSYS0000004046 [Great Mullein], NBNSYS0000004060 [Snapdragon], NBNSYS0000004078 [Common Figwort(2)], NBNSYS0000004094 [Foxglove], NBNSYS0000004096 [Brooklime], NBNSYS0000004103 [Wood Speedwell], NBNSYS0000004104 [Germander Speedwell], NBNSYS0000004112 [Thyme-leaved Speedwell(2)], NBNSYS0000004115 [Wall Speedwell(2)], NBNSYS0000004120 [Ivy-leaved Speedwell(2)], NBNSYS0000004164 [Red Bartsia], NBNSYS0000004191 [Vervain], NBNSYS0000004217 [Wild Basil], NBNSYS0000004218 [Balm], NBNSYS0000004225 [Selfheal(2)], NBNSYS0000004236 [Hedge Woundwort(2)], NBNSYS0000004243 [Red Dead-nettle], NBNSYS0000004244 [White Dead-nettle(2)], NBNSYS0000004257 [Ground-ivy], NBNSYS0000004273 [Greater Plantain(2)], NBNSYS0000004275 [Ribwort Plantain(2)], NBNSYS0000004300 [Field Madder(2)], NBNSYS0000004309 [Lady's Bedstraw], NBNSYS0000004319 [Cleavers(2)], NBNSYS0000004324 [Elder(2)], NBNSYS0000004328 [Guelder-rose], NBNSYS0000004346 [Red Valerian(2)], NBNSYS0000004367 [Oxford Ragwort(2)], NBNSYS0000004371 [Groundsel(2)], NBNSYS0000004386 [Coltsfoot], NBNSYS0000004392 [Pot Marigold], NBNSYS0000004440 [Mexican Fleabane], NBNSYS0000004445 [Daisy(2)], NBNSYS0000004446 [Hemp-agrimony], NBNSYS0000004451 [Yarrow(2)], NBNSYS0000004462 [Pineappleweed], NBNSYS0000004464 [Oxeye Daisy(2)], NBNSYS0000004467 [Tansy], NBNSYS0000004469 [Mugwort(2)], NBNSYS0000004490 [Spear Thistle(2)], NBNSYS0000004492 [Creeping Thistle(2)], NBNSYS0000004515 [Nipplewort(2)], NBNSYS0000004518 [Cat's-ear], NBNSYS0000004527 [Goat's-beard], NBNSYS0000004534 [Prickly Lettuce(2)], NBNSYS0000004535 [Great Lettuce], NBNSYS0000004539 [Wall Lettuce(2)], NBNSYS0000004543 [Smooth Sow-thistle(2)], NBNSYS0000004544 [Prickly Sow-thistle(2)], NBNSYS0000004572 [Beaked Hawk's-beard(2)], NBNSYS0000004576 [Smooth Hawk's-beard], NBNSYS0000004580 [Horse-chestnut(2)], NBNSYS0000004629 [Scots Pine], NBNSYS0000004638 [Yew], NBNSYS0000004640 [Male-fern(2)], NBNSYS0000004652, NBNSYS0000004689 [Soft-brome], NBNSYS0000004772 [Small-flowered Evening-primrose], NBNSYS0000004790, NBNSYS0000014001 [Long-headed Poppy], NBNSYS0000014093 [Common Vetch], NBNSYS0000014362 [Wild Carrot], NBNSYS0000014838, NBNSYS0000033488 [Trailing Bellflower], NBNSYS0000033500 [Globe Artichoke], NBNSYS0000033576 [Love-in-a-mist], NBNSYS0000042601, NBNSYS0000142464 [Rusty-Back Fern(2)], NBNSYS0000142466 [Hart's-Tongue(3)], NBNSYS0000146954 [Canadian Fleabane], NBNSYS0000161415 [Japanese Anemone], NBNSYS0000161452, NBNSYS0100003073, NHMSYS0000345555 [Black-poplar], NHMSYS0000345661 [Sweet-briar], NHMSYS0000455480 [Knotgrass], NHMSYS0000455754 [Garlic Mustard(3)], NHMSYS0000455771 [Alder], NHMSYS0000456029 [Lesser / Wood Burdock(2)], NHMSYS0000456083 [Horse-radish], NHMSYS0000456095 [False Oat-grass(2)], NHMSYS0000456214(2), NHMSYS0000456325 [Hedge Bindweed], NHMSYS0000456330 [Large Bindweed], NHMSYS0000456587 [False-brome(2)], NHMSYS0000456655 [Hairy-brome], NHMSYS0000456713 [Butterfly-bush(2)], NHMSYS0000456767 [Adria Bellflower(2)], NHMSYS0000456781 [Shepherd's-purse(2)], NHMSYS0000456886 [Pendulous Sedge], NHMSYS0000456899 [Wood-sedge], NHMSYS0000456969 [Sweet Chestnut], NHMSYS0000457587 [Wall Cotoneaster], NHMSYS0000457806 [Ivy-leaved Toadflax(2)], NHMSYS0000458048 [Tufted Hair-grass], NHMSYS0000458187 [Broad Buckler-fern], NHMSYS0000458258 [Cockspur], NHMSYS0000458346 [Common Couch], NHMSYS0000458397 [American Willowherb], NHMSYS0000458403 [Hoary Willowherb], NHMSYS0000458574 [Musk Stork's-bill], NHMSYS0000458626 [Evergreen Spindle], NHMSYS0000458960 [Hedge Bedstraw], NHMSYS0000459034 [French Crane's-bill], NHMSYS0000459043 [Hedgerow Crane's-bill], NHMSYS0000459250 [Atlantic Ivy(2)], NHMSYS0000459324 [Hawkweed], NHMSYS0000459718 [Hoary Mustard], NHMSYS0000460024 [Field Scabious], NHMSYS0000460386 [Purple Toadflax], NHMSYS0000460450 [Japanese Honeysuckle], NHMSYS0000460452 [Wilson's Honeysuckle], NHMSYS0000460501 [Great Wood-rush], NHMSYS0000460629 [Spotted Medick], NHMSYS0000460822 [Wood Forget-me-not(2)], NHMSYS0000461024 [Timothy], NHMSYS0000461145 [Evening Primrose], NHMSYS0000461148 [Large-flowered Evening-primrose], NHMSYS0000461270 [Fox-and-cubs], NHMSYS0000461280 [Mouse-ear-hawkweed], NHMSYS0000461565 [Green Alkanet], NHMSYS0000461597 [Amphibious Bistort], NHMSYS0000461628 [Winter Heliotrope], NHMSYS0000461810 [Smooth Meadow-grass], NHMSYS0000461949 [Soft Shield-fern(2)], NHMSYS0000462101 [Arrow Bamboo], NHMSYS0000462184 [Firethorn], NHMSYS0000462217 [Sessile Oak], NHMSYS0000462335 [Japanese Knotweed(2)], NHMSYS0000462445 [Field-rose], NHMSYS0000462451(2), NHMSYS0000463273 [Tall Fescue], NHMSYS0000464009 [Common Chickweed(2)], NHMSYS0000464153 [Feverfew(2)], NHMSYS0000464161 [Dandelion(2)], NHMSYS0000464606 [Scentless Mayweed], NHMSYS0000464701 [Wych Elm], NHMSYS0000464763 [Keeled-fruited Cornsalad], NHMSYS0000464816 [Slender Speedwell(2)], NHMSYS0000464821, NHMSYS0000464822, NHMSYS0000464828 [Common Field-speedwell], NHMSYS0000464829 [Grey Field-speedwell], NHMSYS0000464896 [Early Dog-violet], NHMSYS0000464897 [Common Dog-violet], NHMSYS0000494763, NHMSYS0000523323(2), NHMSYS0000840823 [Giant Blackberry], NHMSYS0001754398 [Montbretia], NHMSYS0001754450 [Lime], NHMSYS0001754477 [Hybrid Black-poplar], NHMSYS0001754674, NHMSYS0021118909(2), NHMSYS0021118915, NHMSYS0021126374 [Autumn Hawkbit], NHMSYS0021232322 [Common Knapweed(2)], NHMSYS0100001010 [Rosebay Willowherb(2)], NHMSYS0100001603 [Lesser Celandine(2)], NHMSYS0100001729 [Bristly Oxtongue], NHMSYS0100001785 [Bluebell(2)], NHMSYS0100001930 [Lesser Swine-cress], NHMSYS0100002292 [Welsh Poppy]`"
**ST67I**,"`NBNSYS0000002022 [Field Horsetail], NBNSYS0000002031 [Bracken(2)], NBNSYS0000002036 [Hard-fern], NBNSYS0000002041 [Black Spleenwort], NBNSYS0000002043 [Lanceolate Spleenwort], NBNSYS0000002046 [Maidenhair Spleenwort(2)], NBNSYS0000002050 [Wall-rue(3)], NBNSYS0000002054 [Lady-fern(3)], NBNSYS0000002087 [Polypody], NBNSYS0000002088 [Intermediate Polypody(2)], NBNSYS0000002105 [Arrowhead], NBNSYS0000002170 [Butcher's-broom], NBNSYS0000002185 [Bluebell(3)], NBNSYS0000002196 [Wild Onion(3)], NBNSYS0000002205 [Ramsons(3)], NBNSYS0000002220 [Hard Rush], NBNSYS0000002221 [Soft-rush(2)], NBNSYS0000002222 [Compact Rush(2)], NBNSYS0000002239 [Hairy Wood-rush], NBNSYS0000002246 [Field Wood-rush(3)], NBNSYS0000002268 [Stinking Iris], NBNSYS0000002269 [Yellow Iris(3)], NBNSYS0000002282 [Black Bryony], NBNSYS0000002351 [Lords-and-Ladies(3)], NBNSYS0000002358 [Common Duckweed], NBNSYS0000002361 [Branched Bur-reed], NBNSYS0000002366 [Unbranched Bur-reed], NBNSYS0000002382 [Wood Club-rush], NBNSYS0000002483 [Remote Sedge(3)], NBNSYS0000002500 [Heath-grass], NBNSYS0000002527 [Perennial Rye-grass(3)], NBNSYS0000002529 [Italian Rye-grass], NBNSYS0000002544 [Annual Meadow-grass(3)], NBNSYS0000002550 [Wood Meadow-grass], NBNSYS0000002553 [Flattened Meadow-grass], NBNSYS0000002554(2), NBNSYS0000002557 [Rough Meadow-grass(2)], NBNSYS0000002561 [Cock's-foot(3)], NBNSYS0000002563 [Crested Dog's-tail(3)], NBNSYS0000002568 [Wood Melick(3)], NBNSYS0000002575 [Barren Brome(2)], NBNSYS0000002594 [Bearded Couch], NBNSYS0000002600 [Wall Barley(3)], NBNSYS0000002612 [Wild-oat], NBNSYS0000002619 [Yorkshire-fog(2)], NBNSYS0000002620 [Creeping Soft-grass(2)], NBNSYS0000002638 [Common Bent(3)], NBNSYS0000002640 [Creeping Bent(3)], NBNSYS0000002643 [Water Bent], NBNSYS0000002650 [Smaller Cat's-tail], NBNSYS0000002656 [Meadow Foxtail(2)], NBNSYS0000002663 [Wood Millet(2)], NBNSYS0000002667 [Sweet Vernal-grass], NBNSYS0000002669 [Reed Canary-grass(2)], NBNSYS0000002689 [Bread Wheat], NBNSYS0000002700 [Wood Anemone(2)], NBNSYS0000002704 [Traveller's-joy(2)], NBNSYS0000002708 [Meadow Buttercup(2)], NBNSYS0000002709 [Creeping Buttercup(3)], NBNSYS0000002710 [Bulbous Buttercup(3)], NBNSYS0000002742 [Columbine], NBNSYS0000002764 [Common Poppy(2)], NBNSYS0000002769 [Opium Poppy], NBNSYS0000002781 [Yellow Corydalis(2)], NBNSYS0000002785 [Tall Ramping-fumitory], NBNSYS0000002793 [Common Fumitory], NBNSYS0000002801 [Rape], NBNSYS0000002808 [Charlock(2)], NBNSYS0000002841 [Field Penny-cress(2)], NBNSYS0000002854 [Danish Scurvygrass], NBNSYS0000002874 [Narrow-leaved Bitter-cress(3)], NBNSYS0000002875 [Wavy Bitter-cress(3)], NBNSYS0000002876 [Hairy Bitter-cress(2)], NBNSYS0000002897 [Marsh Yellow-cress], NBNSYS0000002906 [Hedge Mustard(2)], NBNSYS0000002913 [Thale Cress(2)], NBNSYS0000002918 [Honesty], NBNSYS0000002924 [Sweet Violet(2)], NBNSYS0000002947 [Field Pansy], NBNSYS0000002953 [Tutsan(2)], NBNSYS0000002957 [Perforate St John's-wort(2)], NBNSYS0000002998 [Red Campion(3)], NBNSYS0000003022 [Common Mouse-ear(3)], NBNSYS0000003023 [Sticky Mouse-ear(3)], NBNSYS0000003035 [Greater Stitchwort(2)], NBNSYS0000003037 [Lesser Stitchwort(2)], NBNSYS0000003044 [Procumbent Pearlwort(2)], NBNSYS0000003058 [Three-nerved Sandwort(2)], NBNSYS0000003074 [Blinks], NBNSYS0000003091(2), NBNSYS0000003112 [Spear-leaved Orache], NBNSYS0000003131 [Common Mallow(2)], NBNSYS0000003157 [Cut-leaved Crane's-bill(2)], NBNSYS0000003158 [Round-leaved Crane's-bill(2)], NBNSYS0000003159 [Dove's-foot Crane's-bill(3)], NBNSYS0000003160 [Small-flowered Crane's-bill], NBNSYS0000003161 [Shining Crane's-bill], NBNSYS0000003162 [Herb-Robert(3)], NBNSYS0000003175 [Wood-sorrel(2)], NBNSYS0000003189 [Himalayan Balsam(3)], NBNSYS0000003191 [Sycamore(3)], NBNSYS0000003192 [Norway Maple(2)], NBNSYS0000003193 [Field Maple(3)], NBNSYS0000003194 [Holly(3)], NBNSYS0000003195 [Spindle], NBNSYS0000003197 [Box], NBNSYS0000003222 [Black Medick(2)], NBNSYS0000003226 [Tall Melilot], NBNSYS0000003231 [Red Clover(2)], NBNSYS0000003247 [White Clover(3)], NBNSYS0000003252 [Lesser Trefoil(2)], NBNSYS0000003258 [Common Bird's-foot-trefoil(3)], NBNSYS0000003274 [Bird's-foot], NBNSYS0000003283 [Tufted Vetch], NBNSYS0000003285 [Fodder Vetch], NBNSYS0000003290 [Bush Vetch(2)], NBNSYS0000003299 [Grass Vetchling], NBNSYS0000003301 [Meadow Vetchling], NBNSYS0000003316 [Meadowsweet(3)], NBNSYS0000003322 [Raspberry(2)], NBNSYS0000003328 [Bramble(3)], NBNSYS0000003339 [Barren Strawberry(3)], NBNSYS0000003341 [Silverweed], NBNSYS0000003349 [Tormentil], NBNSYS0000003354 [Creeping Cinquefoil(3)], NBNSYS0000003361 [Wood Avens(3)], NBNSYS0000003366 [Agrimony(2)], NBNSYS0000003412 [Blackthorn(3)], NBNSYS0000003416 [Cherry Plum], NBNSYS0000003417 [Wild Cherry(3)], NBNSYS0000003420 [Cherry Laurel(3)], NBNSYS0000003430 [Hawthorn(3)], NBNSYS0000003438 [Rowan(2)], NBNSYS0000003442 [Swedish Whitebeam], NBNSYS0000003460 [Wild Service-tree(3)], NBNSYS0000003463, NBNSYS0000003477 [Biting Stonecrop], NBNSYS0000003498 [Rue-leaved Saxifrage(2)], NBNSYS0000003510 [Opposite-leaved Golden-saxifrage(3)], NBNSYS0000003513 [Red Currant(2)], NBNSYS0000003518 [Gooseberry(2)], NBNSYS0000003524 [Purple-loosestrife(2)], NBNSYS0000003536 [Great Willowherb(3)], NBNSYS0000003546 [Broad-leaved Willowherb(3)], NBNSYS0000003551 [Spear-leaved Willowherb], NBNSYS0000003604 [Enchanter's-nightshade(3)], NBNSYS0000003624 [Mistletoe], NBNSYS0000003626 [Dogwood(2)], NBNSYS0000003628 [Cornelian-cherry], NBNSYS0000003641 [Cow Parsley(3)], NBNSYS0000003646 [Upright Hedge-parsley], NBNSYS0000003655 [Hemlock], NBNSYS0000003681 [Pignut(2)], NBNSYS0000003682 [Burnet-saxifrage], NBNSYS0000003684 [Ground-elder(3)], NBNSYS0000003693 [Hemlock Water-dropwort(2)], NBNSYS0000003696 [Fool's Parsley], NBNSYS0000003703 [Wild Angelica(2)], NBNSYS0000003710 [Hogweed(3)], NBNSYS0000003721 [Dog's Mercury(3)], NBNSYS0000003722 [Annual Mercury(3)], NBNSYS0000003725 [Caper Spurge], NBNSYS0000003730 [Broad-leaved Spurge], NBNSYS0000003732 [Sun Spurge(2)], NBNSYS0000003733 [Petty Spurge(3)], NBNSYS0000003743(3), NBNSYS0000003745 [Equal-leaved Knotgrass(2)], NBNSYS0000003753 [Redshank], NBNSYS0000003761 [Russian-vine], NBNSYS0000003774 [Sheep's Sorrel], NBNSYS0000003778 [Common Sorrel(3)], NBNSYS0000003789 [Curled Dock(3)], NBNSYS0000003791 [Broad-leaved Dock(3)], NBNSYS0000003796 [Wood Dock(3)], NBNSYS0000003797 [Clustered Dock(2)], NBNSYS0000003804 [Pellitory-of-the-wall(3)], NBNSYS0000003805 [Mind-your-own-business], NBNSYS0000003806 [Small Nettle(2)], NBNSYS0000003807 [Common Nettle(3)], NBNSYS0000003827 [Silver Birch(2)], NBNSYS0000003838 [Hornbeam], NBNSYS0000003839 [Hazel(3)], NBNSYS0000003840 [Beech(3)], NBNSYS0000003843 [Turkey Oak(2)], NBNSYS0000003844 [Evergreen Oak], NBNSYS0000003845 [Pedunculate Oak(3)], NBNSYS0000003866 [Osier], NBNSYS0000003868 [Goat Willow(2)], NBNSYS0000003888 [Rhododendron(2)], NBNSYS0000003934 [Yellow Pimpernel], NBNSYS0000003949 [Ash(3)], NBNSYS0000003950 [Lilac(2)], NBNSYS0000003951 [Wild Privet(3)], NBNSYS0000003952 [Garden Privet(2)], NBNSYS0000003954 [Greater Periwinkle(2)], NBNSYS0000003984 [Common Comfrey(2)], NBNSYS0000003989 [White Comfrey], NBNSYS0000004005 [Water Forget-me-not], NBNSYS0000004012 [Field Forget-me-not], NBNSYS0000004022 [Field Bindweed(2)], NBNSYS0000004037 [Bittersweet], NBNSYS0000004039 [Black Nightshade], NBNSYS0000004046 [Great Mullein(3)], NBNSYS0000004075 [Sharp-leaved Fluellen], NBNSYS0000004078 [Common Figwort(3)], NBNSYS0000004079 [Water Figwort(3)], NBNSYS0000004094 [Foxglove(2)], NBNSYS0000004096 [Brooklime(2)], NBNSYS0000004103 [Wood Speedwell], NBNSYS0000004104 [Germander Speedwell(3)], NBNSYS0000004112 [Thyme-leaved Speedwell(2)], NBNSYS0000004115 [Wall Speedwell(2)], NBNSYS0000004120 [Ivy-leaved Speedwell(3)], NBNSYS0000004125 [Green Field-speedwell], NBNSYS0000004180 [Ivy Broomrape(3)], NBNSYS0000004191 [Vervain], NBNSYS0000004206 [Gypsywort], NBNSYS0000004225 [Selfheal(3)], NBNSYS0000004236 [Hedge Woundwort(3)], NBNSYS0000004243 [Red Dead-nettle(2)], NBNSYS0000004244 [White Dead-nettle(3)], NBNSYS0000004252 [Common Hemp-Nettle agg.], NBNSYS0000004253 [Common Hemp-nettle], NBNSYS0000004257 [Ground-ivy(3)], NBNSYS0000004267 [Wood Sage], NBNSYS0000004269 [Bugle], NBNSYS0000004273 [Greater Plantain(3)], NBNSYS0000004275 [Ribwort Plantain(3)], NBNSYS0000004288 [Harebell], NBNSYS0000004319 [Cleavers(3)], NBNSYS0000004324 [Elder(3)], NBNSYS0000004333 [Honeysuckle(2)], NBNSYS0000004336 [Moschatel(2)], NBNSYS0000004343 [Common Valerian], NBNSYS0000004346 [Red Valerian(2)], NBNSYS0000004348 [Small Teasel(3)], NBNSYS0000004355 [Trifid Bur-marigold(2)], NBNSYS0000004371 [Groundsel(2)], NBNSYS0000004386 [Coltsfoot], NBNSYS0000004401 [Common Fleabane], NBNSYS0000004440 [Mexican Fleabane], NBNSYS0000004445 [Daisy(3)], NBNSYS0000004451 [Yarrow(3)], NBNSYS0000004462 [Pineappleweed(2)], NBNSYS0000004464 [Oxeye Daisy(2)], NBNSYS0000004469 [Mugwort(3)], NBNSYS0000004490 [Spear Thistle(3)], NBNSYS0000004492 [Creeping Thistle(2)], NBNSYS0000004515 [Nipplewort(3)], NBNSYS0000004518 [Cat's-ear(3)], NBNSYS0000004534 [Prickly Lettuce], NBNSYS0000004539 [Wall Lettuce(3)], NBNSYS0000004543 [Smooth Sow-thistle(3)], NBNSYS0000004544 [Prickly Sow-thistle(2)], NBNSYS0000004572 [Beaked Hawk's-beard(2)], NBNSYS0000004576 [Smooth Hawk's-beard], NBNSYS0000004580 [Horse-chestnut(3)], NBNSYS0000004629 [Scots Pine(2)], NBNSYS0000004638 [Yew], NBNSYS0000004640 [Male-fern(3)], NBNSYS0000004652(3), NBNSYS0000004689 [Soft-brome], NBNSYS0000004790, NBNSYS0000014001 [Long-headed Poppy], NBNSYS0000014093 [Common Vetch(2)], NBNSYS0000014362 [Wild Carrot(3)], NBNSYS0000033488 [Trailing Bellflower], NBNSYS0000034210 [Spotted-laurel], NBNSYS0000037346 [Sunflower], NBNSYS0000042194 [Stag's-horn Sumach], NBNSYS0000042601, NBNSYS0000101088, NBNSYS0000141953 [Parsley-piert(2)], NBNSYS0000142464 [Rusty-Back Fern(3)], NBNSYS0000142466 [Hart's-Tongue(3)], NBNSYS0000146954 [Canadian Fleabane], NBNSYS0000146958 [Guernsey Fleabane], NBNSYS0000161821 [Grey Poplar], NBNSYS0000161876 [Hybrid Oak(2)], NBNSYS0000161986 [Weeping Willow], NBNSYS0100001604 [Slender Parsley-piert], NBNSYS0100003073, NHMSYS0000455480 [Knotgrass(3)], NHMSYS0000455754 [Garlic Mustard(3)], NHMSYS0000455771 [Alder(2)], NHMSYS0000455991 [Parsley Piert(2)], NHMSYS0000456029 [Lesser / Wood Burdock(3)], NHMSYS0000456083 [Horse-radish(2)], NHMSYS0000456095 [False Oat-grass(3)], NHMSYS0000456214(2), NHMSYS0000456325 [Hedge Bindweed], NHMSYS0000456330 [Large Bindweed], NHMSYS0000456377 [Downy Oat], NHMSYS0000456587 [False-brome(3)], NHMSYS0000456605 [Black Mustard], NHMSYS0000456655 [Hairy-brome(2)], NHMSYS0000456713 [Butterfly-bush(2)], NHMSYS0000456767 [Adria Bellflower(3)], NHMSYS0000456781 [Shepherd's-purse(2)], NHMSYS0000456850 [Glaucous Sedge], NHMSYS0000456886 [Pendulous Sedge(3)], NHMSYS0000456898 [Thin-spiked Wood-sedge(4)], NHMSYS0000456899 [Wood-sedge(3)], NHMSYS0000456969 [Sweet Chestnut], NHMSYS0000457587 [Wall Cotoneaster], NHMSYS0000457806 [Ivy-leaved Toadflax(3)], NHMSYS0000457901 [Common Spotted-orchid], NHMSYS0000457949 [Southern Marsh-orchid], NHMSYS0000458048 [Tufted Hair-grass(3)], NHMSYS0000458179, NHMSYS0000458187 [Broad Buckler-fern(3)], NHMSYS0000458346 [Common Couch(2)], NHMSYS0000458397 [American Willowherb], NHMSYS0000458403 [Hoary Willowherb], NHMSYS0000458868 [Fennel], NHMSYS0000458958 [Shaggy Soldier], NHMSYS0000459043 [Hedgerow Crane's-bill], NHMSYS0000459250 [Atlantic Ivy], NHMSYS0000459324 [Hawkweed], NHMSYS0000459860 [Square-stalked St John's-wort], NHMSYS0000460452 [Wilson's Honeysuckle], NHMSYS0000460501 [Great Wood-rush(3)], NHMSYS0000460629 [Spotted Medick], NHMSYS0000460822 [Wood Forget-me-not], NHMSYS0000460847 [daffodils], NHMSYS0000461024 [Timothy(2)], NHMSYS0000461270 [Fox-and-cubs], NHMSYS0000461280 [Mouse-ear-hawkweed(2)], NHMSYS0000461294 [Bee Orchid], NHMSYS0000461565 [Green Alkanet(3)], NHMSYS0000461597 [Amphibious Bistort], NHMSYS0000461603 [Water-pepper(2)], NHMSYS0000461604 [Pale Persicaria], NHMSYS0000461628 [Winter Heliotrope(3)], NHMSYS0000461810 [Smooth Meadow-grass(2)], NHMSYS0000461949 [Soft Shield-fern(3)], NHMSYS0000462067 [Primrose], NHMSYS0000462217 [Sessile Oak(3)], NHMSYS0000462283 [Wild Radish], NHMSYS0000462445 [Field-rose], NHMSYS0000462451, NHMSYS0000463273 [Tall Fescue(2)], NHMSYS0000463274 [Giant Fescue(2)], NHMSYS0000463276 [Meadow Fescue], NHMSYS0000463572 [White Campion], NHMSYS0000464009 [Common Chickweed(3)], NHMSYS0000464104 [Snowberry(3)], NHMSYS0000464153 [Feverfew(2)], NHMSYS0000464161 [Dandelion(3)], NHMSYS0000464454 [Small-leaved Lime(2)], NHMSYS0000464493 [Knotted Hedge-parsley], NHMSYS0000464564 [Hop Trefoil], NHMSYS0000464606 [Scentless Mayweed(2)], NHMSYS0000464618 [Yellow Oat-grass], NHMSYS0000464701 [Wych Elm(3)], NHMSYS0000464707(3), NHMSYS0000464816 [Slender Speedwell(3)], NHMSYS0000464821(2), NHMSYS0000464822(2), NHMSYS0000464828 [Common Field-speedwell(3)], NHMSYS0000464829 [Grey Field-speedwell(2)], NHMSYS0000464897 [Common Dog-violet(2)], NHMSYS0000494763(3), NHMSYS0000523323(3), NHMSYS0000840823 [Giant Blackberry(2)], NHMSYS0001754450 [Lime(2)], NHMSYS0001754477 [Hybrid Black-poplar(2)], NHMSYS0001754582 [Hybrid Woundwort], NHMSYS0001754629 [Garden Pansy], NHMSYS0001754674, NHMSYS0020823761 [Swine-cress], NHMSYS0021118903(2), NHMSYS0021118909(3), NHMSYS0021126306 [Yellow-flowered Strawberry], NHMSYS0021126374 [Autumn Hawkbit(2)], NHMSYS0021128571 [Scented Mayweed(2)], NHMSYS0021232322 [Common Knapweed(3)], NHMSYS0021240654, NHMSYS0100001010 [Rosebay Willowherb(2)], NHMSYS0100001491 [Smooth Tare(2)], NHMSYS0100001603 [Lesser Celandine(3)], NHMSYS0100001729 [Bristly Oxtongue(2)], NHMSYS0100001785 [Bluebell(2)], NHMSYS0100001930 [Lesser Swine-cress]`"
**ST67J**,"`NBNSYS0000002022 [Field Horsetail], NBNSYS0000002046 [Maidenhair Spleenwort], NBNSYS0000002050 [Wall-rue(2)], NBNSYS0000002185 [Bluebell], NBNSYS0000002196 [Wild Onion(3)], NBNSYS0000002220 [Hard Rush], NBNSYS0000002221 [Soft-rush], NBNSYS0000002269 [Yellow Iris(2)], NBNSYS0000002282 [Black Bryony], NBNSYS0000002351 [Lords-and-Ladies], NBNSYS0000002358 [Common Duckweed], NBNSYS0000002369 [Bulrush], NBNSYS0000002483 [Remote Sedge], NBNSYS0000002527 [Perennial Rye-grass(3)], NBNSYS0000002544 [Annual Meadow-grass(2)], NBNSYS0000002554, NBNSYS0000002561 [Cock's-foot(3)], NBNSYS0000002563 [Crested Dog's-tail(2)], NBNSYS0000002575 [Barren Brome], NBNSYS0000002600 [Wall Barley], NBNSYS0000002612 [Wild-oat], NBNSYS0000002619 [Yorkshire-fog(2)], NBNSYS0000002625 [Early Hair-grass], NBNSYS0000002626 [Silver Hair-grass], NBNSYS0000002640 [Creeping Bent(3)], NBNSYS0000002650 [Smaller Cat's-tail], NBNSYS0000002689 [Bread Wheat], NBNSYS0000002691 [Marsh-marigold], NBNSYS0000002704 [Traveller's-joy], NBNSYS0000002708 [Meadow Buttercup], NBNSYS0000002709 [Creeping Buttercup(3)], NBNSYS0000002710 [Bulbous Buttercup], NBNSYS0000002742 [Columbine], NBNSYS0000002764 [Common Poppy], NBNSYS0000002775 [Greater Celandine], NBNSYS0000002781 [Yellow Corydalis], NBNSYS0000002793 [Common Fumitory], NBNSYS0000002808 [Charlock], NBNSYS0000002812 [Perennial Wall-rocket], NBNSYS0000002820 [Garden Radish], NBNSYS0000002841 [Field Penny-cress], NBNSYS0000002854 [Danish Scurvygrass(2)], NBNSYS0000002872 [Cuckooflower], NBNSYS0000002875 [Wavy Bitter-cress], NBNSYS0000002876 [Hairy Bitter-cress(2)], NBNSYS0000002906 [Hedge Mustard(2)], NBNSYS0000002913 [Thale Cress(2)], NBNSYS0000002920 [Wild Mignonette], NBNSYS0000002924 [Sweet Violet], NBNSYS0000002947 [Field Pansy], NBNSYS0000002957 [Perforate St John's-wort(2)], NBNSYS0000002967 [Hairy St John's-wort], NBNSYS0000002998 [Red Campion], NBNSYS0000003022 [Common Mouse-ear(2)], NBNSYS0000003023 [Sticky Mouse-ear], NBNSYS0000003027 [Little Mouse-ear], NBNSYS0000003035 [Greater Stitchwort], NBNSYS0000003044 [Procumbent Pearlwort], NBNSYS0000003066 [Corn Spurrey], NBNSYS0000003091, NBNSYS0000003112 [Spear-leaved Orache], NBNSYS0000003130 [Musk-mallow], NBNSYS0000003131 [Common Mallow(2)], NBNSYS0000003156 [Long-stalked Crane's-bill], NBNSYS0000003157 [Cut-leaved Crane's-bill(2)], NBNSYS0000003158 [Round-leaved Crane's-bill], NBNSYS0000003159 [Dove's-foot Crane's-bill(2)], NBNSYS0000003161 [Shining Crane's-bill(2)], NBNSYS0000003162 [Herb-Robert(2)], NBNSYS0000003191 [Sycamore(2)], NBNSYS0000003192 [Norway Maple], NBNSYS0000003193 [Field Maple(3)], NBNSYS0000003194 [Holly(2)], NBNSYS0000003195 [Spindle], NBNSYS0000003198 [Buckthorn], NBNSYS0000003222 [Black Medick(2)], NBNSYS0000003224 [Toothed Medick], NBNSYS0000003231 [Red Clover(2)], NBNSYS0000003247 [White Clover(3)], NBNSYS0000003248 [Strawberry Clover], NBNSYS0000003252 [Lesser Trefoil], NBNSYS0000003258 [Common Bird's-foot-trefoil(2)], NBNSYS0000003274 [Bird's-foot], NBNSYS0000003290 [Bush Vetch(2)], NBNSYS0000003301 [Meadow Vetchling(3)], NBNSYS0000003303 [Narrow-leaved Everlasting-pea], NBNSYS0000003322 [Raspberry], NBNSYS0000003328 [Bramble(3)], NBNSYS0000003341 [Silverweed], NBNSYS0000003354 [Creeping Cinquefoil(2)], NBNSYS0000003361 [Wood Avens], NBNSYS0000003366 [Agrimony(2)], NBNSYS0000003412 [Blackthorn(3)], NBNSYS0000003417 [Wild Cherry], NBNSYS0000003420 [Cherry Laurel], NBNSYS0000003430 [Hawthorn(3)], NBNSYS0000003438 [Rowan], NBNSYS0000003463(2), NBNSYS0000003473 [White Stonecrop], NBNSYS0000003477 [Biting Stonecrop(2)], NBNSYS0000003498 [Rue-leaved Saxifrage], NBNSYS0000003513 [Red Currant], NBNSYS0000003518 [Gooseberry], NBNSYS0000003524 [Purple-loosestrife], NBNSYS0000003536 [Great Willowherb(2)], NBNSYS0000003546 [Broad-leaved Willowherb], NBNSYS0000003626 [Dogwood], NBNSYS0000003641 [Cow Parsley(2)], NBNSYS0000003655 [Hemlock(3)], NBNSYS0000003673 [Stone Parsley(2)], NBNSYS0000003684 [Ground-elder], NBNSYS0000003690 [Corky-fruited Water-dropwort], NBNSYS0000003696 [Fool's Parsley], NBNSYS0000003703 [Wild Angelica], NBNSYS0000003710 [Hogweed(3)], NBNSYS0000003721 [Dog's Mercury], NBNSYS0000003722 [Annual Mercury(3)], NBNSYS0000003732 [Sun Spurge(3)], NBNSYS0000003733 [Petty Spurge(2)], NBNSYS0000003743, NBNSYS0000003774 [Sheep's Sorrel(2)], NBNSYS0000003778 [Common Sorrel], NBNSYS0000003789 [Curled Dock(3)], NBNSYS0000003791 [Broad-leaved Dock(2)], NBNSYS0000003796 [Wood Dock], NBNSYS0000003804 [Pellitory-of-the-wall], NBNSYS0000003807 [Common Nettle(2)], NBNSYS0000003827 [Silver Birch], NBNSYS0000003839 [Hazel(2)], NBNSYS0000003840 [Beech], NBNSYS0000003844 [Evergreen Oak], NBNSYS0000003845 [Pedunculate Oak(2)], NBNSYS0000003871 [Common Sallow(2)], NBNSYS0000003926 [Cowslip], NBNSYS0000003935 [Creeping-Jenny], NBNSYS0000003949 [Ash(3)], NBNSYS0000003951 [Wild Privet(3)], NBNSYS0000003952 [Garden Privet], NBNSYS0000003954 [Greater Periwinkle], NBNSYS0000003984 [Common Comfrey], NBNSYS0000004012 [Field Forget-me-not], NBNSYS0000004022 [Field Bindweed(2)], NBNSYS0000004037 [Bittersweet], NBNSYS0000004039 [Black Nightshade], NBNSYS0000004055 [Twiggy Mullein], NBNSYS0000004072 [Small Toadflax], NBNSYS0000004079 [Water Figwort], NBNSYS0000004104 [Germander Speedwell], NBNSYS0000004115 [Wall Speedwell], NBNSYS0000004120 [Ivy-leaved Speedwell], NBNSYS0000004164 [Red Bartsia], NBNSYS0000004225 [Selfheal], NBNSYS0000004236 [Hedge Woundwort(2)], NBNSYS0000004240 [Henbit Dead-nettle], NBNSYS0000004243 [Red Dead-nettle(2)], NBNSYS0000004244 [White Dead-nettle(2)], NBNSYS0000004257 [Ground-ivy(2)], NBNSYS0000004273 [Greater Plantain], NBNSYS0000004274 [Hoary Plantain], NBNSYS0000004275 [Ribwort Plantain(3)], NBNSYS0000004277 [Buck's-horn Plantain], NBNSYS0000004300 [Field Madder], NBNSYS0000004319 [Cleavers(2)], NBNSYS0000004324 [Elder(2)], NBNSYS0000004328 [Guelder-rose], NBNSYS0000004346 [Red Valerian], NBNSYS0000004367 [Oxford Ragwort(2)], NBNSYS0000004371 [Groundsel(2)], NBNSYS0000004386 [Coltsfoot(2)], NBNSYS0000004445 [Daisy(2)], NBNSYS0000004446 [Hemp-agrimony], NBNSYS0000004451 [Yarrow(3)], NBNSYS0000004462 [Pineappleweed(2)], NBNSYS0000004464 [Oxeye Daisy(3)], NBNSYS0000004467 [Tansy], NBNSYS0000004469 [Mugwort(3)], NBNSYS0000004490 [Spear Thistle(2)], NBNSYS0000004492 [Creeping Thistle], NBNSYS0000004515 [Nipplewort(2)], NBNSYS0000004518 [Cat's-ear(2)], NBNSYS0000004527 [Goat's-beard], NBNSYS0000004534 [Prickly Lettuce], NBNSYS0000004543 [Smooth Sow-thistle(2)], NBNSYS0000004544 [Prickly Sow-thistle(3)], NBNSYS0000004572 [Beaked Hawk's-beard], NBNSYS0000004576 [Smooth Hawk's-beard(2)], NBNSYS0000004629 [Scots Pine], NBNSYS0000004640 [Male-fern], NBNSYS0000004651 [Garden Grape-hyacinth], NBNSYS0000004652, NBNSYS0000004689 [Soft-brome], NBNSYS0000014093 [Common Vetch(2)], NBNSYS0000014362 [Wild Carrot(3)], NBNSYS0000033576 [Love-in-a-mist(2)], NBNSYS0000042601, NBNSYS0000042604, NBNSYS0000141953 [Parsley-piert], NBNSYS0000142464 [Rusty-Back Fern], NBNSYS0000142466 [Hart's-Tongue(2)], NBNSYS0000146954 [Canadian Fleabane(2)], NBNSYS0000146958 [Guernsey Fleabane], NBNSYS0100003073, NBNSYS0500000256, NHMSYS0000455480 [Knotgrass], NHMSYS0000455754 [Garlic Mustard(3)], NHMSYS0000455771 [Alder], NHMSYS0000455779 [Black-grass], NHMSYS0000455991 [Parsley Piert], NHMSYS0000456029 [Lesser / Wood Burdock(2)], NHMSYS0000456083 [Horse-radish], NHMSYS0000456095 [False Oat-grass(2)], NHMSYS0000456325 [Hedge Bindweed(2)], NHMSYS0000456587 [False-brome(2)], NHMSYS0000456713 [Butterfly-bush(2)], NHMSYS0000456781 [Shepherd's-purse(3)], NHMSYS0000456846 [Grey Sedge], NHMSYS0000456850 [Glaucous Sedge(2)], NHMSYS0000456886 [Pendulous Sedge], NHMSYS0000456899 [Wood-sedge], NHMSYS0000456981 [Fern-grass], NHMSYS0000457526 [Pampas-grass], NHMSYS0000457587 [Wall Cotoneaster], NHMSYS0000457806 [Ivy-leaved Toadflax(3)], NHMSYS0000458048 [Tufted Hair-grass(2)], NHMSYS0000458346 [Common Couch(2)], NHMSYS0000458911 [Common Ramping-fumitory], NHMSYS0000458960 [Hedge Bedstraw(2)], NHMSYS0000460387 [Pale Toadflax], NHMSYS0000460394 [Common Toadflax], NHMSYS0000460510 [Teaplant], NHMSYS0000460663 [Ribbed Melilot], NHMSYS0000461024 [Timothy], NHMSYS0000461214 [Common Reed], NHMSYS0000461294 [Bee Orchid], NHMSYS0000461565 [Green Alkanet(2)], NHMSYS0000461642 [Garden Parsley], NHMSYS0000461810 [Smooth Meadow-grass], NHMSYS0000462067 [Primrose], NHMSYS0000462217 [Sessile Oak], NHMSYS0000462283 [Wild Radish], NHMSYS0000462445 [Field-rose], NHMSYS0000462451, NHMSYS0000462477 [Japanese Rose], NHMSYS0000463273 [Tall Fescue(2)], NHMSYS0000463584 [Bladder Campion], NHMSYS0000464009 [Common Chickweed(2)], NHMSYS0000464161 [Dandelion(3)], NHMSYS0000464606 [Scentless Mayweed], NHMSYS0000464707(2), NHMSYS0000464828 [Common Field-speedwell(2)], NHMSYS0000464829 [Grey Field-speedwell], NHMSYS0000464896 [Early Dog-violet], NHMSYS0000465223 [Altar-lily], NHMSYS0000523323(2), NHMSYS0000840823 [Giant Blackberry], NHMSYS0001754398 [Montbretia], NHMSYS0001754674(2), NHMSYS0021118909(3), NHMSYS0021126192 [Blue Fleabane], NHMSYS0021126374 [Autumn Hawkbit], NHMSYS0021128571 [Scented Mayweed], NHMSYS0021232322 [Common Knapweed(3)], NHMSYS0100001010 [Rosebay Willowherb], NHMSYS0100001603 [Lesser Celandine], NHMSYS0100001729 [Bristly Oxtongue(3)], NHMSYS0100001785 [Bluebell], NHMSYS0100001930 [Lesser Swine-cress], NHMSYS0100002986 [Corn Parsley]`"
**ST67M**,"`NBNSYS0000002022 [Field Horsetail], NBNSYS0000002041 [Black Spleenwort], NBNSYS0000002046 [Maidenhair Spleenwort], NBNSYS0000002050 [Wall-rue], NBNSYS0000002088 [Intermediate Polypody], NBNSYS0000002185 [Bluebell], NBNSYS0000002196 [Wild Onion], NBNSYS0000002269 [Yellow Iris], NBNSYS0000002351 [Lords-and-Ladies], NBNSYS0000002358 [Common Duckweed], NBNSYS0000002467 [False Fox-sedge], NBNSYS0000002504 [Plicate Sweet-grass], NBNSYS0000002527 [Perennial Rye-grass], NBNSYS0000002544 [Annual Meadow-grass], NBNSYS0000002554, NBNSYS0000002555 [Narrow-leaved Meadow-grass], NBNSYS0000002556 [Spreading Meadow-grass], NBNSYS0000002557 [Rough Meadow-grass], NBNSYS0000002561 [Cock's-foot], NBNSYS0000002575 [Barren Brome], NBNSYS0000002600 [Wall Barley], NBNSYS0000002640 [Creeping Bent], NBNSYS0000002643 [Water Bent], NBNSYS0000002656 [Meadow Foxtail], NBNSYS0000002704 [Traveller's-joy], NBNSYS0000002708 [Meadow Buttercup], NBNSYS0000002709 [Creeping Buttercup], NBNSYS0000002717 [Greater Spearwort], NBNSYS0000002742 [Columbine], NBNSYS0000002756 [Oregon-grape], NBNSYS0000002764 [Common Poppy], NBNSYS0000002769 [Opium Poppy], NBNSYS0000002781 [Yellow Corydalis], NBNSYS0000002808 [Charlock], NBNSYS0000002811 [Annual Wall-rocket], NBNSYS0000002854 [Danish Scurvygrass], NBNSYS0000002861 [Sweet Alison], NBNSYS0000002872 [Cuckooflower], NBNSYS0000002875 [Wavy Bitter-cress], NBNSYS0000002876 [Hairy Bitter-cress], NBNSYS0000002893 [Watercress], NBNSYS0000002906 [Hedge Mustard], NBNSYS0000002913 [Thale Cress], NBNSYS0000002924 [Sweet Violet], NBNSYS0000002953 [Tutsan], NBNSYS0000002957 [Perforate St John's-wort], NBNSYS0000003022 [Common Mouse-ear], NBNSYS0000003023 [Sticky Mouse-ear], NBNSYS0000003035 [Greater Stitchwort], NBNSYS0000003044 [Procumbent Pearlwort], NBNSYS0000003111 [Common Orache], NBNSYS0000003112 [Spear-leaved Orache], NBNSYS0000003131 [Common Mallow], NBNSYS0000003157 [Cut-leaved Crane's-bill], NBNSYS0000003158 [Round-leaved Crane's-bill], NBNSYS0000003159 [Dove's-foot Crane's-bill], NBNSYS0000003162 [Herb-Robert], NBNSYS0000003176 [Procumbent Yellow-sorrel], NBNSYS0000003191 [Sycamore], NBNSYS0000003192 [Norway Maple], NBNSYS0000003193 [Field Maple], NBNSYS0000003194 [Holly], NBNSYS0000003195 [Spindle], NBNSYS0000003222 [Black Medick], NBNSYS0000003231 [Red Clover], NBNSYS0000003247 [White Clover], NBNSYS0000003252 [Lesser Trefoil], NBNSYS0000003290 [Bush Vetch], NBNSYS0000003301 [Meadow Vetchling], NBNSYS0000003322 [Raspberry], NBNSYS0000003328 [Bramble], NBNSYS0000003341 [Silverweed], NBNSYS0000003354 [Creeping Cinquefoil], NBNSYS0000003361 [Wood Avens], NBNSYS0000003412 [Blackthorn], NBNSYS0000003413 [Wild Plum], NBNSYS0000003416 [Cherry Plum], NBNSYS0000003417 [Wild Cherry], NBNSYS0000003430 [Hawthorn], NBNSYS0000003438 [Rowan], NBNSYS0000003498 [Rue-leaved Saxifrage], NBNSYS0000003513 [Red Currant], NBNSYS0000003518 [Gooseberry], NBNSYS0000003536 [Great Willowherb], NBNSYS0000003546 [Broad-leaved Willowherb], NBNSYS0000003567 [Square-stalked Willowherb], NBNSYS0000003599 [Common Evening-primrose], NBNSYS0000003604 [Enchanter's-nightshade], NBNSYS0000003626 [Dogwood], NBNSYS0000003641 [Cow Parsley], NBNSYS0000003655 [Hemlock], NBNSYS0000003673 [Stone Parsley], NBNSYS0000003684 [Ground-elder], NBNSYS0000003696 [Fool's Parsley], NBNSYS0000003710 [Hogweed], NBNSYS0000003722 [Annual Mercury], NBNSYS0000003732 [Sun Spurge], NBNSYS0000003733 [Petty Spurge], NBNSYS0000003743, NBNSYS0000003745 [Equal-leaved Knotgrass], NBNSYS0000003789 [Curled Dock], NBNSYS0000003791 [Broad-leaved Dock], NBNSYS0000003796 [Wood Dock], NBNSYS0000003804 [Pellitory-of-the-wall], NBNSYS0000003805 [Mind-your-own-business], NBNSYS0000003807 [Common Nettle], NBNSYS0000003809 [Hop], NBNSYS0000003827 [Silver Birch], NBNSYS0000003838 [Hornbeam], NBNSYS0000003839 [Hazel], NBNSYS0000003840 [Beech], NBNSYS0000003845 [Pedunculate Oak], NBNSYS0000003859 [White Willow], NBNSYS0000003949 [Ash], NBNSYS0000003951 [Wild Privet], NBNSYS0000003953 [Lesser Periwinkle], NBNSYS0000004004 [Lungwort], NBNSYS0000004012 [Field Forget-me-not], NBNSYS0000004022 [Field Bindweed], NBNSYS0000004037 [Bittersweet], NBNSYS0000004039 [Black Nightshade], NBNSYS0000004046 [Great Mullein], NBNSYS0000004060 [Snapdragon], NBNSYS0000004078 [Common Figwort], NBNSYS0000004096 [Brooklime], NBNSYS0000004103 [Wood Speedwell], NBNSYS0000004104 [Germander Speedwell], NBNSYS0000004112 [Thyme-leaved Speedwell], NBNSYS0000004115 [Wall Speedwell], NBNSYS0000004120 [Ivy-leaved Speedwell], NBNSYS0000004225 [Selfheal], NBNSYS0000004236 [Hedge Woundwort], NBNSYS0000004243 [Red Dead-nettle], NBNSYS0000004244 [White Dead-nettle], NBNSYS0000004273 [Greater Plantain], NBNSYS0000004275 [Ribwort Plantain], NBNSYS0000004300 [Field Madder], NBNSYS0000004319 [Cleavers], NBNSYS0000004324 [Elder], NBNSYS0000004333 [Honeysuckle], NBNSYS0000004346 [Red Valerian], NBNSYS0000004367 [Oxford Ragwort], NBNSYS0000004371 [Groundsel], NBNSYS0000004386 [Coltsfoot], NBNSYS0000004440 [Mexican Fleabane], NBNSYS0000004445 [Daisy], NBNSYS0000004446 [Hemp-agrimony], NBNSYS0000004451 [Yarrow], NBNSYS0000004462 [Pineappleweed], NBNSYS0000004464 [Oxeye Daisy], NBNSYS0000004469 [Mugwort], NBNSYS0000004490 [Spear Thistle], NBNSYS0000004492 [Creeping Thistle], NBNSYS0000004515 [Nipplewort], NBNSYS0000004518 [Cat's-ear], NBNSYS0000004523 [Rough Hawkbit], NBNSYS0000004534 [Prickly Lettuce], NBNSYS0000004539 [Wall Lettuce], NBNSYS0000004543 [Smooth Sow-thistle], NBNSYS0000004544 [Prickly Sow-thistle], NBNSYS0000004572 [Beaked Hawk's-beard], NBNSYS0000004576 [Smooth Hawk's-beard], NBNSYS0000004580 [Horse-chestnut], NBNSYS0000004640 [Male-fern], NBNSYS0000004649 [Least Duckweed], NBNSYS0000004652, NBNSYS0000004711 [Franchet's Cotoneaster], NBNSYS0000014093 [Common Vetch], NBNSYS0000033488 [Trailing Bellflower], NBNSYS0000042601, NBNSYS0000042602, NBNSYS0000042604, NBNSYS0000142464 [Rusty-Back Fern], NBNSYS0000142466 [Hart's-Tongue], NBNSYS0000146954 [Canadian Fleabane], NBNSYS0000146958 [Guernsey Fleabane], NBNSYS0000153184 [Yellow-Juiced Poppy], NBNSYS0000161965, NHMSYS0000455480 [Knotgrass], NHMSYS0000455754 [Garlic Mustard], NHMSYS0000455779 [Black-grass], NHMSYS0000456029 [Lesser / Wood Burdock], NHMSYS0000456083 [Horse-radish], NHMSYS0000456095 [False Oat-grass], NHMSYS0000456214, NHMSYS0000456325 [Hedge Bindweed], NHMSYS0000456330 [Large Bindweed(2)], NHMSYS0000456405 [American Winter-cress], NHMSYS0000456406 [Winter-cress], NHMSYS0000456587 [False-brome], NHMSYS0000456605 [Black Mustard], NHMSYS0000456713 [Butterfly-bush], NHMSYS0000456767 [Adria Bellflower], NHMSYS0000456781 [Shepherd's-purse], NHMSYS0000456846 [Grey Sedge], NHMSYS0000456886 [Pendulous Sedge], NHMSYS0000456981 [Fern-grass], NHMSYS0000457587 [Wall Cotoneaster], NHMSYS0000457600 [Entire-leaved Cotoneaster], NHMSYS0000457806 [Ivy-leaved Toadflax], NHMSYS0000458346 [Common Couch], NHMSYS0000458397 [American Willowherb], NHMSYS0000458403 [Hoary Willowherb], NHMSYS0000459043 [Hedgerow Crane's-bill], NHMSYS0000459243 [Persian Ivy], NHMSYS0000460248 [Field Pepperwort], NHMSYS0000460386 [Purple Toadflax], NHMSYS0000460452 [Wilson's Honeysuckle], NHMSYS0000460662 [White Melilot], NHMSYS0000460822 [Wood Forget-me-not], NHMSYS0000461024 [Timothy], NHMSYS0000461145 [Evening Primrose], NHMSYS0000461270 [Fox-and-cubs], NHMSYS0000461525 [False Virginia-creeper], NHMSYS0000461527 [Virginia-creeper], NHMSYS0000461565 [Green Alkanet], NHMSYS0000461949 [Soft Shield-fern], NHMSYS0000462335 [Japanese Knotweed], NHMSYS0000462451, NHMSYS0000464009 [Common Chickweed], NHMSYS0000464104 [Snowberry], NHMSYS0000464161 [Dandelion], NHMSYS0000464365 [Fringecups], NHMSYS0000464606 [Scentless Mayweed], NHMSYS0000464707, NHMSYS0000464763 [Keeled-fruited Cornsalad], NHMSYS0000464816 [Slender Speedwell], NHMSYS0000464828 [Common Field-speedwell], NHMSYS0000464896 [Early Dog-violet], NHMSYS0000464897 [Common Dog-violet], NHMSYS0000494763, NHMSYS0000523323, NHMSYS0000840823 [Giant Blackberry], NHMSYS0001754477 [Hybrid Black-poplar], NHMSYS0001754822 [Druce's Crane's-bill], NHMSYS0021118909, NHMSYS0021126374 [Autumn Hawkbit], NHMSYS0021232322 [Common Knapweed], NHMSYS0021240654, NHMSYS0100001010 [Rosebay Willowherb], NHMSYS0100001603 [Lesser Celandine], NHMSYS0100001729 [Bristly Oxtongue], NHMSYS0100001785 [Bluebell], NHMSYS0100001930 [Lesser Swine-cress], NHMSYS0100002292 [Welsh Poppy]`"